Accession,Species,Core_GC,codon_2,codon_3,codon_4,codon_5,codon_6,codon_7,codon_8,codon_9,codon_10,codon_11,codon_12,codon_13,codon_14,codon_15,codon_16,codon_17,codon_18,codon_19,codon_20,codon_21,codon_22,codon_23,codon_24,codon_25,codon_26,codon_27,codon_28,codon_29
GCF_001458655.1,Methanobacterium formicicum,0.443612624,0.328638498,0.322010494,0.330709749,0.339547086,0.338718586,0.369373101,0.399889533,0.396023198,0.397818282,0.412455123,0.416459542,0.405689036,0.42004971,0.423087545,0.417011875,0.420325877,0.430129798,0.417978459,0.428058547,0.419497376,0.427230047,0.416321458,0.415803288,0.42063821,0.419947507,0.434908789,0.430762852,0.418186844
GCF_022846155.1,Methanobrevibacter smithii,0.330461516,0.25280567,0.229966529,0.241976767,0.253790116,0.253396338,0.281551487,0.298483954,0.305768852,0.297893286,0.308328411,0.314825753,0.307540854,0.317582201,0.318960425,0.306753298,0.330183107,0.319944871,0.319747982,0.312856862,0.316007088,0.341602678,0.332742666,0.323685765,0.314235086,0.317188423,0.316794645,0.321716873,0.305375074
GCF_026684035.1,Methanogenium organophilum,0.517136564,0.39294644,0.426898276,0.405448085,0.429398605,0.446374523,0.462034478,0.479010396,0.476246875,0.488222134,0.501513357,0.512567443,0.499539413,0.485721806,0.500855376,0.50598763,0.505066456,0.494538755,0.507303593,0.506382419,0.506514015,0.511514673,0.50809317,0.500592183,0.505792522,0.504870985,0.503949447,0.505792522,0.507635598
GCF_019263745.1,Methanospirillum hungatei,0.43355006,0.355785297,0.394527987,0.385964912,0.386278195,0.401211362,0.404553049,0.422827903,0.421365915,0.418233083,0.419172932,0.42481203,0.421888053,0.428362573,0.435254804,0.422305764,0.430659983,0.421679198,0.435254804,0.431704261,0.428362573,0.442564745,0.43894286,0.435391204,0.435809046,0.433093074,0.432423957,0.436814048,0.430333438
GCF_019669945.1,Methanosarcina mazei,0.444159196,0.362141015,0.365164044,0.352538455,0.364274918,0.368275985,0.366497733,0.392282386,0.413977061,0.406241664,0.412732284,0.424024184,0.420734418,0.421979194,0.428469814,0.431226105,0.419756379,0.416288788,0.436232657,0.433653504,0.431100436,0.445808863,0.442783413,0.430948567,0.440202883,0.435397758,0.439697374,0.442545616,0.428215398
GCF_029232225.1,Haloferax volcanii,0.671241267,0.565530688,0.603594439,0.598762292,0.609952526,0.623431672,0.642166836,0.658697864,0.67370295,0.660308579,0.663190912,0.663784334,0.666242794,0.665564598,0.666412343,0.666751441,0.658273991,0.674126823,0.664801628,0.672346558,0.672770431,0.673957274,0.678707708,0.676587806,0.674552701,0.676842195,0.665649114,0.672008819,0.674976681
GCF_000275865.1,Methanofollis liminatans DSM 4140,0.629940241,0.47886746,0.528655451,0.505266037,0.52113254,0.530296813,0.554233347,0.568321707,0.579400903,0.585008891,0.588565176,0.596088086,0.599644371,0.616331555,0.609082205,0.599644371,0.616194775,0.601969635,0.61291205,0.606869184,0.613437329,0.631499726,0.61713191,0.621100164,0.6227422,0.616584565,0.614942529,0.626710454,0.616995074
GCF_002355655.1,Halorubrum trapanicum,0.697791682,0.595697494,0.62452872,0.632734531,0.635063207,0.671767576,0.679529829,0.696274118,0.700155245,0.689620758,0.70436904,0.693834553,0.712020404,0.690729652,0.707141273,0.703260146,0.708471945,0.703038368,0.702816589,0.699822577,0.701375028,0.709913506,0.702262142,0.70758483,0.704036372,0.701929474,0.704812597,0.707141273,0.698502496
GCF_024662215.1,Methanoplanus endosymbiosus,0.437437597,0.357525006,0.337752966,0.336822517,0.355082577,0.362758781,0.387415678,0.392416841,0.398581065,0.405210514,0.409164922,0.432077227,0.415910677,0.423703187,0.440567574,0.423586881,0.427657595,0.42928588,0.42719237,0.419516167,0.432077227,0.438822982,0.436613166,0.441730635,0.431030472,0.433391507,0.428272251,0.427574171,0.419080861
GCF_003052125.1,Methanococcus maripaludis,0.340550864,0.278930131,0.268377001,0.276928675,0.300946143,0.284024745,0.294395924,0.336426492,0.334425036,0.334061135,0.346069869,0.348253275,0.331331878,0.342066958,0.332969432,0.352074236,0.340247453,0.347351174,0.33879483,0.339705079,0.348989623,0.342071728,0.340979428,0.351174222,0.345530675,0.332969234,0.335517932,0.335517932,0.343346077
GCF_019669925.1,Methanobrevibacter arboriphilus,0.292921299,0.238801054,0.216732543,0.224967062,0.250658762,0.234683794,0.253129117,0.277503294,0.276350461,0.278820817,0.286231884,0.282938076,0.273386034,0.297924901,0.30154809,0.270256917,0.269598155,0.287055336,0.292325428,0.292490119,0.293972332,0.296113307,0.287220026,0.296936759,0.299571805,0.294795784,0.299242424,0.299242424,0.291501976
GCF_002761295.1,Methanohalophilus portucalensis,0.433779657,0.357481061,0.359532828,0.334911616,0.356218434,0.351167929,0.360953283,0.382891414,0.405460859,0.403882576,0.422348485,0.418087121,0.409722222,0.419665404,0.427083333,0.440498737,0.430555556,0.412563131,0.437973485,0.427241162,0.423453283,0.433917575,0.435970314,0.435338702,0.435970314,0.432812253,0.445444497,0.447709321,0.423064771
GCF_004803735.1,Halomicrobium mukohataei,0.668321434,0.564712883,0.599523951,0.599623128,0.606863037,0.633938312,0.639293861,0.64871566,0.659625112,0.661211941,0.656451453,0.662104532,0.65873252,0.656253099,0.665674898,0.663493008,0.657939105,0.663691362,0.657344044,0.665278191,0.669542795,0.669344441,0.663988892,0.673113161,0.664484127,0.668849206,0.662599206,0.6653766,0.662201052
GCF_002813695.1,Methanobacterium subterraneum,0.423648274,0.323605973,0.319495821,0.321276887,0.330593232,0.327716125,0.354980134,0.391286478,0.391560488,0.374434854,0.397862721,0.396355665,0.393889574,0.410741197,0.411015208,0.410741197,0.409097137,0.41649541,0.406631045,0.408275106,0.419235512,0.40594602,0.403068914,0.407727086,0.411321272,0.410087719,0.421189693,0.413240132,0.397615132
GCF_005890195.1,Natrinema pallidum,0.652383345,0.55190678,0.597457627,0.578919492,0.596398305,0.610787429,0.630737994,0.640360169,0.655102401,0.636387712,0.650600282,0.647069209,0.647863701,0.645215395,0.641066384,0.642478814,0.653248588,0.641684322,0.649982345,0.64759887,0.661899718,0.649364407,0.653336864,0.657838983,0.655543785,0.655102401,0.653951435,0.652362031,0.650591768
GCF_900036045.1,Methanoculleus bourgensis,0.619427864,0.516473529,0.5377187,0.519881845,0.519881845,0.534537605,0.551124744,0.574642127,0.570892979,0.584753465,0.603840036,0.592251761,0.592819814,0.593274256,0.60259032,0.593501477,0.6088389,0.60872529,0.604067257,0.593817479,0.626321173,0.604479309,0.609708959,0.615507049,0.623905379,0.611736609,0.606143345,0.614448237,0.621129326
GCF_900095295.1,Methanobacterium congolense,0.420126865,0.31839522,0.31839522,0.326219946,0.339450846,0.324228197,0.356665244,0.3771518,0.373737374,0.386683739,0.390951771,0.385545597,0.377436335,0.40304453,0.394508465,0.395077536,0.40048371,0.404182672,0.403613601,0.407028027,0.395530885,0.398662112,0.399231426,0.403928266,0.399373755,0.403216624,0.39695417,0.40834045,0.397523484
GCF_019669965.1,Methanoculleus chikugoensis,0.635581329,0.510810811,0.538481338,0.518790219,0.535263835,0.536550837,0.55971686,0.582754183,0.587001287,0.594723295,0.601029601,0.607979408,0.606821107,0.615057915,0.621750322,0.612870013,0.621750322,0.616731017,0.628571429,0.613899614,0.635649936,0.621364221,0.617374517,0.630888031,0.637065637,0.62046332,0.632432432,0.628185328,0.623166023
GCF_017357525.1,Methanofollis aquaemaris,0.614506975,0.469339623,0.511268344,0.486766247,0.505110063,0.518343816,0.544156184,0.566954927,0.556341719,0.578878407,0.581629979,0.584250524,0.579009434,0.596305031,0.605345912,0.595125786,0.596436059,0.593946541,0.599318658,0.601415094,0.605083857,0.605870021,0.598925577,0.611242138,0.613469602,0.598925577,0.61163522,0.613317604,0.609887228
GCF_963667985.1,uncultured Methanocorpusculum sp.,0.515147929,0.414677277,0.410079576,0.410963749,0.420689655,0.438903625,0.454818744,0.465428824,0.47780725,0.490362511,0.507161804,0.5066313,0.497966401,0.494429708,0.501856764,0.503271441,0.493545535,0.505570292,0.493545535,0.497082228,0.504509284,0.502740937,0.497612732,0.513704686,0.505923961,0.508138712,0.5,0.4987615,0.502653928
GCF_022870485.1,Halococcus dombrowskii,0.63405312,0.570939743,0.591387081,0.577115674,0.593557002,0.609330663,0.627274245,0.63486897,0.644216324,0.628526123,0.628776498,0.634785512,0.64613587,0.627441162,0.630195293,0.640210315,0.638290769,0.637372726,0.632198297,0.645295935,0.639368896,0.642040237,0.641539361,0.640621087,0.635361883,0.639619334,0.641372402,0.654729109,0.64304199
GCF_963678545.1,uncultured Methanomethylovorans sp.,0.411518387,0.361223014,0.347174879,0.340770582,0.343662845,0.360603243,0.351616569,0.373825018,0.386013842,0.389939056,0.401714699,0.397996075,0.389835761,0.411940915,0.408325586,0.414006817,0.413387047,0.395413697,0.418964983,0.40718934,0.422063836,0.417648274,0.414445133,0.417648274,0.420644761,0.404629056,0.408395368,0.410153019,0.413047974
GCF_000007345.1,Methanosarcina acetivorans C2A,0.454825095,0.367660158,0.376361768,0.354779034,0.380130182,0.372730387,0.378965399,0.396985269,0.418362453,0.409592326,0.416581021,0.427064063,0.424940048,0.42631038,0.434395341,0.438048246,0.436334978,0.434690241,0.447025768,0.433251096,0.437568531,0.446203399,0.446066338,0.448944627,0.453697992,0.445609706,0.450089127,0.44791881,0.445610425
GCF_000007065.1,Methanosarcina mazei Go1,0.446162582,0.36377694,0.372185174,0.351599497,0.363003769,0.365709868,0.374504687,0.393447376,0.419058664,0.411230308,0.412583357,0.426210496,0.422924519,0.423794337,0.42795013,0.431526046,0.430172997,0.423311105,0.441383976,0.432975742,0.435778487,0.455011114,0.442640379,0.440127573,0.437904707,0.439740988,0.440448569,0.444670149,0.432027092
GCF_025914035.1,Methanoculleus submarinus,0.639107925,0.500408163,0.534421769,0.50829932,0.525986395,0.537687075,0.554285714,0.576462585,0.583265306,0.600408163,0.604761905,0.609251701,0.606258503,0.612244898,0.622993197,0.615918367,0.624489796,0.616326531,0.63170068,0.619183673,0.631564626,0.627619048,0.622585034,0.632380952,0.631836735,0.627210884,0.634557823,0.640952381,0.636462585
GCF_000970205.1,Methanosarcina mazei S-6,0.445453231,0.362973485,0.367234848,0.351041667,0.365814394,0.366856061,0.372443182,0.390435606,0.417613636,0.414962121,0.409564394,0.427083333,0.422916667,0.425568182,0.425852273,0.430587121,0.426420455,0.422632576,0.441761364,0.43125,0.437878788,0.452367424,0.442992424,0.435984848,0.43967803,0.437215909,0.439234631,0.446560546,0.430831912
GCF_963665675.1,uncultured Methanolobus sp.,0.419378564,0.352290679,0.344918378,0.325855714,0.341232227,0.344497104,0.351132175,0.377356503,0.393364929,0.388625592,0.40073723,0.403896788,0.411269089,0.402527646,0.421695629,0.406951027,0.407793576,0.418430753,0.411690363,0.406529753,0.424012638,0.42611901,0.42011585,0.422643497,0.417693523,0.425592417,0.411901001,0.416219063,0.421379674
GCF_021233435.1,Halobacterium noricense,0.659818535,0.578977435,0.610301819,0.596877083,0.610587451,0.630676949,0.643625631,0.655907836,0.66914215,0.666571456,0.658573741,0.665619347,0.663715129,0.663619918,0.664952871,0.664762449,0.668380463,0.654479672,0.666666667,0.669427783,0.670951157,0.664476816,0.66352381,0.667238095,0.661809524,0.663904762,0.666380952,0.664,0.667142857
GCF_024508235.1,Halococcus qingdaonensis,0.658149916,0.586878154,0.598894497,0.602859889,0.616438356,0.636024994,0.650204278,0.650564768,0.671953857,0.658615717,0.665825523,0.669069935,0.666546503,0.65344869,0.666186013,0.672917418,0.667748527,0.66618584,0.657891574,0.669792042,0.669792042,0.666306046,0.672075971,0.665825219,0.658369408,0.666666667,0.67015392,0.674963925,0.676169854
GCF_000404165.1,Methanobrevibacter sp. AbM4,0.33245614,0.281103286,0.244522692,0.24041471,0.263302034,0.258020344,0.271322379,0.287949922,0.299882629,0.302816901,0.304773083,0.294796557,0.285798122,0.309859155,0.315923318,0.307511737,0.307511737,0.311032864,0.312989045,0.314162754,0.313380282,0.315532081,0.312402191,0.309663537,0.317097027,0.325704225,0.3157277,0.319835681,0.301251956
GCF_001477655.1,Methanobrevibacter millerae,0.337916126,0.257829258,0.243243243,0.243672244,0.265408265,0.255255255,0.27985128,0.291720292,0.295581296,0.2998713,0.307736308,0.317460317,0.307307307,0.317460317,0.315887316,0.318032318,0.332189332,0.328471328,0.32017732,0.334620335,0.321321321,0.336765337,0.328042328,0.328900329,0.327899328,0.322751323,0.331044349,0.329470672,0.322885359
GCF_000013725.1,Methanococcoides burtonii DSM 6242,0.423715493,0.360248447,0.335921325,0.322204969,0.35002588,0.343297101,0.352872671,0.380046584,0.388328157,0.399197723,0.405797101,0.398809524,0.402950311,0.407738095,0.421066253,0.417572464,0.4063147,0.423300971,0.416828479,0.42368932,0.419029126,0.4402589,0.415533981,0.424724919,0.424595469,0.42048692,0.418966187,0.423241353,0.415597875
GCF_963668415.1,uncultured Methanospirillum sp.,0.486642772,0.400607399,0.4307933,0.417632984,0.432725934,0.443769556,0.439260077,0.452420394,0.46061108,0.471470642,0.462267624,0.478004786,0.466869133,0.482238174,0.477820725,0.479661329,0.47542794,0.477912755,0.479569299,0.476900423,0.48021351,0.492085404,0.479477269,0.478925087,0.486655623,0.475519971,0.48012148,0.479385238,0.484354868
GCF_000011585.1,Methanococcus maripaludis S2,0.339811321,0.278825996,0.275395464,0.279969506,0.305126739,0.286258815,0.298265676,0.332952163,0.339241471,0.338479131,0.348961311,0.344768439,0.33657328,0.341909663,0.338479131,0.34743663,0.343243758,0.348016781,0.343058734,0.344393593,0.347254005,0.337909992,0.336958596,0.351650448,0.347261973,0.332188514,0.339439038,0.33428735,0.350124022
GCF_000591055.1,Natronomonas moolapensis 8.8.11,0.657460317,0.573153899,0.591097308,0.596618357,0.60605015,0.639176444,0.645272602,0.655854612,0.662985967,0.651598804,0.650678629,0.655854612,0.66379112,0.656774787,0.657119853,0.655394525,0.65320911,0.651943869,0.652403957,0.653554175,0.665286404,0.659765355,0.667701863,0.665056361,0.66252588,0.659190246,0.653199816,0.661256906,0.655501842
GCF_000011085.1,Haloarcula marismortui ATCC 43049,0.625402189,0.541599571,0.564910666,0.567901235,0.573652327,0.589908749,0.600797485,0.610919408,0.616823863,0.618127444,0.625028755,0.622421593,0.622114868,0.616900544,0.624568668,0.625479368,0.613591042,0.616045406,0.624942476,0.628624022,0.625862862,0.633456052,0.623485197,0.622554661,0.624702723,0.617403315,0.620319214,0.631062001,0.62407919
GCF_001563245.1,Methanobrevibacter olleyae,0.307814992,0.261179405,0.223053626,0.236237306,0.247995724,0.232674149,0.258150722,0.289506503,0.283983609,0.290753608,0.29057545,0.287368609,0.282023873,0.295920185,0.290219134,0.286655977,0.284339925,0.290219134,0.2814894,0.305718867,0.301799394,0.303224657,0.299305184,0.302868341,0.311776234,0.305006236,0.29716729,0.301264921,0.286299662
GCF_019633745.1,Methanofollis formosanus,0.625418825,0.477494611,0.529986053,0.505895778,0.519335616,0.523392925,0.552428046,0.568276911,0.562698111,0.585520477,0.594903005,0.597692405,0.59147965,0.602764042,0.606440979,0.601622924,0.606060606,0.60251046,0.619880817,0.608850006,0.610878661,0.619500444,0.614935971,0.612526943,0.620134398,0.610244706,0.620261189,0.617833587,0.621004566
GCF_000025685.1,Haloferax volcanii DS2,0.668584619,0.566808015,0.593165378,0.594745157,0.608381142,0.620021618,0.640558743,0.651866633,0.672902636,0.654111582,0.658185749,0.662426208,0.664504864,0.66126216,0.66591835,0.667498129,0.651617195,0.660430698,0.662259915,0.673235221,0.671988027,0.671073418,0.66724869,0.669576786,0.673650952,0.671406003,0.664837449,0.671324019,0.67656354
GCF_000013445.1,Methanospirillum hungatei JF-1,0.464757873,0.3747785,0.411104548,0.397912975,0.409529435,0.423508565,0.424296121,0.436011026,0.44319748,0.437783028,0.441622367,0.461311282,0.448316598,0.453435716,0.468694625,0.442705257,0.445166371,0.451565269,0.459047057,0.46406773,0.458850167,0.465741288,0.459243946,0.462492617,0.460228391,0.457964166,0.446544595,0.458948612,0.455834564
GCF_000009185.1,Haloquadratum walsbyi DSM 16790,0.489917942,0.465371719,0.46178749,0.467452885,0.493120592,0.493929934,0.49231125,0.508382472,0.50017343,0.510694878,0.508498092,0.508729333,0.509769916,0.506070066,0.507226269,0.508266852,0.50757313,0.510348017,0.506879408,0.497745404,0.507341889,0.510579258,0.511041739,0.496473581,0.505607585,0.512776043,0.501272265,0.504223071,0.501446257
GCF_000015825.1,Methanoculleus marisnigri JR1,0.63904974,0.502366464,0.533603786,0.509263016,0.524408384,0.536443543,0.550507099,0.576470588,0.582014875,0.600135227,0.602163624,0.607843137,0.608248817,0.614469236,0.622718053,0.614874915,0.622177147,0.614739689,0.629749831,0.616227181,0.632995267,0.626098715,0.622988506,0.632454361,0.632995267,0.628532792,0.634212306,0.641108857,0.636511156
GCF_000016125.1,Methanococcus maripaludis C5,0.339599789,0.287165775,0.273796791,0.284848485,0.29714795,0.290909091,0.304991087,0.332085561,0.339037433,0.337611408,0.356327986,0.341354724,0.335294118,0.337611408,0.332976827,0.346702317,0.348128342,0.353475936,0.348663102,0.338680927,0.358110517,0.340285205,0.342959002,0.345276292,0.350802139,0.330481283,0.340641711,0.340819964,0.349376114
GCF_000281695.1,Natrinema sp. J7-2,0.651433418,0.554639723,0.595054507,0.582380573,0.594256847,0.604803687,0.631924134,0.638216786,0.651599752,0.635114774,0.649915803,0.649206771,0.648409111,0.643534521,0.640875654,0.642641844,0.647512636,0.645118383,0.648754101,0.649197482,0.65238982,0.649818214,0.656202891,0.654961426,0.652744524,0.65487275,0.650971003,0.650971003,0.648931453
GCF_000015765.1,Methanocorpusculum labreanum Z,0.519251193,0.400516796,0.405869324,0.396271687,0.42155777,0.42469546,0.453672942,0.46271687,0.480989295,0.495939461,0.49852344,0.517534145,0.503875969,0.488002953,0.49981543,0.510335917,0.505537099,0.506090808,0.489848653,0.509597638,0.513104467,0.511074197,0.50147656,0.508859358,0.508674788,0.510335917,0.511443337,0.515134736,0.493724622
GCF_000022205.1,Halorubrum lacusprofundi ATCC 49239,0.656518152,0.557547343,0.584758228,0.596433168,0.594043023,0.613256113,0.637617209,0.644787645,0.650763008,0.642765214,0.650119507,0.647361647,0.655359441,0.654991726,0.65471594,0.656462585,0.652050009,0.664644236,0.649108292,0.661978305,0.660047803,0.654899798,0.661334804,0.663816092,0.654249448,0.665470604,0.653141963,0.660686356,0.65443003
GCF_000016525.1,Methanobrevibacter smithii ATCC 35061,0.329082728,0.256120527,0.229378531,0.241996234,0.255367232,0.24519774,0.27740113,0.302824859,0.305084746,0.298681733,0.303766478,0.307532957,0.303766478,0.324105461,0.316760829,0.302071563,0.331638418,0.320903955,0.313925005,0.313736574,0.315809308,0.334087055,0.328434144,0.322027511,0.315432448,0.321085359,0.310721688,0.319954777,0.303561334
GCF_000018465.1,Nitrosopumilus maritimus SCM1,0.346003661,0.353073593,0.294545455,0.316017316,0.320692641,0.321731602,0.322077922,0.33974026,0.321558442,0.346839827,0.337835498,0.352727273,0.345281385,0.341818182,0.341471861,0.347359307,0.343722944,0.337835498,0.348051948,0.347705628,0.341645022,0.349090909,0.344935065,0.352727273,0.338874459,0.355497835,0.339047619,0.347705628,0.342510823
GCF_000023965.1,Halomicrobium mukohataei DSM 12286,0.668421247,0.564208456,0.599901672,0.599115044,0.606686332,0.634218289,0.638249754,0.648377581,0.659292035,0.66086529,0.655555556,0.663421829,0.65840708,0.655063913,0.667748279,0.663225172,0.65712881,0.662831858,0.657423795,0.665388397,0.669813176,0.66922396,0.663224157,0.672568113,0.664108619,0.667355372,0.662239276,0.665682512,0.663222124
GCF_000021965.1,Methanosphaerula palustris E1-9c,0.574313168,0.441079812,0.474530516,0.466431925,0.486737089,0.477816901,0.496361502,0.51842723,0.529342723,0.539671362,0.545657277,0.544835681,0.557042254,0.556220657,0.556103286,0.557981221,0.552189738,0.552189738,0.565574733,0.554028659,0.561626131,0.561978616,0.557983786,0.571260721,0.565855951,0.564446011,0.567500881,0.562529384,0.565937941
GCF_013388255.1,Methanolobus zinderi,0.459282379,0.37023045,0.366452588,0.345800277,0.375015741,0.369348948,0.376526886,0.395164337,0.41757965,0.424379801,0.425639088,0.439617177,0.432565168,0.438861604,0.447550686,0.436091172,0.444402468,0.437224531,0.441380179,0.444906183,0.443395038,0.45019519,0.444654326,0.458254628,0.456995341,0.449817403,0.452335978,0.44918776,0.454476766
GCF_000025625.1,Natrialba magadii ATCC 43099,0.625244989,0.540155852,0.565919211,0.562897583,0.578085242,0.58778626,0.594306616,0.617127863,0.616889313,0.615696565,0.619513359,0.612118321,0.617684478,0.619115776,0.61696883,0.621421756,0.620944656,0.617923028,0.61696883,0.626908397,0.628021628,0.620388041,0.62476145,0.623091603,0.619115776,0.614503817,0.629850509,0.625954198,0.620388041
GCF_000327485.1,Methanoregula formicica SMSP,0.569678582,0.48061474,0.49854465,0.488531843,0.489230411,0.498661078,0.505996041,0.534753755,0.531377343,0.538712306,0.546978694,0.560251484,0.550820817,0.551402957,0.560600768,0.562347188,0.563278612,0.556409361,0.569565724,0.561532192,0.563744324,0.573873559,0.552450809,0.567353592,0.569682152,0.574106415,0.559552917,0.565374316,0.569100012
GCF_003990725.2,Halorubrum sp. PV6,0.677818463,0.569558101,0.607201309,0.611238407,0.620840153,0.641243863,0.660992908,0.669721768,0.683578833,0.668194217,0.671140207,0.673104201,0.678996181,0.678232406,0.678123295,0.68314239,0.682705947,0.681942171,0.679541735,0.678341517,0.678450627,0.687397709,0.680523732,0.680087289,0.676813966,0.688707038,0.677908754,0.683802663,0.672888016
GCF_000223905.1,Haloarcula hispanica ATCC 33960,0.640572877,0.551629267,0.570458258,0.572521709,0.587567707,0.59676726,0.611727281,0.622560399,0.625741553,0.62703121,0.639497894,0.632275815,0.633823403,0.629266615,0.640357665,0.6357149,0.622302468,0.633995357,0.633565472,0.638982031,0.638638122,0.640701573,0.635199037,0.638974888,0.636480908,0.637254902,0.639662883,0.641984864,0.6375129
GCF_000024185.1,Methanobrevibacter ruminantium M1,0.37254771,0.284772182,0.254046763,0.253297362,0.269934053,0.268585132,0.291816547,0.316846523,0.316396882,0.323441247,0.32883693,0.332733813,0.323441247,0.336630695,0.338129496,0.340977218,0.340227818,0.345323741,0.346223022,0.354166667,0.354166667,0.352817746,0.354016787,0.353866906,0.36001199,0.358824411,0.358524516,0.351327036,0.351027141
GCF_000828535.1,Methanococcus maripaludis KA1,0.340649034,0.280746395,0.269041561,0.276166243,0.301272265,0.282103478,0.292281595,0.333163698,0.33129771,0.332654792,0.345377439,0.348430874,0.329262087,0.344529262,0.333672604,0.347921968,0.338422392,0.341310251,0.337576375,0.337746096,0.33910387,0.33604888,0.337915818,0.353360489,0.346401901,0.33401222,0.343856076,0.338424983,0.338255261
GCF_000828555.1,Methanococcus maripaludis OS7,0.340658683,0.278981582,0.269050199,0.277175876,0.300469484,0.283315276,0.294691224,0.337125316,0.333875045,0.333875045,0.346153846,0.347598411,0.331527627,0.342361863,0.333513904,0.351751535,0.340375587,0.347244806,0.338030714,0.339114724,0.347786811,0.34200542,0.340740741,0.352484192,0.345980126,0.332610659,0.335320687,0.335320687,0.343089431
GCF_000196655.1,Methanohalobium evestigatum Z-7303,0.379857482,0.333056478,0.324889258,0.319629014,0.321982281,0.314368771,0.320182724,0.340946844,0.354512735,0.350498339,0.364479513,0.366694352,0.360741971,0.364479513,0.381782946,0.374861573,0.370847176,0.364341085,0.367109635,0.362541528,0.376245847,0.37555371,0.373217006,0.382218529,0.38348573,0.37309504,0.375588806,0.381427581,0.381150381
GCF_003856835.1,Haloplanus aerogenes,0.669167359,0.58890116,0.619271121,0.605006442,0.620283453,0.635928585,0.642002577,0.654886803,0.666298546,0.661328916,0.665194184,0.669243512,0.669427572,0.666850727,0.673016749,0.670531934,0.66813915,0.666942757,0.663813731,0.674765323,0.671912387,0.670347874,0.67310878,0.679550893,0.667034787,0.669611633,0.666942757,0.667771029,0.666850727
GCF_018200015.1,Haloarcula sinaiiensis ATCC 33800,0.62124664,0.542424907,0.56062267,0.563326756,0.572316013,0.59146386,0.597675948,0.607176789,0.611196375,0.610830958,0.616750713,0.614850544,0.616750713,0.614046627,0.618943214,0.614996711,0.606592122,0.612731126,0.617408463,0.621281883,0.623985968,0.629394139,0.61711613,0.619883041,0.621637427,0.613377193,0.620394737,0.627111209,0.623372824
GCF_000217995.1,Methanosalsum zhilinae DSM 4017,0.409206005,0.326069011,0.320290573,0.312035661,0.328380386,0.327389797,0.336140003,0.358593363,0.374442793,0.375103186,0.387320456,0.377909856,0.38038633,0.389631831,0.397886743,0.391943206,0.405351833,0.39362405,0.398414272,0.400891972,0.390981169,0.401586515,0.405057015,0.411832755,0.398942324,0.401751777,0.408362254,0.411871693,0.395667989
GCF_000147875.1,Methanolacinia petrolearia DSM 11571,0.491586183,0.37654321,0.392331434,0.366809117,0.393281102,0.3918566,0.416666667,0.430674264,0.447293447,0.446818613,0.447768281,0.462369421,0.463319088,0.472222222,0.47542735,0.474952517,0.472815764,0.464031339,0.476851852,0.484924027,0.482905983,0.484805318,0.482431149,0.489553656,0.489553656,0.486348528,0.485636277,0.478988604,0.483855651
GCF_004799685.1,Halobellus limi,0.671355482,0.571000273,0.601526301,0.591350958,0.616698465,0.634687017,0.650949396,0.655946216,0.672026892,0.658762606,0.665939856,0.661306441,0.672208595,0.664122831,0.668211138,0.671390933,0.667756882,0.669846461,0.663577723,0.671390933,0.670391569,0.673843918,0.679480189,0.666484915,0.670665213,0.670483461,0.669847328,0.670574337,0.674482007
GCF_030296735.1,Methanobacterium petrolearium,0.401852656,0.325610837,0.308773262,0.322192683,0.32763641,0.327130016,0.351310292,0.374730979,0.373085201,0.378528928,0.384099253,0.393720724,0.36941385,0.393720724,0.4029624,0.395010132,0.397289767,0.398809524,0.395263425,0.39121074,0.400582573,0.39121074,0.391084093,0.40248227,0.400455927,0.385131712,0.398302938,0.400329281,0.379812563
GCF_030296715.1,Methanobacterium ferruginis,0.397758128,0.321822713,0.306040109,0.325738697,0.337723982,0.320398718,0.350302599,0.374391836,0.371306515,0.375103833,0.378189154,0.385902456,0.371899846,0.3917171,0.387226971,0.383309592,0.391263058,0.395655271,0.395417854,0.397079772,0.398266857,0.389482431,0.392568851,0.394252464,0.391046194,0.386414915,0.391639948,0.388552428,0.380239876
GCF_025998175.1,Nitrosopumilus zosterae,0.345963047,0.342273308,0.292943806,0.307471264,0.30715198,0.316890166,0.31784802,0.336685824,0.324074074,0.344189017,0.343231162,0.347701149,0.340197957,0.339399745,0.341475096,0.346902937,0.33908046,0.338761175,0.345306513,0.34243295,0.343235905,0.352339882,0.345152532,0.350582974,0.339402651,0.335090241,0.333173614,0.345163869,0.353796962
GCF_002906575.1,Salinigranum rubrum,0.668914839,0.572416085,0.613825191,0.61143237,0.617480891,0.635825856,0.647191758,0.655034895,0.664606181,0.660884015,0.661548687,0.661881024,0.667530741,0.66633433,0.666467265,0.665736125,0.665536723,0.66560319,0.668594217,0.668328348,0.668793619,0.668993021,0.666334264,0.671720194,0.66320899,0.673914489,0.670190837,0.670257331,0.663408471
GCF_000237865.1,Haloquadratum walsbyi C23,0.489589006,0.465071878,0.456536388,0.463948787,0.482030548,0.48416442,0.488095238,0.505727763,0.509433962,0.512690925,0.504716981,0.507973944,0.510444744,0.501010782,0.510332435,0.50853549,0.510444744,0.51212938,0.505390836,0.492978317,0.509380968,0.507920458,0.508819234,0.497472194,0.506572295,0.504325357,0.495674643,0.50162903,0.495000562
GCF_001027005.1,Methanosarcina barkeri CM1,0.424667431,0.366905838,0.353529985,0.339888387,0.357870493,0.355833112,0.358490566,0.377624236,0.390645761,0.395872088,0.39693507,0.408893613,0.405704668,0.401009833,0.419169103,0.411019577,0.409090909,0.406609959,0.413521177,0.416378623,0.425,0.417309568,0.420104693,0.423790502,0.421417155,0.428013145,0.4257285,0.422820581,0.416377701
GCF_000328525.1,Halovivax ruber XH-70,0.653685725,0.562767781,0.606255356,0.592009426,0.60454156,0.618894602,0.634425878,0.646208226,0.651670951,0.657562125,0.649957155,0.646529563,0.656276778,0.655205656,0.666023993,0.658204799,0.653384747,0.651242502,0.655955441,0.651670951,0.654134533,0.66066838,0.657880639,0.646094503,0.656916318,0.658952105,0.648344584,0.648558877,0.65851828
GCF_000328665.1,Methanomethylovorans hollandica DSM 15978,0.435068546,0.382178468,0.358828726,0.339391645,0.359207371,0.36678026,0.37725609,0.389246498,0.406790357,0.403887416,0.412343809,0.421052632,0.41183895,0.416887543,0.429887669,0.423450713,0.432159536,0.41840212,0.440237284,0.426227439,0.435062476,0.434936262,0.428535354,0.431818182,0.428409091,0.431439394,0.440530303,0.435858586,0.432360743
GCF_000214725.1,Methanobacterium paludis,0.389160391,0.307082308,0.299015587,0.297101449,0.321575062,0.307219032,0.331009024,0.355756084,0.354799016,0.360404703,0.366557287,0.37298332,0.353568499,0.377085042,0.372162975,0.374350561,0.377358491,0.378725731,0.3796828,0.375854526,0.374760733,0.369565217,0.376264698,0.38269073,0.374760733,0.38200711,0.383100902,0.383647799,0.369291769
GCF_013415905.1,Halosimplex pelagicum,0.677985507,0.585512299,0.624959649,0.613854994,0.626444574,0.647943702,0.659306605,0.676673768,0.677642198,0.670798631,0.672218994,0.678352379,0.678546065,0.676221835,0.680741171,0.681580476,0.672606366,0.683840145,0.678287817,0.688553167,0.687391052,0.687584738,0.686228937,0.688036671,0.679839855,0.688299109,0.689138577,0.684941237,0.684621843
GCF_013415885.1,Halosimplex rubrum,0.685077438,0.595655431,0.634681648,0.619475655,0.636254682,0.65340824,0.667565543,0.683970037,0.684719101,0.682546816,0.682696629,0.689812734,0.683520599,0.684794007,0.692665018,0.685397468,0.68217577,0.690417322,0.684573312,0.695961639,0.691691017,0.694088559,0.688694089,0.694163482,0.689148681,0.694325763,0.69560003,0.688778952,0.690577918
GCF_000191585.1,Methanobacterium lacus,0.38409768,0.29846804,0.296487058,0.283148442,0.318013735,0.297147385,0.324881141,0.349709456,0.350633914,0.354860011,0.3598785,0.361463286,0.347068146,0.367934496,0.367538299,0.364236661,0.365557316,0.37308505,0.3598785,0.368066561,0.364104596,0.367274168,0.377707343,0.366349709,0.385367142,0.372424723,0.373629277,0.373893513,0.359624785
GCF_000243255.1,Methanoplanus limicola DSM 2279,0.436933885,0.354554358,0.340080531,0.339427576,0.360757427,0.360104473,0.388943302,0.403852432,0.413973229,0.416693873,0.415170312,0.422570465,0.411905539,0.423767548,0.433126564,0.422026336,0.419196866,0.427358799,0.432908913,0.430079443,0.439111982,0.431711829,0.439656111,0.438023724,0.430079443,0.43247361,0.435194254,0.430546484,0.437295885
GCF_963677065.1,uncultured Methanoregula sp.,0.563884828,0.457252326,0.479912425,0.470717022,0.486808976,0.479802956,0.494362343,0.513191024,0.51954023,0.530596606,0.53015873,0.542309797,0.545374932,0.551067323,0.544608648,0.544499179,0.541064389,0.559461235,0.560665791,0.549715287,0.554314498,0.565703022,0.555847569,0.561432326,0.55781866,0.554314498,0.550700832,0.551029347,0.547306176
GCF_020700235.1,Haladaptatus pallidirubidus,0.581663296,0.518223176,0.531002402,0.50544395,0.528906609,0.545212902,0.548637734,0.568828912,0.567857691,0.567602106,0.570975822,0.576905383,0.580892501,0.570873588,0.573378316,0.580688034,0.574860706,0.572969381,0.575269642,0.581543967,0.582055215,0.576366518,0.574270082,0.57824486,0.57814258,0.576901437,0.576836505,0.578575813,0.575250665
GCF_019823105.1,Halobaculum magnesiiphilum,0.686878655,0.603965702,0.617809932,0.637638442,0.647106109,0.667738478,0.674347981,0.688370847,0.692926045,0.6886388,0.691318328,0.693908539,0.696141479,0.685602001,0.69721329,0.693729904,0.694801715,0.697838514,0.695694891,0.697570561,0.693461951,0.698650943,0.698829626,0.700080407,0.692933083,0.698293576,0.696238721,0.695166622,0.689984812
GCF_002355635.1,Halopenitus persicus,0.671969977,0.584302004,0.612421123,0.608989262,0.610317724,0.638879663,0.643750692,0.655928263,0.666113141,0.664673973,0.66290269,0.670652054,0.674526735,0.666666667,0.669877117,0.671869811,0.663345511,0.671759106,0.661352817,0.664673973,0.678954943,0.670319938,0.667109487,0.68615078,0.675080261,0.678512122,0.673311185,0.672205605,0.67630442
GCF_000220645.1,Methanococcus maripaludis X1,0.339666468,0.27956413,0.269381922,0.279742765,0.300643087,0.28331547,0.298320829,0.33458378,0.332797428,0.336548767,0.350839586,0.351554126,0.330653805,0.341014648,0.333333333,0.346016434,0.339764202,0.341376229,0.338873995,0.342984808,0.347274352,0.339946381,0.336907954,0.3487042,0.345844504,0.330652368,0.343699732,0.333154602,0.342984808
GCF_002788215.1,Halohasta litchfieldiae,0.60537977,0.509826929,0.536912095,0.539258825,0.548450181,0.571624132,0.575535348,0.592842476,0.597731495,0.594504742,0.59655813,0.599295981,0.598709299,0.598415958,0.605749487,0.600078224,0.59147355,0.599198201,0.600156495,0.600547731,0.593505477,0.608568075,0.601036776,0.618139125,0.612953723,0.608257509,0.612562372,0.605108632,0.607261695
GCF_024498335.1,Halobellus inordinatus,0.65430038,0.565921267,0.57791754,0.588749126,0.602375961,0.618448637,0.631493128,0.645003494,0.65676683,0.643722339,0.65583508,0.656300955,0.657116236,0.651758677,0.66200792,0.654903331,0.649662241,0.654437456,0.651059865,0.653389238,0.652806895,0.657698579,0.65152574,0.654670394,0.661425577,0.659562078,0.643139995,0.657465642,0.650826928
GCF_000304355.2,Methanoculleus bourgensis MS2,0.623582474,0.49754439,0.526633925,0.501322252,0.506359401,0.523989422,0.543634303,0.570457121,0.570457121,0.582168493,0.602946732,0.596650296,0.599546657,0.593376149,0.60609495,0.596524367,0.608865382,0.608235739,0.609998741,0.594761365,0.626369475,0.605969022,0.616924821,0.613398816,0.624480544,0.613272888,0.604080091,0.614909961,0.618310037
GCF_000299365.1,Candidatus Nitrosopumilus koreensis AR1,0.346719002,0.344327836,0.300849575,0.318174246,0.317841079,0.324670998,0.328835582,0.334999167,0.324171248,0.349825087,0.34549392,0.353489922,0.346326837,0.347326337,0.344661003,0.349491921,0.341662502,0.346326837,0.350991171,0.351157754,0.344327836,0.351657505,0.343828086,0.349825087,0.3425,0.347,0.347333333,0.350166667,0.350833333
GCF_000299395.1,Candidatus Nitrosopumilus sediminis,0.341228409,0.329649207,0.292487586,0.309466603,0.306423194,0.313631267,0.313631267,0.319237546,0.320999519,0.340541406,0.351914144,0.336536921,0.336376742,0.330610284,0.339259971,0.345186609,0.334614769,0.33157136,0.341502483,0.333333333,0.341983021,0.343424636,0.347268941,0.350792888,0.332532436,0.347749479,0.345186609,0.33958033,0.350792888
GCF_000404225.1,Candidatus Methanomassiliicoccus intestinalis Issoire-Mx1,0.423061551,0.376036036,0.375135135,0.363603604,0.388828829,0.38018018,0.403783784,0.406666667,0.406846847,0.422882883,0.424144144,0.443603604,0.431711712,0.42018018,0.42954955,0.434594595,0.41981982,0.43009009,0.411351351,0.427927928,0.420540541,0.424324324,0.433873874,0.425045045,0.427387387,0.431531532,0.425765766,0.43009009,0.425405405
GCF_030518575.1,Candidatus Nitrosotenuis chungbukensis,0.428123559,0.40773311,0.372417644,0.377303183,0.395030709,0.39852038,0.406197655,0.412758236,0.418202122,0.411362367,0.42001675,0.423506421,0.424064768,0.422948074,0.427973199,0.420156337,0.423925181,0.425080296,0.425499232,0.423125262,0.425638877,0.432341852,0.411846885,0.436574462,0.41897178,0.431824532,0.421486449,0.429868678,0.427113906
GCF_000802205.1,Candidatus Nitrosocosmicus oleophilus,0.360704509,0.328552538,0.302410742,0.306784661,0.310243109,0.314820466,0.331705829,0.326619876,0.335571152,0.333333333,0.343810396,0.341267419,0.351235886,0.348489472,0.348794629,0.355711525,0.347167124,0.34981182,0.347065405,0.351846201,0.345031024,0.342182891,0.346658529,0.346861967,0.342894924,0.361814668,0.356525277,0.356016682,0.349099786
GCF_025231485.1,Salinirubellus salinus,0.693784843,0.60504076,0.64423005,0.640939346,0.656944133,0.668536385,0.682521876,0.690150325,0.693665395,0.694488071,0.698227507,0.69336624,0.696208212,0.69747962,0.698377085,0.701817366,0.694039339,0.696582155,0.694936804,0.699573704,0.697255254,0.687981452,0.700097225,0.702116521,0.693291452,0.702872531,0.690828845,0.696214841,0.703022142
GCF_902383905.1,Candidatus Methanomassiliicoccus intestinalis,0.422901679,0.375832883,0.376193049,0.36358725,0.388438682,0.379074374,0.403925806,0.407527463,0.407887628,0.423915001,0.426616243,0.440842788,0.43147848,0.421213758,0.429857735,0.432558977,0.42067351,0.426976409,0.411309202,0.428417072,0.419773096,0.423915001,0.431838646,0.425175581,0.428056906,0.431838646,0.427876823,0.430758149,0.425895912
GCF_000812185.1,Candidatus Nitrosopelagicus brevis,0.334462688,0.334475668,0.283070596,0.299291752,0.302947224,0.31459904,0.318254512,0.329449395,0.331734064,0.349097555,0.339273475,0.339501942,0.3335618,0.34270048,0.339273475,0.349554489,0.338816541,0.345670551,0.358693169,0.333333333,0.334018734,0.332647932,0.339730409,0.344299749,0.342243546,0.333790267,0.34041581,0.339730409,0.351839159
GCF_000504565.1,Haloarcula hispanica N601,0.640028736,0.551189865,0.570107858,0.57259031,0.586800205,0.596815614,0.611795925,0.622324944,0.62549221,0.627375449,0.639274097,0.632083547,0.633367574,0.628745078,0.640900531,0.635422017,0.62164013,0.634223592,0.633281972,0.638332477,0.638589283,0.640472522,0.635165211,0.639438308,0.63584211,0.636612724,0.639438308,0.64175015,0.637040843
GCF_000969945.1,Methanosarcina sp. Kolksee,0.431820375,0.360365151,0.355401932,0.33439688,0.35717451,0.359744749,0.359124346,0.38651068,0.399273243,0.400159532,0.40521138,0.411504033,0.412744837,0.414074271,0.423025791,0.411238146,0.413631126,0.41256758,0.418085106,0.422251773,0.420856611,0.422364104,0.424669682,0.422186752,0.420613802,0.43170126,0.428241973,0.432259782,0.420193417
GCF_000970045.1,Methanosarcina sp. MTP4,0.498019657,0.388189277,0.393150162,0.367677924,0.394581187,0.392196146,0.400209884,0.433791261,0.438275138,0.440183171,0.447242893,0.462125549,0.456019844,0.450868155,0.46804045,0.468803663,0.46164854,0.465464606,0.471951918,0.472047319,0.470425491,0.482446098,0.483729363,0.484058801,0.48768614,0.479805213,0.478468443,0.486966485,0.485056813
GCF_000970005.1,Methanosarcina sp. WH1,0.449181829,0.359988453,0.370862202,0.352578907,0.372401848,0.362875289,0.365762125,0.400115473,0.412047729,0.40973826,0.415415704,0.429753657,0.42734796,0.429946112,0.43321786,0.430234796,0.430715935,0.426990086,0.428337665,0.430455289,0.438540764,0.441490899,0.437253202,0.444476548,0.448265896,0.441457069,0.449648261,0.436957779,0.440458972
GCF_000969965.1,Methanosarcina sp. WWM596,0.446341114,0.36150108,0.369600432,0.35862131,0.36987041,0.362670986,0.367800576,0.398218143,0.415586753,0.407217423,0.413156947,0.427195824,0.418556515,0.424046076,0.427195824,0.425395968,0.42542083,0.424995498,0.426796326,0.429497569,0.432018729,0.438079798,0.436458615,0.442612613,0.443002613,0.43690283,0.446998378,0.431006494,0.437950938
GCF_000970325.1,Methanococcoides methylutens MM1,0.461008084,0.377931233,0.357646382,0.343691555,0.365702777,0.367141419,0.375197813,0.4069918,0.417206157,0.426413466,0.426701194,0.433318947,0.434901453,0.438785786,0.449719465,0.449287872,0.445691267,0.438066465,0.448280823,0.447129909,0.454466983,0.457344267,0.450007193,0.458495181,0.453891526,0.449431736,0.457685665,0.454663212,0.456102476
GCF_000970065.1,Methanosarcina barkeri 227,0.425153932,0.366435925,0.351792687,0.339634363,0.357738729,0.354188853,0.361199858,0.380191693,0.396964856,0.399804757,0.401845935,0.406638268,0.410188143,0.400425985,0.417842876,0.412072792,0.408877053,0.412605415,0.417132712,0.4168664,0.422458944,0.414735908,0.422328804,0.4224,0.417422222,0.428977778,0.425155556,0.424,0.416110963
GCF_000970305.1,Methanosarcina barkeri 3,0.424432091,0.351275286,0.355145119,0.332541777,0.346174142,0.346437995,0.357343887,0.382058047,0.390061566,0.390325418,0.400615655,0.400527704,0.408883026,0.402814424,0.412576957,0.405540897,0.415215479,0.403078276,0.417062445,0.416622691,0.420492524,0.413632366,0.420955397,0.414093428,0.414005454,0.422626902,0.431424298,0.427553444,0.420802534
GCF_000970025.1,Methanosarcina barkeri MS,0.424805324,0.367636684,0.345326279,0.335978836,0.363227513,0.358201058,0.362169312,0.376190476,0.394356261,0.400088183,0.394532628,0.409700176,0.406084656,0.400529101,0.416666667,0.407671958,0.414991182,0.408994709,0.424867725,0.420393402,0.423127812,0.415894858,0.422333951,0.412694209,0.42381709,0.429227373,0.425253863,0.423576159,0.420309051
GCF_000969985.1,Methanosarcina barkeri str. Wiesmoor,0.423998059,0.355137099,0.350346878,0.342583416,0.35662372,0.349686158,0.35555005,0.380905187,0.39139412,0.394862901,0.398331682,0.397423191,0.402626363,0.407251404,0.413280476,0.404195573,0.410821974,0.407269723,0.419826518,0.418091698,0.418917803,0.415695993,0.417843866,0.420509007,0.418773756,0.424663195,0.428382511,0.41697661,0.418794942
GCF_000970285.1,Methanosarcina horonobensis HB-1 = JCM 15518,0.442162257,0.359054648,0.370386938,0.34511295,0.373891001,0.366733766,0.37814061,0.398643107,0.411913815,0.407216879,0.418921941,0.421904123,0.416983523,0.418996496,0.42153135,0.426824722,0.42235145,0.425577927,0.430201342,0.432460655,0.435019397,0.440987765,0.438250877,0.433997463,0.439319301,0.438199731,0.440140319,0.437080161,0.442304822
GCF_000970265.1,Methanosarcina lacustris Z-7289,0.449208508,0.360162131,0.364408415,0.356108859,0.364794441,0.366435051,0.368268674,0.405423663,0.417293959,0.409573441,0.416135881,0.42955028,0.424531944,0.430708357,0.441034549,0.420671685,0.431701902,0.433342987,0.440389999,0.430446954,0.445249131,0.443704133,0.434916956,0.446537236,0.445184971,0.443349754,0.445861103,0.445764513,0.441256039
GCF_000970245.1,Methanosarcina mazei C16,0.447090291,0.363213811,0.365680137,0.350407892,0.360652628,0.363593246,0.37184595,0.389299943,0.41927528,0.410548283,0.415575792,0.425820527,0.419749573,0.424871941,0.427527983,0.4348321,0.424302789,0.424682223,0.438247012,0.43274521,0.437013849,0.450294062,0.44118763,0.435780687,0.439575033,0.44261051,0.435933941,0.445077376,0.431216178
GCF_000970225.1,Methanosarcina mazei LYC,0.445274007,0.367649839,0.36831159,0.354320287,0.363017584,0.363490263,0.371903952,0.395254301,0.416430327,0.415390433,0.412270751,0.422858763,0.423142371,0.42701834,0.424560408,0.435432029,0.424654944,0.423804122,0.43675553,0.434675742,0.437700889,0.449706939,0.44469654,0.441387786,0.440536964,0.43788996,0.43858156,0.444948922,0.433314415
GCF_000970185.1,Methanosarcina mazei SarPi,0.447604178,0.36286301,0.372738829,0.348195952,0.365894202,0.363547472,0.370978782,0.397770607,0.414197712,0.412046543,0.417522245,0.424953554,0.426811382,0.42378019,0.425344676,0.435807177,0.427006942,0.42133568,0.44157622,0.437567224,0.434731593,0.452527623,0.444607412,0.436687201,0.440434272,0.4396518,0.440074357,0.446238137,0.434008414
GCF_025035885.1,Methanosarcina mazei TMA,0.444699239,0.361485879,0.366792589,0.353480842,0.36490376,0.369131139,0.367512142,0.39422558,0.411944594,0.406727829,0.413653535,0.42183846,0.422917791,0.42417701,0.429573664,0.433801043,0.422108293,0.41716136,0.435869761,0.432721713,0.433890988,0.445074224,0.443904633,0.432928475,0.439136302,0.43625731,0.440964723,0.443214543,0.428185745
GCF_000970165.1,Methanosarcina mazei WWM610,0.447175421,0.36643572,0.368264049,0.350654349,0.361816782,0.366339492,0.374518861,0.391358737,0.415319477,0.411181678,0.41426097,0.426866821,0.418976135,0.42869515,0.43004234,0.435142417,0.424846035,0.420034642,0.44043495,0.432640493,0.437548114,0.454291763,0.441459657,0.436164067,0.442903909,0.440400539,0.437734759,0.444765482,0.431185592
GCF_000970145.1,Methanosarcina siciliae C2J,0.452801424,0.364445394,0.374412644,0.357895486,0.375622953,0.371422469,0.372846362,0.391570554,0.414780009,0.413498505,0.41955005,0.424106507,0.424391286,0.425459205,0.431866724,0.430962045,0.427615182,0.431104465,0.440717795,0.429415954,0.442259742,0.444325711,0.453230747,0.445109354,0.447460284,0.447887725,0.445821757,0.443921904,0.440715405
GCF_000970125.1,Methanosarcina siciliae HI350,0.459931443,0.356338481,0.375482625,0.352155727,0.380067568,0.375804376,0.376367439,0.400740026,0.41256435,0.41457529,0.416425354,0.430501931,0.426158301,0.424790862,0.440717503,0.43782175,0.433397683,0.436212999,0.446777697,0.438731998,0.445517463,0.450185096,0.452518912,0.453726058,0.454047964,0.44559794,0.448389694,0.452685834,0.447612145
GCF_000970085.1,Methanosarcina siciliae T4/M,0.458561519,0.360078431,0.376470588,0.354666667,0.375607843,0.372235294,0.375137255,0.398117647,0.41254902,0.415764706,0.418980392,0.430039216,0.425803922,0.427215686,0.441594101,0.435318114,0.429591276,0.434141367,0.449595983,0.438220758,0.447112367,0.450671062,0.451769877,0.451612903,0.455223295,0.446275803,0.450620192,0.448056537,0.446434182
GCF_000969905.1,Methanosarcina vacuolata Z-761,0.429860036,0.356137538,0.355068591,0.33778728,0.355692143,0.35845359,0.362996615,0.386157135,0.397202922,0.396935685,0.399340816,0.406021735,0.408694103,0.412168181,0.420363442,0.415018707,0.413771602,0.410208445,0.422590415,0.41804739,0.416533048,0.422614274,0.428138644,0.419406576,0.416934046,0.430481283,0.428698752,0.429845687,0.420057102
GCF_034480035.2,Methanosphaera sp. ISO3-F5,0.328826729,0.248580166,0.241153342,0.24435707,0.262268822,0.241153342,0.267365662,0.290374254,0.284694918,0.302169798,0.294014854,0.310324742,0.301732926,0.30187855,0.310324742,0.326052133,0.311198486,0.311198486,0.313528469,0.323430901,0.314256589,0.314110965,0.314693461,0.324741517,0.322120285,0.329401485,0.323285277,0.320804196,0.301573427
GCF_023093535.1,Halovivax limisalsi,0.677546152,0.58782463,0.622917248,0.607372242,0.626268268,0.636693661,0.650097738,0.674764963,0.674113376,0.677278228,0.669179931,0.672624034,0.681373918,0.674951131,0.683980266,0.677836731,0.67876757,0.670483105,0.671786279,0.679791492,0.677836731,0.685655776,0.684445686,0.680912477,0.668715084,0.683985102,0.672811918,0.673091248,0.682029795
GCF_013407145.1,Nitrosopumilus cobalaminigenes,0.334130511,0.344374343,0.285839467,0.307570978,0.305993691,0.301962846,0.322642832,0.329302489,0.327900456,0.333683842,0.345250613,0.34086926,0.339291973,0.326673677,0.3319313,0.335786891,0.33105503,0.333683842,0.330178759,0.336312653,0.332982825,0.340343498,0.337364178,0.339116719,0.340343498,0.337714686,0.325622152,0.335436383,0.347528917
GCF_013407185.1,Nitrosopumilus ureiphilus,0.340545531,0.33139685,0.292408985,0.303898786,0.308546347,0.317325071,0.309191841,0.328685773,0.321068939,0.339271882,0.346243222,0.350374387,0.336302608,0.329589466,0.331138652,0.339400981,0.33836819,0.340821069,0.336948102,0.343144849,0.339917377,0.341079267,0.32907307,0.343532146,0.335528014,0.34650142,0.329202169,0.345726827,0.357216628
GCF_024498195.1,Halovivax cerinus,0.659697405,0.574810346,0.611278677,0.594187003,0.616397039,0.628644548,0.639703866,0.654693355,0.657892332,0.662279499,0.655150352,0.654601956,0.665021479,0.662645096,0.665569875,0.661913902,0.656338543,0.654876154,0.657800932,0.663376291,0.660085915,0.663193492,0.665204277,0.668037657,0.659354721,0.66483868,0.654327758,0.66236972,0.66008411
GCF_024228675.1,Salinigranum marinum,0.672231362,0.578402778,0.610763889,0.612291667,0.629583333,0.634166667,0.644791667,0.658680556,0.671041667,0.655694444,0.664722222,0.669513889,0.67625,0.662847222,0.669861111,0.662638889,0.664444444,0.674861111,0.669236111,0.672986111,0.674375,0.677569444,0.668611111,0.680697368,0.678127388,0.676323468,0.669167709,0.673891899,0.676392942
GCF_003342675.1,Haloplanus rubicundus,0.673628467,0.592526082,0.618949889,0.612536343,0.625448948,0.640328374,0.652214811,0.664528818,0.670343766,0.667436292,0.672396101,0.668376945,0.673422268,0.673593296,0.674619463,0.672054045,0.674619463,0.670771336,0.676842825,0.672738156,0.675816658,0.677013853,0.677270395,0.681204036,0.673764324,0.677355909,0.673939083,0.677449722,0.679075738
GCF_041431065.1,Nitrosopumilus adriaticus,0.339708762,0.339558045,0.290694055,0.298008092,0.301431684,0.311702459,0.314814815,0.33146592,0.32150638,0.339091192,0.341425459,0.347338936,0.343137255,0.330220977,0.335823218,0.337535014,0.336601307,0.339713663,0.342514784,0.332088391,0.34842826,0.337535014,0.334422658,0.343759726,0.339869281,0.343759726,0.332088391,0.346567025,0.356219835
GCF_000875775.1,Nitrosopumilus piranensis,0.345317278,0.342167534,0.291055372,0.306672977,0.315507178,0.315980439,0.32481464,0.336015144,0.315980439,0.342956302,0.343271809,0.348004417,0.343114056,0.339643477,0.344376085,0.344218331,0.33980123,0.338065941,0.342956302,0.348950939,0.349424199,0.352421518,0.346426881,0.345322606,0.345007099,0.339485723,0.338381448,0.356060606,0.34280303
GCF_020217425.1,Halomicrobium urmianum,0.687707174,0.600660066,0.629420085,0.61008958,0.640892661,0.652758133,0.658651579,0.669888417,0.681989628,0.672795851,0.681911048,0.685761433,0.67735345,0.672560113,0.692126355,0.680968097,0.668709728,0.67955367,0.680968097,0.682146786,0.690083294,0.694326576,0.686944903,0.685844534,0.690167413,0.693861511,0.68741649,0.690953391,0.68057848
GCF_000827835.1,Haloarcula sp. CBA1115,0.635697336,0.552444234,0.569055529,0.568027211,0.587169752,0.596661921,0.609318146,0.618414808,0.620313242,0.623081791,0.632732163,0.629963613,0.62585034,0.626483151,0.633206771,0.629014396,0.615488056,0.629647208,0.630121816,0.635105205,0.634472394,0.634235089,0.632415757,0.632724108,0.634464752,0.635485913,0.636831276,0.637543526,0.633016627
GCF_000955905.1,Candidatus Nitrosotenuis cloacae,0.415887534,0.398647446,0.357892863,0.370706531,0.379248977,0.395621997,0.393308418,0.399893219,0.403630539,0.415376401,0.409859406,0.412172985,0.418045916,0.408969568,0.400783057,0.410927211,0.415198434,0.413596725,0.418401851,0.422317138,0.415198434,0.413952661,0.417334045,0.416444207,0.418579818,0.420003559,0.417867948,0.411817049,0.42071543
GCF_001548675.1,Methanobrevibacter sp. YE315,0.362725926,0.275195656,0.258105734,0.24708513,0.266411116,0.27168184,0.288771762,0.310014375,0.318479476,0.32662514,0.321034978,0.333493052,0.325507107,0.345471969,0.333333333,0.335569398,0.341638716,0.338604057,0.349624661,0.351062131,0.349624661,0.35553426,0.350103817,0.355214822,0.355055103,0.356492573,0.343555343,0.343076186,0.339402651
GCF_003058365.1,Halococcoides cellulosivorans,0.667937042,0.592790048,0.614876872,0.621223661,0.621731404,0.643310485,0.650291952,0.664127951,0.671617162,0.658542777,0.664508759,0.668951511,0.677456207,0.662604722,0.668189896,0.664001015,0.669840061,0.673648134,0.670855547,0.667047474,0.670982483,0.674917492,0.660700685,0.673013455,0.667809089,0.676059914,0.65905052,0.670982483,0.666412795
GCF_024227995.1,Halomicrococcus gelatinilyticus,0.691973476,0.581946279,0.620519595,0.608014091,0.62007926,0.641743725,0.653280493,0.675385293,0.674944958,0.67432849,0.67459269,0.679876706,0.678555702,0.678643769,0.681021576,0.686569793,0.68207838,0.685777191,0.683756166,0.688513037,0.693622269,0.684284708,0.68948203,0.69415081,0.686751233,0.691948555,0.688248767,0.693622269,0.691420014
GCF_013391105.1,Natronomonas salina,0.688689835,0.59847707,0.626026694,0.618412047,0.634582478,0.654346338,0.670431211,0.67881588,0.686344969,0.683778234,0.687799452,0.690023956,0.686259411,0.686772758,0.694472964,0.688312799,0.690793977,0.695328542,0.68788501,0.691735113,0.690451745,0.69934976,0.694558522,0.696440794,0.691649555,0.700889802,0.692162902,0.693959617,0.691392882
GCF_029633965.1,Methanogenium sp. S4BF,0.538358779,0.412589413,0.447067239,0.410872675,0.452074392,0.453934192,0.479685265,0.486695279,0.49241774,0.507153076,0.505150215,0.536480687,0.528183119,0.516738197,0.513590844,0.527753934,0.515021459,0.520314735,0.528040057,0.523319027,0.527610873,0.524606581,0.522317597,0.519170243,0.52260372,0.529184549,0.524749642,0.517310443,0.53018598
GCF_003268005.1,Methanosphaera sp. BMS,0.358190266,0.262097986,0.24782086,0.243312293,0.264803126,0.260595131,0.280132251,0.30207394,0.30342651,0.31590021,0.315299068,0.324616772,0.319657349,0.31860535,0.340697325,0.338743613,0.332581906,0.326720769,0.337992185,0.336339044,0.339344755,0.33107905,0.329876766,0.339344755,0.342951608,0.354974451,0.339945897,0.354072738,0.336940186
GCF_900696045.1,Candidatus Nitrosocosmicus franklandus,0.362045917,0.337611539,0.307786334,0.311208899,0.31536487,0.3296663,0.329299597,0.347756998,0.33736707,0.349834983,0.345312309,0.349834983,0.342011979,0.345923481,0.363891945,0.356924581,0.352646376,0.347145826,0.359491505,0.334922381,0.346779122,0.361936194,0.346779122,0.362058428,0.349101577,0.36707004,0.34836817,0.358513629,0.353379782
GCF_009762275.1,Haloplanus rallus,0.678465169,0.601643836,0.620182648,0.618173516,0.62739726,0.648127854,0.654885845,0.668219178,0.679908676,0.671141553,0.676438356,0.668127854,0.683105023,0.677716895,0.674246575,0.68173516,0.67260274,0.671232877,0.678082192,0.675159817,0.679178082,0.683196347,0.686027397,0.680821918,0.677445876,0.680643099,0.672787065,0.682378734,0.684753814
GCF_001870125.1,Candidatus Nitrosocosmicus hydrocola,0.359542281,0.339747843,0.302587923,0.308670648,0.309776598,0.320725503,0.325702278,0.325702278,0.320836098,0.340079628,0.349701393,0.338641893,0.339637248,0.339747843,0.340853793,0.345941163,0.348374253,0.342512718,0.345719973,0.344945808,0.344614023,0.341627958,0.342955098,0.347821278,0.345277593,0.355673524,0.351360319,0.347821278,0.355894714
GCF_002787055.1,Candidatus Nitrosotenuis aquarius,0.428996045,0.408299866,0.362282463,0.375,0.385709505,0.396084337,0.397423025,0.413319946,0.417336011,0.419846051,0.43206158,0.43457162,0.426874163,0.430053548,0.416331995,0.427710843,0.424364123,0.434404284,0.432730924,0.420682731,0.432228916,0.43875502,0.427041499,0.430220884,0.428045515,0.430890228,0.43206158,0.423025435,0.427041499
GCF_003721175.2,Halarchaeum sp. CBA1220,0.694132772,0.609960243,0.629420381,0.624084537,0.637894957,0.664992676,0.684975936,0.689474786,0.696693869,0.690730278,0.690207156,0.690311781,0.694706005,0.693136639,0.689160912,0.699727977,0.697321615,0.698786357,0.692718142,0.699832601,0.700251099,0.688847039,0.696066123,0.699414103,0.696693869,0.697949362,0.690416405,0.698263235,0.69219502
GCF_002025255.2,Halolamina sp. CBA1230,0.677031483,0.612161661,0.617816092,0.623655914,0.624397479,0.654523545,0.662217278,0.673155358,0.673433445,0.669818317,0.681219874,0.678624397,0.677604746,0.674731183,0.685761958,0.687986652,0.682517612,0.68298109,0.680292918,0.686318131,0.688357434,0.679273267,0.688079347,0.683727399,0.679276773,0.688097226,0.679844098,0.680400891,0.679565702
GCF_003721435.2,Halorubrum sp. CBA1229,0.68867048,0.58032634,0.621445221,0.618648019,0.627972028,0.656969697,0.667319347,0.677202797,0.686153846,0.683636364,0.685128205,0.683543124,0.69034965,0.684755245,0.687179487,0.695571096,0.691748252,0.690629371,0.696783217,0.690722611,0.689044289,0.698834499,0.690815851,0.697902098,0.697342657,0.697715618,0.687552448,0.693892774,0.692408133
GCF_002156965.1,Candidatus Nitrosomarinus catalina,0.319233826,0.3249501,0.271057884,0.285828343,0.293612774,0.293013972,0.300798403,0.314770459,0.305189621,0.331536926,0.326147705,0.324750499,0.320159681,0.321357285,0.308982036,0.323153693,0.324151697,0.321556886,0.315568862,0.32255489,0.328340324,0.319952067,0.329139205,0.320750949,0.318554024,0.328340324,0.307169962,0.325544238,0.324545636
GCF_900177045.1,Candidatus Nitrosotalea okcheonensis,0.384137654,0.35892961,0.328534031,0.348167539,0.343222804,0.348603839,0.368528214,0.36576498,0.369109948,0.368091914,0.392961024,0.37521815,0.384962187,0.380890052,0.379435718,0.384816754,0.383216987,0.382198953,0.389034322,0.379435718,0.378999418,0.372891216,0.374054683,0.383507853,0.379144852,0.388016289,0.380744619,0.384525887,0.380599186
GCF_002813675.1,Methanobacterium sp. MZ-A1,0.424796011,0.328826983,0.313532705,0.327051755,0.331284992,0.326368974,0.349856616,0.394510447,0.391779325,0.379216168,0.401611361,0.402840366,0.390004097,0.412945514,0.408029496,0.404342483,0.406937048,0.419090537,0.406527379,0.405708043,0.411885246,0.408060109,0.406010929,0.406830601,0.417794178,0.41068744,0.415880825,0.411917453,0.397703977
GCF_024498175.1,Haloplanus salinarum,0.681793041,0.59679523,0.62502329,0.619899385,0.632942053,0.643748835,0.66051798,0.668902553,0.679802497,0.674026458,0.681386249,0.673467486,0.682224707,0.678684554,0.674585429,0.682970002,0.675796534,0.673840134,0.681572573,0.678218744,0.684646916,0.681665735,0.685019564,0.68725545,0.677939258,0.683156326,0.676355506,0.684087945,0.684274269
GCF_013407165.1,Nitrosopumilus oxyclinae,0.334235578,0.335818246,0.283102591,0.308839191,0.310436635,0.306531771,0.320731274,0.333688321,0.324813632,0.336528222,0.334220802,0.342917998,0.343272985,0.333333333,0.33457579,0.332978346,0.338480653,0.330315939,0.332268371,0.327831026,0.332268371,0.342208023,0.336705715,0.337238197,0.337948172,0.348775293,0.319666312,0.338658147,0.337060703
GCF_963457545.1,Nitrosopumilus sp.,0.367807407,0.347639968,0.304945364,0.321955616,0.326348992,0.330517067,0.349892982,0.355750817,0.345837558,0.365100822,0.356764673,0.369832151,0.360932748,0.351132139,0.35462431,0.368818294,0.364199617,0.361158049,0.365664076,0.363185761,0.360482145,0.369944801,0.369268897,0.369043596,0.363861665,0.360144193,0.372085164,0.365326124,0.369281046
GCF_021233415.1,Halobacterium litoreum,0.694525083,0.595197451,0.640833049,0.634346193,0.642995334,0.658017526,0.684078753,0.695459201,0.703425515,0.700921816,0.697280073,0.706839649,0.697280073,0.7055878,0.703425515,0.702628884,0.701832252,0.697393877,0.702401275,0.701149425,0.705473996,0.70786389,0.694207352,0.70331171,0.700238989,0.704677364,0.700238989,0.701035621,0.701718448
GCF_019880245.1,Halobaculum roseum,0.688522262,0.604301075,0.622759857,0.631630824,0.645340502,0.665322581,0.672222222,0.690860215,0.692204301,0.689695341,0.687992832,0.692293907,0.700089606,0.689874552,0.702777778,0.690949821,0.688261649,0.698297491,0.697849462,0.697311828,0.693817204,0.69937276,0.696774194,0.698924731,0.692921147,0.694086022,0.697311828,0.695878136,0.694086022
GCF_013407275.1,Candidatus Nitrosotenuis sp. DW1,0.420504885,0.377460317,0.357460317,0.366031746,0.37,0.381746032,0.397936508,0.401428571,0.408253968,0.402539683,0.413968254,0.415555556,0.414444444,0.419047619,0.417142857,0.413333333,0.412857143,0.414920635,0.41968254,0.415396825,0.425555556,0.418730159,0.404126984,0.427460317,0.415396825,0.434126984,0.422222222,0.414761905,0.426190476
GCF_013407385.1,Nitrosarchaeum sp. AC2,0.335535074,0.33125,0.286057692,0.304807692,0.300961538,0.308653846,0.321474359,0.311858974,0.323878205,0.339262821,0.331891026,0.339102564,0.338782051,0.328525641,0.332692308,0.333814103,0.334615385,0.342307692,0.326923077,0.330929487,0.342948718,0.337662338,0.322270322,0.338143338,0.332531666,0.338303672,0.328042328,0.321302534,0.333654155
GCF_004114375.1,Halorubrum sp. BOL3-1,0.671862838,0.569116967,0.6110957,0.613129912,0.612944984,0.648913546,0.652704577,0.668978271,0.67073509,0.664909847,0.668331022,0.666019417,0.678224688,0.669440592,0.678317152,0.680536292,0.673416551,0.673509015,0.674988442,0.673971336,0.679704115,0.675265834,0.679519186,0.675635691,0.67693019,0.679985202,0.673418424,0.677857936,0.673697844
GCF_006740685.1,Candidatus Nitrosopumilus sp. SW,0.343248761,0.346469622,0.292464879,0.309250137,0.30651341,0.316730524,0.322021529,0.342273308,0.321109287,0.342455756,0.341543514,0.353585112,0.335887612,0.34081372,0.339536581,0.335705163,0.343367999,0.343915344,0.346104725,0.344462689,0.338992333,0.359620299,0.343921139,0.346659365,0.331325301,0.341730559,0.333880978,0.340635268,0.344468784
GCF_005155585.1,Haloprofundus sp. MHR1,0.670325845,0.571937784,0.595701015,0.594620868,0.61147116,0.616331821,0.635774465,0.655757183,0.664938432,0.663318211,0.655865198,0.658349536,0.66558652,0.659645712,0.663858285,0.668286887,0.664182329,0.671635342,0.66904299,0.674011666,0.661806006,0.671527328,0.676712033,0.662778138,0.663966299,0.668286887,0.661265932,0.678764312,0.670339166
GCF_032878975.1,Methanoplanus sp. FWC-SCC4,0.421444879,0.354584634,0.335859712,0.312825085,0.345965225,0.350869371,0.361272106,0.383117848,0.383860901,0.396492792,0.398424729,0.411205231,0.402139991,0.414920493,0.420716303,0.403954802,0.415997621,0.4142135,0.421091775,0.414993307,0.418711885,0.423769151,0.424512866,0.432098765,0.432693738,0.419158114,0.424661609,0.413803362,0.407407407
GCF_009617995.1,Halomicrobium sp. LC1Hm,0.669236458,0.571035837,0.605007364,0.594207167,0.605694649,0.629651448,0.640451645,0.64712813,0.658222877,0.655473736,0.650368189,0.660677467,0.661266568,0.652626411,0.668630339,0.658713795,0.655768287,0.663132057,0.659499264,0.664899362,0.663622975,0.669121257,0.663033873,0.67383407,0.661266568,0.665291691,0.663229228,0.666372029,0.664800629
GCF_011602445.1,Haloarcula sp. JP-L23,0.650683722,0.567114094,0.591919989,0.589946046,0.586524543,0.613304382,0.621331754,0.633701803,0.642387156,0.631991051,0.64225556,0.640544809,0.645150678,0.640215818,0.652783261,0.645019081,0.635544151,0.646071852,0.645866245,0.646590311,0.65152712,0.654357557,0.648696682,0.654686677,0.647709321,0.651724592,0.653304371,0.648228632,0.651191887
GCF_013267195.1,Halorubrum salinarum,0.697557551,0.589674185,0.634987469,0.63358396,0.637794486,0.671077694,0.681002506,0.697142857,0.69593985,0.689724311,0.706165414,0.694235589,0.70566416,0.698145363,0.706065163,0.705864662,0.706265664,0.701553885,0.699649123,0.705062657,0.703759398,0.701954887,0.701553885,0.708471178,0.699649123,0.704561404,0.700651629,0.700952381,0.699949875
GCF_013402875.1,Halorarum salinum,0.694671051,0.603516999,0.6346229,0.632434545,0.650097694,0.665572489,0.68112544,0.692379836,0.6989449,0.690894881,0.695662368,0.696209457,0.689488081,0.691676436,0.693552169,0.694724502,0.689878859,0.696209457,0.703477921,0.695115279,0.695896835,0.7003517,0.708245408,0.698710434,0.697388993,0.698405253,0.694731082,0.702548468,0.691838649
GCF_013401515.1,Halorarum halophilum,0.683022482,0.599813215,0.615145147,0.617791268,0.633823644,0.655381742,0.665810569,0.675772434,0.679430306,0.673359795,0.683632968,0.68596778,0.683399486,0.68223208,0.681687291,0.687524321,0.683166005,0.683866449,0.68729084,0.68729084,0.687757802,0.685578644,0.684566892,0.692505253,0.68729084,0.691182193,0.683010351,0.692349599,0.684644719
GCF_018128925.1,Nitrosopumilus sp. K4,0.354693141,0.355352304,0.300643631,0.312669377,0.312669377,0.327743902,0.338414634,0.334349593,0.336212737,0.357384824,0.352811653,0.349424119,0.349593496,0.35196477,0.350271003,0.352642276,0.3524729,0.342479675,0.364837398,0.35196477,0.353160481,0.353838332,0.33977292,0.345873581,0.350449076,0.345534655,0.347907134,0.356210812,0.367056431
GCF_027563145.1,Actinarchaeum halophilum,0.577040595,0.507932264,0.530213904,0.51426025,0.543850267,0.540285205,0.557397504,0.560338681,0.587611408,0.573885918,0.571657754,0.579144385,0.58057041,0.571925134,0.586898396,0.571925134,0.57459893,0.579857398,0.569875223,0.588680927,0.581639929,0.583065954,0.579679144,0.590730838,0.576827094,0.587254902,0.578609626,0.57760542,0.58438085
GCF_021184045.1,Methanococcoides orientis,0.447445901,0.368257992,0.344881003,0.330516829,0.358541051,0.357273623,0.365723138,0.401070272,0.405999155,0.415997747,0.416561048,0.415716096,0.425855513,0.43275595,0.436276581,0.434164202,0.429376144,0.431206872,0.438248134,0.444726095,0.441064639,0.440219687,0.439797212,0.443599493,0.441487114,0.437966484,0.44190959,0.438107309,0.442472891
GCF_018502485.1,Methanospirillum sp. J.3.6.1-F.2.7.3,0.433015873,0.359005215,0.391696751,0.379663057,0.3877858,0.40433213,0.401123145,0.417569194,0.417669475,0.419374248,0.417870036,0.422984356,0.425892499,0.426293622,0.430304854,0.423084637,0.435318893,0.420778179,0.430104292,0.431809065,0.426421908,0.442672284,0.433844919,0.436985752,0.434778246,0.435109907,0.437581601,0.437682033,0.436608399
GCF_019693215.1,Salinarchaeum sp. IM2453,0.480821645,0.456577011,0.450822963,0.457379901,0.469557072,0.467549846,0.479325572,0.492974709,0.500066908,0.487755921,0.49538338,0.491368928,0.496587716,0.499799277,0.494179045,0.491235113,0.493911414,0.481198983,0.491235113,0.488023551,0.486283956,0.49458049,0.48588251,0.505954771,0.483741469,0.494179045,0.493911414,0.480529908,0.476649271
GCF_024972755.1,Halanaeroarchaeum sp. HSR-CO,0.646217494,0.570643275,0.594736842,0.596608187,0.608187135,0.615438596,0.636608187,0.637894737,0.653216374,0.640350877,0.64619883,0.653450292,0.649824561,0.647134503,0.650409357,0.647017544,0.646900585,0.648187135,0.649356725,0.655438596,0.645614035,0.651812865,0.64994152,0.646315789,0.63754386,0.653684211,0.649707602,0.650643275,0.647134503
GCF_023617305.1,Methanobrevibacter sp. TLL-48-HuF1,0.320655446,0.254012691,0.223404255,0.246920493,0.246733856,0.255692423,0.276595745,0.298618888,0.293019784,0.300111982,0.299738708,0.300671892,0.300858529,0.319895483,0.312056738,0.303844718,0.317095931,0.311496827,0.316536021,0.311870101,0.306830907,0.327547592,0.323254946,0.32008212,0.302351624,0.31092437,0.310737628,0.31914099,0.302521008
GCF_019880225.1,Halobaculum rubrum,0.692278651,0.602115364,0.621306292,0.633736779,0.653472904,0.665576273,0.680623705,0.69174572,0.700032712,0.692290917,0.694580744,0.697088649,0.706902192,0.694907862,0.700577909,0.697306728,0.698288082,0.707883546,0.695780177,0.691527641,0.702867735,0.706684113,0.693926507,0.703412932,0.699923672,0.699923672,0.70374005,0.698724239,0.693171902
GCF_020097815.1,Haloprofundus salinisoli,0.66111474,0.564213564,0.586820587,0.587109187,0.599326599,0.607984608,0.624338624,0.63963444,0.648869649,0.651178451,0.65021645,0.64954305,0.650505051,0.653391053,0.655411255,0.654353054,0.664357864,0.656277056,0.655218855,0.661087061,0.655122655,0.660702261,0.666666667,0.652044252,0.659259259,0.660702261,0.648388648,0.661471861,0.664838865
GCF_020097835.1,Haloprofundus halobius,0.655106174,0.562006811,0.586759698,0.580529944,0.599551458,0.607940859,0.618656035,0.64166459,0.643658111,0.644654872,0.645402442,0.647146773,0.647728217,0.644737935,0.646731456,0.6532104,0.647479026,0.652712019,0.654788604,0.656532935,0.649804801,0.653127336,0.654788604,0.652126952,0.655782652,0.655117979,0.650299103,0.660601529,0.654945968
GCF_020405245.1,Halomicrobium salinisoli,0.69559078,0.609571369,0.637286725,0.625801082,0.642446941,0.656179775,0.671993342,0.683645443,0.697295048,0.692800666,0.695963379,0.693632959,0.692634207,0.690803163,0.706866417,0.692717437,0.690803163,0.695630462,0.695380774,0.698626717,0.704535997,0.697802198,0.703130203,0.706543457,0.700715951,0.703712954,0.697802198,0.702380952,0.698967699
GCF_020618475.1,Haladaptatus halobius,0.600917821,0.533801656,0.548978795,0.51931833,0.550366419,0.559732882,0.567191362,0.581674689,0.590303976,0.585577382,0.590780972,0.591518148,0.591431421,0.58809245,0.594795055,0.594091619,0.58719417,0.596034535,0.591348865,0.599678945,0.603271717,0.591936814,0.600182268,0.597404852,0.59609375,0.598480903,0.599973948,0.597490012,0.595985925
GCF_020614375.1,Haladaptatus salinisoli,0.639469878,0.558385174,0.571086055,0.549896319,0.573289269,0.589683774,0.60309746,0.616122343,0.621954381,0.622537584,0.620787973,0.627721617,0.632711249,0.61722395,0.627138414,0.634136858,0.631933644,0.63128564,0.627721617,0.63757128,0.641264904,0.629795231,0.635692068,0.639191291,0.639191291,0.636340073,0.641070503,0.636534474,0.636145671
GCF_021249345.1,Halobacterium wangiae,0.684432359,0.589978613,0.62287402,0.622975863,0.630919646,0.64497403,0.66615745,0.674203076,0.681230268,0.67766575,0.681943171,0.680822894,0.680313678,0.681841328,0.682146858,0.688664833,0.678480497,0.684591099,0.692636725,0.678786027,0.686627966,0.687442713,0.680619208,0.683776352,0.685405846,0.68672981,0.681026581,0.681026581,0.682452388
GCF_021249405.1,Halobacterium zhouii,0.673399502,0.588985507,0.617507246,0.614724638,0.619362319,0.633971014,0.655768116,0.664463768,0.676521739,0.668869565,0.668985507,0.679652174,0.667014493,0.681855072,0.675014493,0.676637681,0.67084058,0.681623188,0.670956522,0.677797101,0.681855072,0.68057971,0.675710145,0.675826087,0.671652174,0.680231884,0.666550725,0.673971014,0.672695652
GCF_021431925.1,Halobaculum sp. CBA1158,0.694846273,0.604799843,0.630372775,0.643159241,0.656240779,0.669322317,0.690862595,0.698141045,0.700403265,0.692042884,0.700304908,0.699813121,0.700796695,0.696370611,0.703353988,0.696862398,0.69715747,0.705026065,0.698534474,0.699222976,0.703944133,0.702763844,0.695583751,0.705911282,0.69450182,0.701583555,0.703550703,0.694698534,0.702960559
GCF_023028345.1,Halorientalis marina,0.665327635,0.585666527,0.605933974,0.60488926,0.609207411,0.626201421,0.642777546,0.655314111,0.664229001,0.661652041,0.656985653,0.653781864,0.668407856,0.658866137,0.663462878,0.669522218,0.658239309,0.663671821,0.665482658,0.665204067,0.674118958,0.662696754,0.669313275,0.675651205,0.66353187,0.672587948,0.665621735,0.672587948,0.671682341
GCF_023028225.1,Halorientalis litorea,0.665025675,0.572327044,0.6054707,0.609264251,0.611560347,0.623340321,0.644604173,0.660377358,0.66097634,0.663771588,0.658979734,0.667365479,0.658380753,0.659778377,0.667165818,0.664670061,0.660477189,0.658780074,0.663571928,0.665668364,0.662972946,0.664769323,0.662672259,0.665668065,0.66816457,0.670561214,0.662672259,0.662572399,0.662471282
GCF_026013925.1,Halocatena marina,0.558514535,0.490805067,0.507628389,0.499182673,0.524383599,0.5211824,0.538141943,0.554420379,0.552649503,0.551423512,0.557008582,0.557008582,0.558507015,0.556055033,0.560370673,0.561256473,0.562959935,0.554170074,0.558462796,0.560779504,0.554715181,0.558895706,0.565576005,0.558963872,0.561486026,0.562508521,0.558895706,0.55732788,0.552965235
GCF_023238205.1,Halorussus limi,0.665883696,0.562839158,0.591997685,0.584979379,0.600028941,0.611316113,0.630562188,0.647710007,0.661457203,0.658201288,0.656392446,0.660371898,0.660371898,0.654438897,0.66377252,0.661891325,0.664206642,0.658563056,0.657911873,0.667245496,0.678749729,0.667679618,0.666666667,0.673829679,0.668764923,0.672672021,0.665581362,0.666521959,0.661240142
GCF_023702125.1,Halorubrum hochsteinianum,0.699416271,0.592824226,0.627935045,0.635725258,0.645380733,0.672591617,0.680272109,0.695742813,0.700680272,0.694865043,0.694865043,0.697278912,0.710116305,0.694206715,0.708689928,0.703423305,0.704630239,0.709567698,0.70386219,0.706824665,0.705288567,0.706714944,0.709348255,0.702106649,0.704520518,0.707702436,0.704630239,0.708580206,0.69716919
GCF_023703775.1,Haloplanus sp. GDY1,0.69076707,0.607843137,0.644056666,0.62745098,0.634299653,0.652969322,0.66948119,0.6829909,0.683741439,0.682803265,0.686180692,0.686931232,0.688901398,0.685242518,0.687869406,0.696219158,0.680364012,0.682521813,0.688995215,0.687494136,0.695843888,0.691715921,0.687400319,0.69575007,0.693123182,0.690214842,0.690496294,0.696219158,0.691528286
GCF_037201915.1,Haloplanus sp. CK5-1,0.662936933,0.592811423,0.605416051,0.609256524,0.622550468,0.632003939,0.636238306,0.65140325,0.658296406,0.651501723,0.657902511,0.650320039,0.663220089,0.662826194,0.664992614,0.66351551,0.655834564,0.660068932,0.656622354,0.657213195,0.663121615,0.669325455,0.666568193,0.672870507,0.666371246,0.659576563,0.662332545,0.665681639,0.665189125
GCF_023703795.1,Haloplanus sp. HW8-1,0.664097421,0.596379937,0.606698807,0.600101497,0.617694325,0.629028165,0.643576081,0.656094054,0.660576842,0.656094054,0.662691364,0.660661423,0.6585469,0.660661423,0.663790916,0.664382982,0.65474076,0.661084327,0.658123996,0.663283431,0.666835828,0.663114269,0.666243762,0.674278948,0.664044659,0.6660746,0.662099298,0.662691364,0.668950351
GCF_024218795.1,Halorussus aquaticus,0.661706726,0.562983079,0.590209595,0.572592438,0.592925284,0.611169139,0.631501985,0.641111343,0.653506023,0.646055289,0.648979876,0.653714922,0.657266207,0.64424483,0.65434162,0.661722721,0.657057308,0.656152079,0.652600794,0.658310703,0.663045749,0.664090244,0.65803217,0.665622171,0.662767217,0.662210152,0.662140519,0.667293364,0.655520724
GCF_024138165.1,Halorussus vallis,0.674514951,0.579020701,0.604233015,0.590631635,0.60662155,0.62645966,0.639397558,0.662752123,0.671244692,0.663946391,0.665605096,0.667993631,0.673102442,0.66766189,0.666334926,0.670514862,0.677680467,0.668192675,0.669785032,0.675424628,0.681130573,0.67535828,0.676884289,0.673036093,0.680069002,0.679073779,0.672638004,0.676488154,0.677485729
GCF_024227715.1,Halomarina litorea,0.687165172,0.600418074,0.627271265,0.62365332,0.637883904,0.653722463,0.668676636,0.677922496,0.684595594,0.690062711,0.681862036,0.686605564,0.692233478,0.684917189,0.690223509,0.689660717,0.691349091,0.690303907,0.690464705,0.690545104,0.691831484,0.688293938,0.690062711,0.688052742,0.694243447,0.690866699,0.688052742,0.691992282,0.687570349
GCF_024296665.1,Salinilacihabitans rarus,0.697296575,0.609808102,0.638681592,0.631307747,0.645522388,0.652363184,0.668532338,0.693585643,0.690565032,0.692430704,0.68159204,0.695628998,0.691275764,0.69811656,0.696783937,0.699360341,0.697672353,0.698027719,0.696695096,0.697672353,0.699449183,0.700604122,0.699093817,0.697938877,0.693319119,0.703091684,0.692519545,0.704335466,0.695895522
GCF_024228315.1,Halomarina pelagica,0.684519231,0.595471323,0.615630324,0.605479841,0.622444634,0.63891255,0.651121522,0.67120954,0.676320273,0.672345258,0.679940375,0.677314026,0.676178308,0.678520727,0.680721181,0.686470755,0.682215122,0.680795172,0.679517217,0.684416045,0.687042953,0.691018814,0.682147422,0.687757421,0.690455901,0.690531998,0.682150721,0.683713332,0.683716965
GCF_024298905.1,Natronomonas marina,0.6786431,0.603036176,0.626776486,0.619670543,0.624192506,0.647852067,0.664244186,0.674580103,0.676033592,0.672722868,0.681928295,0.669815891,0.680636305,0.678940568,0.681124303,0.681931993,0.67611663,0.676439706,0.676358937,0.685001212,0.681447379,0.680397383,0.679508925,0.69033196,0.68136661,0.684112753,0.682739682,0.679347387,0.68136661
GCF_024298865.1,Halorarius halobius,0.679980604,0.6104471,0.635163051,0.627711377,0.639442231,0.650066401,0.665264866,0.676921942,0.681053564,0.678692637,0.682529143,0.678913974,0.683119374,0.683119374,0.680168216,0.685627859,0.683783385,0.68341449,0.684373617,0.68341449,0.689464365,0.679282869,0.682975426,0.687107963,0.680761567,0.682901631,0.677366984,0.686148624,0.682089883
GCF_024298885.1,Haloglomus halophilum,0.689892991,0.612873134,0.632307214,0.63914801,0.651896766,0.667832711,0.676850124,0.690531716,0.696750622,0.69193097,0.696128731,0.691464552,0.693952114,0.697916667,0.698771766,0.69130908,0.693718905,0.693097015,0.696595149,0.691464552,0.695506841,0.697683458,0.700948383,0.699937811,0.691386816,0.698149876,0.69636194,0.69815722,0.698934764
GCF_024298825.1,Haloglomus salinum,0.694012446,0.615711253,0.642740487,0.644210354,0.647068431,0.672709456,0.684305079,0.693124285,0.702760085,0.702596766,0.69622734,0.6985138,0.697778867,0.706271436,0.701045239,0.693940879,0.698677119,0.69982035,0.700473624,0.697615548,0.701126899,0.702433448,0.702678426,0.704964886,0.692307692,0.697860526,0.704311612,0.703984975,0.69737057
GCF_024362405.1,Halorarius litoreus,0.676829897,0.588655753,0.624932749,0.614864346,0.637768042,0.638920913,0.658058566,0.669817846,0.680039966,0.666359234,0.680654831,0.673660749,0.679425102,0.675889632,0.683575436,0.675812774,0.676658212,0.676888786,0.674275613,0.680577972,0.685958036,0.682345707,0.680885405,0.678195373,0.674352471,0.679194528,0.679425102,0.681580566,0.680888684
GCF_026248685.1,Haladaptatus caseinilyticus,0.57928872,0.518801653,0.526239669,0.510743802,0.533539945,0.545798898,0.557300275,0.575068871,0.575550964,0.571487603,0.577754821,0.573760331,0.581129477,0.578581267,0.577203857,0.585330579,0.576515152,0.571212121,0.57637741,0.579889807,0.584504132,0.578581267,0.583746556,0.584986226,0.580647383,0.576584022,0.578856749,0.580853994,0.575275482
GCF_028747785.1,Halosimplex aquaticum,0.675374975,0.588055334,0.620045225,0.605014632,0.624966746,0.645317904,0.653830806,0.671920724,0.670524076,0.66906092,0.669925512,0.678039372,0.678371907,0.67065709,0.674647513,0.67537909,0.673051343,0.676576217,0.674181963,0.685421655,0.679702048,0.680367119,0.680167598,0.681896781,0.676443203,0.676709231,0.686485767,0.678571429,0.681298218
GCF_032594435.1,Methanimicrococcus stummii,0.465641026,0.355085975,0.350735446,0.322560597,0.342241558,0.35135695,0.382224984,0.395483737,0.406877978,0.425108763,0.426144603,0.43484566,0.445411229,0.44313238,0.451004765,0.439196188,0.462191838,0.436295836,0.455148125,0.437746012,0.457634141,0.459084317,0.46094883,0.46819971,0.455355293,0.467371038,0.452454941,0.471721566,0.452247773
GCF_032594095.1,Methanimicrococcus hongohii,0.45233613,0.362179487,0.359817814,0.327766532,0.351383266,0.366902834,0.381916329,0.399460189,0.408569501,0.402496626,0.426450742,0.428812416,0.449561404,0.445681511,0.443488529,0.435222672,0.449392713,0.428137652,0.453609987,0.451079622,0.456815115,0.451079622,0.454790823,0.454116059,0.442139001,0.44197031,0.455802969,0.454116059,0.453609987
GCF_032594115.1,Methanolapillus millepedarum,0.459354104,0.379050926,0.348765432,0.315972222,0.346064815,0.359760802,0.37808642,0.391589506,0.392939815,0.411072531,0.425347222,0.438464506,0.423996914,0.430555556,0.447337963,0.43904321,0.451003086,0.443865741,0.441358025,0.439621914,0.438464506,0.452739198,0.445216049,0.45775463,0.451195988,0.448109568,0.453896605,0.452353395,0.448688272
GCF_032594355.1,Methanolapillus ohkumae,0.45355025,0.350560399,0.335616438,0.316313823,0.337691988,0.351598174,0.370485679,0.381901204,0.392278954,0.413864674,0.423204649,0.433997509,0.418638439,0.422374429,0.424657534,0.417393109,0.426940639,0.419468659,0.430676629,0.435242839,0.424449979,0.436903279,0.443752594,0.446450809,0.431506849,0.434620174,0.446865919,0.451639685,0.441469489
GCF_029490015.1,Halobaculum limi,0.66674795,0.577598618,0.609847394,0.624628083,0.628947116,0.649486515,0.654669354,0.668778194,0.678184087,0.67223342,0.67799213,0.668202323,0.675496689,0.673865054,0.67540071,0.672905269,0.673289183,0.669162108,0.675112775,0.679527786,0.681639313,0.670409828,0.669737979,0.680583549,0.669642,0.67923985,0.675112775,0.67923985,0.666090796
GCF_029338555.1,Halobaculum marinum,0.698645582,0.60753146,0.632604788,0.647459552,0.664963573,0.674803671,0.686157631,0.703661652,0.705080897,0.705743211,0.703093954,0.706783991,0.702810105,0.700444697,0.705743211,0.703472419,0.701769325,0.704134734,0.707919387,0.705932444,0.701201627,0.704040117,0.70527013,0.707162456,0.697038509,0.708014003,0.711136342,0.706121677,0.70318857
GCF_030127125.1,Halobaculum litoreum,0.718904649,0.634034097,0.661018722,0.669699822,0.679845204,0.700031377,0.710281351,0.724714988,0.721263466,0.722518565,0.725760904,0.7295262,0.736533835,0.716556846,0.729944566,0.71749817,0.730885891,0.726702228,0.735091023,0.731847667,0.725779452,0.725570203,0.727053898,0.733228676,0.725902669,0.732810047,0.730193616,0.728728414,0.718890633
GCF_030127165.1,Halobaculum lipolyticum,0.713343899,0.616068867,0.652128168,0.656910569,0.670109995,0.696795791,0.703873745,0.715351506,0.719464371,0.718412243,0.722046868,0.720038259,0.729890005,0.716021043,0.721377331,0.718794835,0.719177427,0.723672884,0.728168341,0.723672884,0.720612147,0.72482066,0.720229555,0.730176949,0.715829747,0.727785748,0.723290292,0.718029651,0.713629842
GCF_030127145.1,Halobaculum halobium,0.682861316,0.596731281,0.6218168,0.633979475,0.633599392,0.663721019,0.673033067,0.683390346,0.685480806,0.682345116,0.681489928,0.690326872,0.691752185,0.689661726,0.692044482,0.688907898,0.689193042,0.691284098,0.686151507,0.690618762,0.695751354,0.690428666,0.686436651,0.689002946,0.681209011,0.690618762,0.692994962,0.681684251,0.683300067
GCF_029338195.1,Haloarcula litorea,0.691314841,0.604534005,0.633165407,0.629638959,0.630898405,0.658270361,0.669185558,0.67665827,0.686146096,0.686565911,0.687237615,0.687489505,0.68597817,0.689756507,0.688245172,0.692191436,0.687573468,0.690176322,0.685306465,0.697732997,0.696809404,0.692779177,0.691351805,0.695717884,0.692617788,0.695893172,0.687830688,0.691106072,0.693709583
GCF_029489995.1,Haladaptatus sp. DYSN1,0.629505392,0.535009862,0.563445102,0.556788297,0.576758711,0.592948718,0.602153189,0.612015122,0.621383958,0.616535174,0.619165023,0.627465483,0.627218935,0.626397107,0.625575279,0.631656805,0.630999343,0.628533859,0.623438527,0.627547666,0.635848126,0.629109139,0.626890204,0.630177515,0.618507561,0.634278668,0.627784628,0.629675298,0.627044801
GCF_029338215.1,Haladaptatus sp. YSMS36,0.628398599,0.535979513,0.563551003,0.558514725,0.576013658,0.591037132,0.599061033,0.612548015,0.618523261,0.61715749,0.62108408,0.627144686,0.623559539,0.627400768,0.622535211,0.628425096,0.628254375,0.625437473,0.623900982,0.626803244,0.636192915,0.631745219,0.629183743,0.631232923,0.618254781,0.630455205,0.624978643,0.630275073,0.628053989
GCF_029338575.1,Halomarina halobia,0.692307469,0.602197633,0.617565698,0.610265868,0.63208852,0.639388351,0.658214231,0.675580144,0.682495774,0.675349623,0.685646227,0.682418933,0.685723067,0.685338866,0.689488243,0.690640848,0.69333026,0.685338866,0.685031505,0.690410327,0.692875259,0.692183537,0.691568673,0.693874414,0.692183537,0.690882534,0.69403444,0.697032595,0.692343173
GCF_029338255.1,Haloarcula halobia,0.674100694,0.587636498,0.605867111,0.609383676,0.61678697,0.637423654,0.637793818,0.65833796,0.669072737,0.665926337,0.66537109,0.666666667,0.667036831,0.664723302,0.668147326,0.665556172,0.656949843,0.671572711,0.673333333,0.680833333,0.66712963,0.674907407,0.6675,0.677873483,0.668055941,0.678151338,0.662035751,0.679077522,0.668519033
GCF_030127105.1,Haloarcula pelagica,0.663743399,0.585519185,0.606618975,0.602211142,0.61557916,0.633065973,0.639641593,0.65640581,0.65467158,0.652865091,0.662403353,0.659440711,0.657706482,0.653515427,0.66442662,0.66290917,0.656116771,0.657489703,0.659872796,0.662619254,0.670063602,0.662691529,0.660378722,0.673821914,0.664064759,0.664570685,0.658355016,0.666666667,0.670786354
GCF_029338295.1,Haladaptatus sp. QDMS2,0.627334639,0.536781321,0.561804335,0.557619885,0.579295339,0.589923843,0.598041677,0.613105699,0.618210729,0.615700059,0.620721399,0.625826429,0.625073228,0.626077496,0.62574274,0.627165453,0.628420788,0.627918654,0.621056155,0.6290903,0.635366976,0.630755064,0.628578604,0.630001674,0.620291311,0.627145608,0.62319933,0.631239531,0.62680067
GCF_029338315.1,Haloarcula sp. SYNS111,0.674405113,0.588807786,0.608880779,0.60862009,0.618178658,0.645985401,0.643726104,0.659193604,0.667188043,0.667448731,0.665363226,0.663972888,0.676225235,0.660583942,0.665623914,0.66527633,0.661018422,0.67057699,0.669708029,0.681873479,0.673183872,0.676485923,0.672141119,0.677094195,0.671619743,0.672401807,0.6681439,0.673707084,0.67396784
GCF_029338355.1,Halosegnis marinus,0.713825056,0.615012639,0.666007254,0.668974613,0.672491483,0.687767887,0.707000769,0.710407737,0.723376195,0.720628641,0.725574239,0.724695021,0.71810089,0.717661281,0.721178151,0.723156391,0.715902846,0.724365315,0.718760303,0.724035608,0.721745822,0.723504837,0.72119613,0.719876869,0.718557608,0.722863741,0.72539316,0.718354778,0.719674475
GCF_029338515.1,Haloglomus litoreum,0.699169737,0.62282789,0.649289783,0.648280337,0.658807412,0.676472709,0.682240969,0.700555195,0.702285673,0.700627298,0.70466508,0.704809287,0.697526858,0.708414449,0.707405004,0.703439325,0.703295119,0.709495998,0.705169803,0.705962939,0.706539765,0.705241906,0.706683971,0.707044488,0.702285673,0.712380128,0.706683971,0.706467662,0.707693417
GCF_030505615.1,Salinibaculum sp. KK48,0.618592825,0.537281317,0.570867247,0.555711479,0.571802788,0.589765179,0.598091496,0.617363645,0.616708766,0.611469735,0.611843952,0.619608944,0.620731593,0.60931799,0.612405276,0.616615212,0.613247264,0.611095519,0.615024792,0.611750398,0.617270091,0.612779493,0.614557021,0.623912433,0.611376181,0.623338948,0.610237694,0.613138686,0.613419427
GCF_031312535.1,Methanolobus mangrovi,0.432222222,0.35478284,0.347055689,0.324940048,0.347055689,0.357980282,0.367439382,0.377697842,0.392352784,0.404343192,0.407274181,0.408872902,0.417665867,0.410871303,0.4277911,0.430988542,0.42126299,0.417266187,0.42206235,0.421795897,0.418998135,0.426858513,0.431654676,0.4372502,0.429656275,0.422861711,0.435385025,0.429389821,0.424860112
GCF_031312595.1,Methanolobus sediminis,0.425969837,0.362995921,0.350389321,0.327153627,0.351872451,0.350018539,0.360771227,0.375108145,0.392040539,0.400074156,0.397725868,0.40588308,0.412309974,0.406006674,0.42541095,0.416759362,0.41638858,0.413669509,0.424175009,0.425816024,0.418644906,0.431503462,0.429648863,0.431627102,0.421364985,0.426805143,0.430637982,0.413452028,0.420746785
GCF_032116555.1,Halobaculum sp. XH14,0.686973296,0.598258029,0.626111414,0.626746507,0.644347668,0.658591907,0.669660679,0.689983669,0.694338596,0.681183088,0.692161132,0.69225186,0.685900925,0.686354564,0.686354564,0.692886953,0.685175104,0.696697514,0.685538015,0.694701506,0.698874977,0.693612774,0.691442055,0.698157728,0.690534531,0.699337508,0.686269171,0.695707414,0.686178419
GCF_040025155.1,Halobaculum sp. QDC11,0.68810517,0.597755865,0.61849711,0.63561147,0.649665647,0.665193245,0.676187238,0.690808115,0.687634591,0.691828176,0.691374816,0.689108013,0.697495183,0.688881333,0.693074918,0.693301598,0.692961578,0.699648646,0.692508217,0.693528278,0.692394877,0.700782047,0.692508217,0.703741497,0.689795918,0.691609977,0.697165533,0.697165533,0.689002268
GCF_032113415.1,Halobellus sp. DFY28,0.646397102,0.570012392,0.579182156,0.577199504,0.588351921,0.620322181,0.621726559,0.637092111,0.649153242,0.640809583,0.637835605,0.642544403,0.646922759,0.639983478,0.650557621,0.642627014,0.646840149,0.647501033,0.647170591,0.64031392,0.655596861,0.647335812,0.652705494,0.643453119,0.650227179,0.650805452,0.647418422,0.655844692,0.64360691
GCF_038022665.1,Methanolobus sp. WCC4,0.460137975,0.386999244,0.36696901,0.347064752,0.372008062,0.372637944,0.383849836,0.405769715,0.420760897,0.416729655,0.425547997,0.441421013,0.432224742,0.430209121,0.452129,0.446082137,0.441672965,0.439909297,0.448727639,0.450113379,0.449609473,0.45074326,0.454774502,0.457168052,0.451121189,0.449861426,0.454396573,0.442680776,0.450617284
GCF_037338445.1,Salinibaculum sp. SYNS191,0.666622749,0.56748082,0.603021763,0.596054486,0.601377799,0.619461406,0.649131047,0.656489745,0.661813058,0.651557852,0.66048223,0.657194301,0.668154063,0.65406294,0.66557069,0.664631282,0.664944418,0.66243933,0.662282762,0.669563175,0.663770158,0.664474714,0.672303116,0.670424299,0.660247377,0.676765305,0.664239862,0.667919211,0.665100619
GCF_037335815.1,Salinirubellus sp. SYNS196,0.682491799,0.60713828,0.631487889,0.630718954,0.641484045,0.656542356,0.665769576,0.676214277,0.676022043,0.682750224,0.688389081,0.678969627,0.6816609,0.684352172,0.682686146,0.686723055,0.686466744,0.686082276,0.678521082,0.687239633,0.688072807,0.68859396,0.688273386,0.690073105,0.677760677,0.689239451,0.679107349,0.6848788,0.687644342
GCF_038446525.1,Methanolobus sp. ZRKC5,0.417211497,0.3445758,0.337042188,0.333565137,0.344343996,0.353268428,0.351761706,0.37366713,0.382823366,0.3918637,0.393718127,0.395224849,0.396267965,0.405656004,0.424432082,0.416318962,0.411103384,0.406235512,0.419796013,0.412610107,0.4121465,0.412262401,0.408669448,0.419911915,0.414000927,0.4054242,0.413885025,0.41353732,0.405192397
GCF_041530035.1,Halomicrobium sp. HM KBTZ05,0.672820223,0.57312253,0.602412081,0.596432553,0.608898348,0.638187899,0.641836424,0.653390088,0.66159927,0.661700618,0.656633222,0.665754535,0.666159927,0.660383095,0.668389581,0.665450492,0.657748049,0.668693625,0.665349144,0.67041654,0.673963717,0.670517888,0.671531367,0.677514193,0.666869424,0.670620438,0.66717356,0.675892133,0.669201135