Accession Number,Species,Core_GC3,codon_2,codon_3,codon_4,codon_5,codon_6,codon_7,codon_8,codon_9,codon_10,codon_11,codon_12,codon_13,codon_14,codon_15,codon_16,codon_17,codon_18,codon_19,codon_20,codon_21,codon_22,codon_23,codon_24,codon_25,codon_26,codon_27,codon_28,codon_29
GCF_009729015.1,Acidianus ambivalens,0.274219447,0.266641016,0.30819546,0.249326664,0.268180069,0.252020008,0.262793382,0.281646787,0.287803001,0.298961139,0.273181993,0.27279723,0.255482878,0.28087726,0.269334359,0.287033474,0.278183917,0.27164294,0.264049269,0.250577367,0.289068514,0.270977675,0.260685406,0.271186441,0.281201849,0.268875193,0.266563945,0.278505393,0.289676425
GCF_019175305.1,Saccharolobus shibatae,0.318100629,0.294175716,0.348469891,0.286936492,0.270483712,0.292201382,0.314248108,0.318525831,0.319183942,0.322145443,0.315893386,0.311615663,0.311944719,0.307008885,0.312931885,0.296479105,0.307008885,0.306350773,0.318196775,0.30437644,0.315235275,0.310628496,0.317209608,0.323790721,0.319842053,0.308325107,0.31260283,0.309312274,0.328176432
GCF_900079115.1,Saccharolobus solfataricus,0.32973638,0.28372093,0.340465116,0.303255814,0.301395349,0.293023256,0.316589147,0.322790698,0.332403101,0.323410853,0.311937984,0.325271318,0.319379845,0.328682171,0.308217054,0.311007752,0.314418605,0.308217054,0.31875969,0.312248062,0.336124031,0.311627907,0.315968992,0.32620155,0.328682171,0.31379845,0.326511628,0.308312655,0.309028855
GCF_009729035.1,Stygiolobus azoricus,0.356242424,0.311947931,0.335657834,0.30125523,0.309623431,0.339841934,0.314272431,0.324500232,0.316596932,0.309623431,0.343096234,0.326824733,0.329149233,0.334263133,0.327289633,0.332403533,0.332403533,0.32,0.347906977,0.322790698,0.338604651,0.355813953,0.32759423,0.340158213,0.357375523,0.337366217,0.342484877,0.337366217,0.348534202
GCF_028472005.1,Sulfolobus islandicus,0.308418035,0.272195458,0.331039229,0.289401239,0.27047488,0.286992429,0.300068823,0.319339298,0.324156917,0.293874742,0.305918789,0.292842395,0.301445286,0.311768754,0.309704061,0.29008947,0.306262904,0.295939436,0.305230557,0.283207158,0.298348245,0.287680661,0.309704061,0.305679862,0.296041308,0.307745267,0.305096419,0.307268343,0.313232254
GCF_023169565.1,Metallosphaera sedula,0.547519026,0.405714286,0.435510204,0.403673469,0.432244898,0.455510204,0.460816327,0.457142857,0.468163265,0.482857143,0.510204082,0.502040816,0.485306122,0.504489796,0.486938776,0.50244898,0.520408163,0.513061224,0.523673469,0.502857143,0.511428571,0.506530612,0.530612245,0.519591837,0.522857143,0.531020408,0.534285714,0.533061224,0.511020408
GCF_005222525.1,Metallosphaera prunae,0.545831378,0.406263225,0.438002539,0.406263225,0.434193821,0.459162082,0.456199746,0.460854846,0.457469319,0.481168007,0.505289886,0.495133305,0.489631824,0.499788405,0.482437579,0.509944985,0.528565383,0.50740584,0.517562421,0.511214558,0.512060939,0.503597122,0.528988574,0.520101566,0.520524757,0.533643673,0.539568345,0.532374101,0.523910284
GCF_002214585.1,Thermococcus profundus,0.69116941,0.653828088,0.636449037,0.585720996,0.594175669,0.593236261,0.6092062,0.630812588,0.624706435,0.638327853,0.621418506,0.64255519,0.667919211,0.653828088,0.651009864,0.664631282,0.664631282,0.666510099,0.677782997,0.679192109,0.684358854,0.668858619,0.66322217,0.667449507,0.672616252,0.669172932,0.666823308,0.666353383,0.659304511
GCF_001592435.1,Thermococcus peptonophilus,0.654820789,0.639376218,0.627192982,0.579434698,0.582358674,0.573586745,0.575048733,0.574561404,0.610623782,0.617446394,0.623294347,0.619395712,0.614035088,0.633528265,0.625243665,0.637426901,0.632066277,0.626705653,0.643762183,0.630116959,0.632066277,0.624269006,0.6291423,0.630116959,0.626218324,0.64668616,0.645711501,0.631091618,0.619883041
GCF_002214465.1,Thermococcus barossii,0.728910291,0.63627451,0.662254902,0.604411765,0.640196078,0.616176471,0.630392157,0.654411765,0.647058824,0.650980392,0.658823529,0.674019608,0.689215686,0.681862745,0.683823529,0.680882353,0.700980392,0.688235294,0.703921569,0.701470588,0.692156863,0.692647059,0.689215686,0.684313725,0.691176471,0.693137255,0.699509804,0.68872549,0.68872549
GCF_014962245.1,Thermosphaera aggregans,0.555779154,0.519774011,0.480932203,0.487288136,0.505649718,0.47740113,0.480932203,0.492937853,0.502824859,0.503531073,0.521892655,0.536016949,0.525423729,0.514830508,0.518361582,0.546610169,0.550141243,0.52259887,0.505649718,0.528954802,0.513418079,0.546610169,0.548728814,0.542372881,0.55720339,0.549435028,0.528248588,0.543785311,0.53460452
GCF_036323395.1,Pyrodictium abyssi,0.70529024,0.666945607,0.652719665,0.59916318,0.626359833,0.649790795,0.625104603,0.642677824,0.654393305,0.641422594,0.657322176,0.674895397,0.679916318,0.653138075,0.674058577,0.685774059,0.69539749,0.660669456,0.675313808,0.664016736,0.670711297,0.661506276,0.670292887,0.680334728,0.671548117,0.669874477,0.688702929,0.69623431,0.692887029
GCF_900012635.1,Thermococcus chitonophagus,0.496819666,0.523415978,0.548209366,0.455004591,0.479338843,0.455004591,0.453168044,0.467860422,0.481634527,0.479338843,0.482552801,0.469237833,0.486225895,0.466483012,0.47680294,0.476343592,0.480018374,0.481396417,0.478640331,0.465319247,0.471264368,0.488275862,0.491720331,0.486200552,0.460441582,0.481600736,0.477920883,0.475620975,0.477460902
GCF_001433455.1,Thermococcus barophilus,0.422065728,0.431342716,0.454925827,0.406238113,0.396728794,0.403575504,0.383415747,0.406618486,0.395587676,0.402434386,0.417649296,0.410422214,0.417268924,0.41536706,0.40433625,0.407379232,0.421072651,0.403575504,0.424876379,0.417649296,0.414225941,0.407759604,0.403575504,0.403195131,0.394066185,0.405477368,0.40433625,0.40433625,0.411943705
GCF_000009965.1,Thermococcus kodakarensis KOD1,0.664890181,0.628360798,0.631830009,0.56114484,0.604943625,0.563746748,0.568516912,0.591500434,0.626626193,0.604943625,0.610147441,0.607111882,0.633564614,0.61274935,0.627059844,0.657415438,0.643972246,0.660450997,0.656114484,0.630962706,0.650043365,0.630962706,0.643538595,0.630962706,0.641370338,0.643972246,0.657415438,0.637467476,0.64180399
GCF_000011105.1,Pyrococcus horikoshii OT3,0.427833432,0.470368393,0.473037907,0.428190069,0.421783235,0.408435665,0.373198078,0.411105179,0.415376401,0.403096636,0.39241858,0.414842499,0.42071543,0.395621997,0.419647624,0.403096636,0.412172985,0.397757608,0.415910304,0.412706887,0.40950347,0.397757608,0.422317138,0.407367859,0.419647624,0.403630539,0.389215163,0.40950347,0.398825414
GCF_002214385.1,Thermococcus gorgonarius,0.654992968,0.603671706,0.61825054,0.56587473,0.56587473,0.588552916,0.580453564,0.59287257,0.56425486,0.595572354,0.617710583,0.606911447,0.61987041,0.630669546,0.624190065,0.626349892,0.613930886,0.625809935,0.63174946,0.610151188,0.630669546,0.611771058,0.623650108,0.639848812,0.616090713,0.638768898,0.635529158,0.632289417,0.623650108
GCF_002214485.1,Thermococcus pacificus,0.726095994,0.64398977,0.656265985,0.601023018,0.62915601,0.613299233,0.617902813,0.649616368,0.621994885,0.652685422,0.654219949,0.661381074,0.689002558,0.682352941,0.687468031,0.67826087,0.683887468,0.690537084,0.715089514,0.681841432,0.700255754,0.699744246,0.692071611,0.677749361,0.682352941,0.685261003,0.708802456,0.678607984,0.698924731
GCF_002214505.1,Thermococcus siculi,0.745238095,0.666666667,0.660130719,0.617647059,0.629785247,0.657329599,0.629318394,0.659197012,0.657796452,0.672735761,0.669467787,0.683940243,0.686741363,0.713818861,0.680672269,0.68907563,0.704014939,0.732492997,0.72875817,0.716619981,0.721158337,0.739374124,0.70294255,0.714152265,0.710882765,0.704810836,0.731433909,0.708547408,0.710882765
GCF_024022995.1,Thermococcus aggregans,0.455323438,0.453163315,0.460029426,0.409024031,0.405100539,0.378616969,0.418342325,0.424227563,0.431093673,0.424227563,0.414418833,0.448749387,0.445316332,0.423737126,0.428641491,0.42177538,0.433055419,0.44825895,0.418832761,0.449239823,0.443354586,0.438450221,0.432564983,0.415890142,0.446787641,0.442373713,0.418342325,0.420304071,0.455125061
GCF_001006045.1,Geoglobus ahangari,0.714296215,0.616176471,0.629411765,0.607352941,0.620588235,0.615686275,0.605882353,0.628921569,0.637745098,0.660294118,0.654411765,0.63627451,0.665196078,0.68872549,0.682843137,0.673529412,0.683333333,0.657843137,0.666993624,0.671897989,0.685630211,0.664051005,0.690534576,0.678273664,0.667974497,0.667484061,0.684649338,0.653751839,0.670917116
GCF_002214525.1,Thermococcus sp. P6,0.725723906,0.644582043,0.634055728,0.598142415,0.639009288,0.621671827,0.623529412,0.631578947,0.640866873,0.642105263,0.66625387,0.674303406,0.693498452,0.66873065,0.678018576,0.687925697,0.695975232,0.710835913,0.690402477,0.684210526,0.720123839,0.691021672,0.708359133,0.66996904,0.698452012,0.709597523,0.695356037,0.699690402,0.707739938
GCF_000265525.1,Thermococcus cleftensis,0.755525942,0.66344761,0.676001931,0.631578947,0.671173346,0.658619025,0.63737325,0.6798648,0.684210526,0.689039112,0.69290198,0.711250604,0.71559633,0.706422018,0.707387735,0.723804925,0.732979237,0.719459198,0.729116369,0.739256398,0.726702076,0.731530662,0.719459198,0.722839208,0.740704973,0.728150652,0.73539353,0.749879285,0.732979237
GCF_000265525.1,uncultured Methanobacterium sp.,0.37628157,0.267366994,0.254151135,0.287699085,0.285665876,0.288037953,0.311080989,0.346662148,0.335479498,0.315825144,0.35377838,0.348356489,0.325991189,0.362927821,0.364622162,0.368813559,0.362711864,0.359661017,0.337627119,0.353220339,0.363728814,0.355254237,0.337288136,0.361694915,0.359661017,0.342372881,0.361694915,0.360338983,0.358305085
GCF_000007225.1,Pyrobaculum aerophilum str. IM2,0.601750449,0.521638331,0.505023184,0.504636785,0.501931994,0.539412674,0.526661515,0.571483771,0.570710974,0.586553323,0.578825348,0.579598145,0.586553323,0.590030912,0.580757342,0.594124468,0.577116351,0.579822188,0.588553751,0.572312452,0.576566125,0.584686775,0.590873937,0.576179428,0.605955143,0.605568445,0.597061098,0.579659706,0.586620263
GCF_000007305.1,Pyrococcus furiosus DSM 3638,0.387027218,0.434343434,0.427128427,0.381433381,0.403078403,0.353535354,0.34968735,0.368446368,0.371813372,0.377585378,0.362193362,0.364598365,0.392977393,0.362674363,0.358826359,0.371813372,0.386724387,0.385281385,0.394901395,0.375180375,0.376142376,0.38047138,0.372775373,0.386724387,0.386243386,0.392685274,0.359961501,0.367661213,0.384985563
GCF_002214565.1,Thermococcus radiotolerans,0.757767077,0.646153846,0.65955335,0.596029777,0.652605459,0.622332506,0.632258065,0.646153846,0.637220844,0.677915633,0.6808933,0.693796526,0.702233251,0.705210918,0.698759305,0.708684864,0.719602978,0.697766749,0.719602978,0.710669975,0.706699752,0.698263027,0.706699752,0.704218362,0.710669975,0.705707196,0.720595533,0.709677419,0.706203474
GCF_946300405.1,Thermococcus nautili,0.722336609,0.677894737,0.694315789,0.643368421,0.627789474,0.627368421,0.631578947,0.655578947,0.640421053,0.662315789,0.668631579,0.682526316,0.671578947,0.680421053,0.685473684,0.674526316,0.695578947,0.693894737,0.704842105,0.700631579,0.696421053,0.680421053,0.690105263,0.699368421,0.697684211,0.696,0.714105263,0.699789474,0.702315789
GCF_000008665.1,Archaeoglobus fulgidus DSM 4304,0.588277549,0.542595541,0.512738854,0.507165605,0.507563694,0.521894904,0.512738854,0.54339172,0.550557325,0.542197452,0.548964968,0.546974522,0.551751592,0.543789809,0.556130573,0.565286624,0.5625,0.560509554,0.548387097,0.544006372,0.562724014,0.56352051,0.573476703,0.571087216,0.569892473,0.569721116,0.550239234,0.560606061,0.559234144
GCF_000091665.1,Methanocaldococcus jannaschii DSM 2661,0.237953995,0.228786251,0.273899033,0.264769066,0.223952739,0.23952739,0.231471536,0.227712137,0.237379162,0.236842105,0.233082707,0.233082707,0.229860365,0.255639098,0.23952739,0.248120301,0.22514777,0.247982786,0.235610543,0.243679398,0.249058634,0.231845078,0.231307154,0.234534696,0.224852071,0.243679398,0.240451856,0.239913932,0.237224314
GCF_000151205.2,Thermococcus sp. AM4,0.730554209,0.666079295,0.672687225,0.647136564,0.653744493,0.650660793,0.651101322,0.655066079,0.65154185,0.678854626,0.681057269,0.688986784,0.674008811,0.705286344,0.703524229,0.704845815,0.70660793,0.70660793,0.705286344,0.704405286,0.710572687,0.710885853,0.711767298,0.692816219,0.72939621,0.698104892,0.702071397,0.713970912,0.707800793
GCF_000011125.1,Aeropyrum pernix K1,0.681685922,0.586065574,0.612997658,0.586065574,0.587822014,0.630562061,0.615339578,0.614754098,0.631147541,0.617681499,0.629391101,0.648711944,0.630562061,0.639344262,0.658079625,0.650468384,0.657494145,0.634660422,0.653395785,0.643442623,0.653395785,0.656323185,0.663348946,0.649882904,0.653395785,0.672716628,0.659250585,0.671545667,0.660421546
GCF_000195935.2,Pyrococcus abyssi GE5,0.501306436,0.516414799,0.546638874,0.487754039,0.478374153,0.485148515,0.465867639,0.476810839,0.477331944,0.483064096,0.469515373,0.48566962,0.500781657,0.471078687,0.512767066,0.477331944,0.5054716,0.48566962,0.49557061,0.496871741,0.488529718,0.491657977,0.499217527,0.495565989,0.502869066,0.483046427,0.49191445,0.48513302,0.484611372
GCF_000007005.1,Saccharolobus solfataricus P2,0.329599239,0.281476807,0.340485958,0.30293468,0.302303566,0.294730199,0.313663616,0.323130325,0.333543705,0.32155254,0.313032502,0.322814768,0.320290312,0.325023667,0.308299148,0.313663616,0.312716945,0.308299148,0.316819186,0.31429473,0.338908173,0.312716945,0.323130325,0.329441464,0.326285895,0.315556958,0.323863636,0.308907138,0.307109005
GCF_000011205.1,Sulfurisphaera tokodaii str. 7,0.24349625,0.246288799,0.280701754,0.244264507,0.227732794,0.242240216,0.258097166,0.245276653,0.265182186,0.257759784,0.26417004,0.237516869,0.25,0.240215924,0.253711201,0.256747638,0.23582996,0.254048583,0.237179487,0.228070175,0.256747638,0.234817814,0.231443995,0.247721903,0.24341661,0.264686023,0.252532073,0.23160027,0.236486486
GCF_002214545.1,Thermococcus thioreducens,0.695414033,0.646320346,0.649350649,0.575324675,0.604761905,0.613419913,0.600865801,0.621645022,0.630735931,0.623376623,0.648051948,0.65021645,0.646753247,0.654545455,0.668831169,0.658008658,0.675324675,0.659307359,0.65974026,0.661038961,0.664935065,0.656128194,0.666955392,0.653529667,0.668254656,0.650064963,0.685578172,0.676483326,0.67561715
GCF_028471785.1,Thermococcus kodakarensis,0.665080136,0.621363439,0.634824142,0.561441598,0.604429006,0.566652193,0.566217977,0.5935736,0.629179331,0.603994789,0.610508033,0.607902736,0.63048198,0.612244898,0.63048198,0.656534954,0.643074251,0.662613982,0.653929657,0.632218845,0.655232306,0.630916196,0.640468954,0.63048198,0.639600521,0.641771602,0.660877117,0.636561007,0.643508467
GCF_000016385.1,Pyrobaculum arsenaticum DSM 13514,0.690189625,0.558787879,0.585050505,0.569292929,0.574949495,0.589494949,0.607272727,0.613737374,0.615353535,0.627474747,0.637171717,0.648484848,0.646464646,0.653737374,0.634599838,0.645917542,0.651576395,0.636216653,0.656022635,0.650767987,0.658043654,0.665723525,0.64995958,0.653193209,0.66734034,0.653193209,0.666531932,0.662085691,0.661277284
GCF_000211475.1,Pyrococcus sp. NA2,0.441436464,0.490708187,0.483676544,0.422400804,0.425916625,0.431943747,0.418382722,0.432446007,0.428427926,0.425414365,0.428427926,0.432948267,0.437468609,0.414364641,0.432948267,0.433952788,0.445002511,0.428427926,0.452536414,0.437970869,0.432948267,0.431943747,0.419387243,0.437468609,0.424912104,0.431875314,0.437122736,0.425050302,0.415995976
GCF_000015225.1,Thermofilum pendens Hrk 5,0.74199505,0.656623377,0.612987013,0.629090909,0.604675325,0.643636364,0.666493506,0.672207792,0.654025974,0.679480519,0.679480519,0.693506494,0.697142857,0.683116883,0.68987013,0.704935065,0.701818182,0.684155844,0.722597403,0.703376623,0.697662338,0.721558442,0.709090909,0.722597403,0.72,0.696623377,0.710649351,0.723116883,0.714805195
GCF_000019605.1,Candidatus Korarchaeum cryptofilum OPF8,0.580141374,0.5967838,0.602739726,0.588445503,0.604526504,0.596188207,0.595592615,0.597379392,0.582489577,0.591423466,0.602739726,0.606908874,0.604526504,0.584871948,0.611078023,0.578916021,0.589041096,0.593210244,0.578916021,0.561643836,0.572364503,0.579511614,0.565217391,0.580702799,0.558665873,0.544967242,0.541989279,0.575342466,0.572960095
GCF_000015205.1,Pyrobaculum islandicum DSM 4184,0.532405892,0.453146853,0.452680653,0.437296037,0.445687646,0.476923077,0.481585082,0.485780886,0.498834499,0.502564103,0.501165501,0.51981352,0.508624709,0.512820513,0.515617716,0.511888112,0.5002331,0.521212121,0.500699301,0.51002331,0.505361305,0.521212121,0.529137529,0.485314685,0.529137529,0.498834499,0.521921642,0.520522388,0.511432571
GCF_000151105.2,Thermococcus barophilus MP,0.417468983,0.427867384,0.453853047,0.401433692,0.389784946,0.396505376,0.370967742,0.414426523,0.390681004,0.396505376,0.406362007,0.401433692,0.407706093,0.415322581,0.405017921,0.399641577,0.406362007,0.411290323,0.409498208,0.41890681,0.418010753,0.396505376,0.39516129,0.405913978,0.410842294,0.409681757,0.408337069,0.402061856,0.401613626
GCF_000018305.1,Caldivirga maquilingensis IC-167,0.454362771,0.392559961,0.423396965,0.414586393,0.414096916,0.43318649,0.429760157,0.426333823,0.440528634,0.43318649,0.449339207,0.439549682,0.428291728,0.461576114,0.453255017,0.453744493,0.46206559,0.45031816,0.441018111,0.431228585,0.448849731,0.435144395,0.447381302,0.452276065,0.428291728,0.424375918,0.445423397,0.435633872,0.433675967
GCF_000016605.1,Metallosphaera sedula DSM 5348,0.547100424,0.410191083,0.433970276,0.410191083,0.437367304,0.451380042,0.458598726,0.460721868,0.452653928,0.481104034,0.509129512,0.499787686,0.485350318,0.501061571,0.483227176,0.512101911,0.527388535,0.511677282,0.516348195,0.509129512,0.511252654,0.504458599,0.527388535,0.521868365,0.520169851,0.53163482,0.540552017,0.532908705,0.523991507
GCF_000015945.1,Staphylothermus marinus F1,0.284070599,0.33597561,0.321341463,0.293902439,0.276219512,0.268902439,0.252439024,0.262195122,0.27195122,0.279878049,0.287804878,0.29695122,0.307317073,0.275609756,0.289634146,0.270121951,0.29695122,0.296341463,0.295731707,0.276219512,0.280487805,0.27195122,0.256707317,0.275609756,0.286585366,0.275609756,0.273780488,0.302439024,0.267073171
GCF_000015805.1,Pyrobaculum calidifontis JCM 11548,0.72722305,0.585312225,0.645118734,0.59058927,0.599824099,0.615655233,0.624010554,0.646437995,0.671943712,0.653034301,0.67766051,0.690413369,0.689973615,0.692612137,0.671503958,0.693491645,0.686015831,0.693931398,0.677220756,0.696130167,0.68469657,0.692172383,0.702286719,0.690853122,0.717238347,0.699208443,0.717238347,0.705364996,0.707124011
GCF_000015145.1,Hyperthermus butylicus DSM 5456,0.587422592,0.578591549,0.574647887,0.572957746,0.553802817,0.562253521,0.545352113,0.545352113,0.545915493,0.58084507,0.558873239,0.565633803,0.566760563,0.563380282,0.553802817,0.54084507,0.567323944,0.554366197,0.554366197,0.569577465,0.558309859,0.558873239,0.564507042,0.562816901,0.56056338,0.604507042,0.572957746,0.566197183,0.568207441
GCF_000022485.1,Sulfolobus islandicus Y.N.15.51,0.311766849,0.282227785,0.326032541,0.29505632,0.273153942,0.304755945,0.307571965,0.334793492,0.304443054,0.310700876,0.315707134,0.306320401,0.309449312,0.316020025,0.317897372,0.310075094,0.303191489,0.298498123,0.293491865,0.288485607,0.318836045,0.296307885,0.316217909,0.321540388,0.306199123,0.304946775,0.300031319,0.306390977,0.31641604
GCF_000024305.1,Sulfolobus islandicus L.D.8.5,0.307758403,0.286277085,0.326986211,0.304333552,0.286277085,0.301707157,0.298424163,0.314839133,0.312541037,0.300722259,0.308929744,0.30006566,0.299080762,0.313197636,0.31089954,0.300393959,0.309586343,0.296782666,0.299409061,0.298752462,0.318122127,0.295469468,0.313525936,0.31089954,0.304990151,0.312212738,0.311884439,0.303119869,0.319868637
GCF_000022405.1,Sulfolobus islandicus M.14.25,0.305577796,0.275463773,0.325516276,0.290514526,0.273013651,0.286664333,0.305215261,0.315015751,0.320616031,0.305915296,0.306265313,0.290164508,0.293314666,0.302415121,0.307315366,0.289814491,0.302415121,0.294714736,0.295064753,0.289464473,0.309415471,0.287714386,0.304515226,0.303115156,0.297514876,0.306022409,0.306022409,0.303677758,0.308231173
GCF_000022385.1,Sulfolobus islandicus L.S.2.15,0.305781011,0.280210734,0.324333224,0.299967073,0.280540007,0.305893974,0.296345077,0.317089233,0.310174514,0.297003622,0.30819888,0.304906157,0.305564702,0.30391834,0.313137965,0.29667435,0.304247613,0.301284162,0.298649984,0.294698716,0.2996378,0.285149819,0.302271979,0.311491604,0.302601251,0.314784327,0.299967073,0.291831357,0.314662273
GCF_000022465.1,Sulfolobus islandicus Y.G.57.14,0.312955829,0.28394234,0.325175997,0.298022125,0.276231981,0.304056319,0.29634596,0.332551123,0.307073416,0.303721086,0.306738183,0.30305062,0.306067717,0.308414348,0.315789474,0.296010727,0.305397251,0.292658398,0.294669796,0.288300369,0.311096212,0.294334563,0.310760979,0.3221589,0.307511737,0.3101945,0.29711603,0.311975847,0.311304931
GCF_000019805.1,Pyrobaculum neutrophilum V24Sta,0.784840183,0.644730332,0.699158832,0.661553686,0.683819891,0.692726373,0.693715982,0.715982187,0.716971796,0.728847105,0.742701633,0.748639287,0.75655616,0.767936665,0.755566551,0.754082138,0.747649678,0.759524988,0.747154874,0.765957447,0.758040574,0.745175656,0.747154874,0.759524988,0.773379515,0.772884711,0.764967838,0.766947056,0.776348342
GCF_000017945.1,Ignicoccus hospitalis KIN4/I,0.768893894,0.740189445,0.741542625,0.715832206,0.725304465,0.737483085,0.717861976,0.734776725,0.709742896,0.708389716,0.732070365,0.718538566,0.747631935,0.738159675,0.731393775,0.743572395,0.728010825,0.739512855,0.763870095,0.768606225,0.761840325,0.736129905,0.764546685,0.763870095,0.747631935,0.774018945,0.752368065,0.769959405,0.761840325
GCF_000020905.1,Desulfurococcus amylolyticus 1221n,0.490018243,0.469118668,0.510062457,0.487855656,0.437890354,0.431644691,0.453157529,0.426786954,0.448993754,0.478834143,0.437196391,0.470506593,0.471894518,0.478834143,0.474670368,0.480222068,0.476058293,0.486467731,0.478834143,0.47258848,0.484385843,0.481609993,0.496183206,0.489243581,0.493407356,0.482303956,0.488549618,0.477446218,0.498959056
GCF_019175345.1,Saccharolobus shibatae B12,0.313181707,0.293758044,0.333976834,0.285714286,0.282818533,0.290862291,0.315637066,0.31048906,0.321106821,0.314028314,0.314350064,0.304375804,0.296653797,0.308236808,0.302123552,0.2998713,0.307271557,0.303088803,0.301158301,0.296332046,0.301158301,0.306306306,0.303732304,0.317567568,0.318532819,0.297940798,0.317889318,0.292981326,0.317450097
GCF_000246985.2,Thermococcus litoralis DSM 5473,0.454026132,0.451887942,0.449857897,0.438083638,0.419407227,0.407226959,0.418595209,0.437677629,0.419001218,0.440113683,0.446203816,0.449857897,0.443767763,0.430369468,0.433211531,0.422655298,0.436459602,0.44863987,0.426309379,0.434835566,0.42955745,0.441331709,0.412911084,0.444173772,0.4409257,0.437677629,0.416971173,0.428919578,0.444354184
GCF_000018365.1,Thermococcus onnurineus NA1,0.65387703,0.603491272,0.629426434,0.565087282,0.580049875,0.581546135,0.571072319,0.567581047,0.596508728,0.579052369,0.594014963,0.602992519,0.606982544,0.602992519,0.615461347,0.6319202,0.620947631,0.62394015,0.609476309,0.623441397,0.637905237,0.624438903,0.610473815,0.602992519,0.611277445,0.609281437,0.612774451,0.622255489,0.612774451
GCF_000215995.1,Pyrococcus yayanosii CH1,0.643915344,0.631830239,0.663129973,0.604244032,0.605835544,0.600530504,0.594164456,0.603183024,0.603713528,0.609549072,0.607427056,0.615915119,0.611140584,0.620159151,0.624933687,0.632891247,0.616445623,0.628116711,0.613262599,0.619628647,0.638196286,0.63163482,0.628450106,0.616772824,0.619957537,0.625265393,0.631104034,0.626857749,0.624734607
GCF_000148385.1,Vulcanisaeta distributa DSM 14429,0.513318934,0.442987684,0.469209376,0.45371474,0.469209376,0.461263409,0.440603894,0.490663488,0.484704013,0.500595948,0.510131108,0.505363528,0.502185141,0.491855383,0.494239174,0.503774335,0.475168852,0.501787843,0.493444577,0.501390544,0.467222884,0.495828367,0.491060787,0.481922924,0.502979738,0.502979738,0.477155344,0.478744537,0.506952721
GCF_000025285.1,Archaeoglobus profundus DSM 5631,0.442164179,0.471830986,0.486998917,0.442036836,0.423618635,0.437703142,0.432286024,0.427410618,0.446370531,0.445828819,0.44312026,0.439328277,0.434452871,0.440953413,0.438244854,0.426327194,0.433911159,0.464788732,0.442578548,0.432827736,0.44312026,0.426327194,0.453954496,0.445828819,0.437703142,0.44312026,0.429268293,0.45010846,0.422451193
GCF_000092305.1,Methanocaldococcus infernus ME,0.290376465,0.246575342,0.314383562,0.276027397,0.263013699,0.270547945,0.255479452,0.278082192,0.247945205,0.271232877,0.282191781,0.274657534,0.271232877,0.249315068,0.278767123,0.267123288,0.278082192,0.309589041,0.287671233,0.27260274,0.274657534,0.300684932,0.266438356,0.269178082,0.267808219,0.289239205,0.272789582,0.270047978,0.272789582
GCF_000023985.1,Methanocaldococcus fervens AG86,0.253596551,0.230674088,0.275819419,0.240568955,0.234384663,0.239950526,0.22139765,0.231910946,0.227581942,0.237476809,0.246134818,0.249226964,0.232529375,0.259121831,0.23685838,0.255411255,0.237476809,0.249226964,0.230055659,0.245516388,0.252937539,0.260358689,0.230055659,0.256648114,0.249845393,0.243042672,0.224489796,0.238713667,0.2288188
GCF_000517445.1,Thermococcus paralvinellae,0.383058136,0.392957746,0.423943662,0.374178404,0.378403756,0.339906103,0.35258216,0.380751174,0.36713615,0.350234742,0.358685446,0.359624413,0.369953052,0.38028169,0.364319249,0.404694836,0.374178404,0.371361502,0.376525822,0.379342723,0.394366197,0.366197183,0.369014085,0.368075117,0.36713615,0.3657277,0.351643192,0.374823861,0.351808361
GCF_000025505.1,Ferroglobus placidus DSM 10642,0.496891652,0.506801399,0.491255344,0.471434124,0.472211426,0.46210649,0.470656821,0.483093665,0.477652546,0.489700738,0.495141858,0.489700738,0.474931986,0.50136028,0.480373105,0.485425573,0.471434124,0.482705014,0.501166407,0.473172628,0.482115086,0.469649805,0.489883268,0.50311284,0.485214008,0.484624367,0.484624367,0.502530167,0.490073959
GCF_000092465.1,Staphylothermus hellenicus DSM 12710,0.303701196,0.345521024,0.338817794,0.30591103,0.294942108,0.306520414,0.269957343,0.288238879,0.276051188,0.304082876,0.305301645,0.304082876,0.303473492,0.309567337,0.310786106,0.284582572,0.326020719,0.31261426,0.322973796,0.298598416,0.283363803,0.287629494,0.279098111,0.286410725,0.285801341,0.281535649,0.307739183,0.310786106,0.2992078
GCF_000022365.1,Thermococcus gammatolerans EJ3,0.69800743,0.660697888,0.653351699,0.613406795,0.622130395,0.632231405,0.620293848,0.638200184,0.646923783,0.63865932,0.648760331,0.663911846,0.668962351,0.650596878,0.670188333,0.668810289,0.687184198,0.663757464,0.686265503,0.680293983,0.683050069,0.675700505,0.665135508,0.663757464,0.678915939,0.667738971,0.659007353,0.667738971,0.681525735
GCF_000022545.1,Thermococcus sibiricus MM 739,0.372633517,0.3965,0.385,0.3395,0.364,0.33,0.354,0.3615,0.362,0.352,0.356,0.3735,0.3735,0.353,0.379,0.365,0.3685,0.375,0.3645,0.372,0.378,0.37,0.3445,0.3605,0.3645,0.362,0.367,0.3445,0.374
GCF_000092185.1,Thermosphaera aggregans DSM 11486,0.536180124,0.499289773,0.509943182,0.46875,0.462357955,0.451704545,0.481534091,0.487215909,0.4765625,0.485795455,0.498579545,0.520596591,0.515625,0.497159091,0.4921875,0.506392045,0.522727273,0.536931818,0.5078125,0.497159091,0.509943182,0.525568182,0.506392045,0.529829545,0.53125,0.526278409,0.530539773,0.522727273,0.504971591
GCF_000025525.1,Methanocaldococcus sp. FS406-22,0.252152152,0.22972973,0.311351351,0.269189189,0.242702703,0.238378378,0.257297297,0.237837838,0.241621622,0.253513514,0.252972973,0.255675676,0.249189189,0.252432432,0.225405405,0.248648649,0.241081081,0.253513514,0.238918919,0.258918919,0.252972973,0.258918919,0.248108108,0.256216216,0.238918919,0.264324324,0.261081081,0.263243243,0.243783784
GCF_000144915.1,Acidilobus saccharovorans 345-15,0.741438849,0.664662659,0.668670675,0.698730795,0.690714763,0.673346693,0.676686707,0.666666667,0.678690715,0.687374749,0.689378758,0.726118904,0.700734803,0.706746827,0.716766867,0.68002672,0.704742819,0.703406814,0.719438878,0.698730795,0.735470942,0.728790915,0.721442886,0.704074816,0.738810955,0.730126921,0.722110888,0.72745491,0.725450902
GCF_000194625.1,Archaeoglobus veneficus SNP6,0.537504437,0.504899673,0.526364909,0.448436771,0.496500233,0.493233784,0.507232851,0.505366309,0.50209986,0.512832478,0.503499767,0.515165656,0.517498833,0.511432571,0.497433504,0.504899673,0.517032198,0.490196078,0.499533147,0.510270775,0.511204482,0.52334267,0.515873016,0.517982251,0.49836525,0.507239608,0.508640822,0.518449323,0.50163475
GCF_000223395.1,Pyrolobus fumarii 1A,0.618850444,0.615856777,0.60511509,0.605626598,0.613810742,0.585677749,0.6,0.583631714,0.576470588,0.597953964,0.591815857,0.611253197,0.582097187,0.603580563,0.604092072,0.591304348,0.601534527,0.609207161,0.603069054,0.615345269,0.617902813,0.624040921,0.603580563,0.595396419,0.600511509,0.611253197,0.602557545,0.605626598,0.592838875
GCF_000813245.1,Thermofilum adornatum 1505,0.519617038,0.434348739,0.441176471,0.409663866,0.411764706,0.445378151,0.448004202,0.441701681,0.444852941,0.471113445,0.476365546,0.481617647,0.470588235,0.463235294,0.494222689,0.475315126,0.481617647,0.476365546,0.478466387,0.485294118,0.476365546,0.486869748,0.496848739,0.484768908,0.503676471,0.496848739,0.505777311,0.507878151,0.506302521
GCF_000186365.1,Desulfurococcus mucosus DSM 2162,0.643077742,0.568397952,0.629846379,0.588880761,0.591806876,0.599853694,0.571324067,0.607900512,0.566203365,0.575713241,0.590343819,0.631309437,0.626188734,0.620336503,0.619604974,0.618873446,0.640087783,0.608632041,0.613021214,0.624725677,0.621799561,0.639356255,0.618873446,0.632772495,0.626920263,0.637161668,0.62911485,0.633504023,0.637893197
GCF_000231015.2,Desulfurococcus amylolyticus DSM 16532,0.478721805,0.455093834,0.495978552,0.46849866,0.423592493,0.429624665,0.428954424,0.440348525,0.428954424,0.467158177,0.410187668,0.450402145,0.447050938,0.463136729,0.481233244,0.477882038,0.482573727,0.470509383,0.47922252,0.45308311,0.455764075,0.478552279,0.483243968,0.487265416,0.475201072,0.480563003,0.480563003,0.478552279,0.479892761
GCF_000253055.1,Thermoproteus tenax Kra 1,0.693401654,0.657514451,0.600674374,0.59344894,0.594412331,0.612235067,0.642100193,0.649807322,0.644508671,0.655105973,0.650770713,0.673410405,0.670038536,0.66955684,0.690751445,0.680635838,0.66955684,0.659922929,0.677263969,0.652697495,0.679190751,0.679672447,0.67822736,0.683526012,0.691233141,0.671965318,0.683526012,0.676300578,0.683044316
GCF_000189575.1,Sulfolobus islandicus HVE10/4,0.305853913,0.271757826,0.334365325,0.29377365,0.273477812,0.285861713,0.306845545,0.31750946,0.326797386,0.296869625,0.305125559,0.294117647,0.30374957,0.31372549,0.31372549,0.289645683,0.312005504,0.300653595,0.309253526,0.287237702,0.297315898,0.291465933,0.307983482,0.30660702,0.291810048,0.304033092,0.308859014,0.309072094,0.31170176
GCF_000189555.1,Sulfolobus islandicus REY15A,0.307942387,0.273352643,0.328023172,0.293265749,0.279145547,0.295438088,0.302679218,0.316799421,0.316437364,0.296162201,0.308834178,0.293989862,0.302679218,0.309196235,0.30557567,0.290007241,0.312092686,0.288559015,0.296162201,0.291455467,0.293627806,0.297248371,0.307748009,0.312816799,0.304127444,0.3044895,0.31173063,0.29942071,0.308221659
GCF_001481685.1,Ignicoccus islandicus DSM 13165,0.484549251,0.470273881,0.482297929,0.460253841,0.475617902,0.456913828,0.45758183,0.462925852,0.449565798,0.438209753,0.451569806,0.468937876,0.473613894,0.469605878,0.470941884,0.461589846,0.468937876,0.466265865,0.4749499,0.486973948,0.460921844,0.474281897,0.440881764,0.482297929,0.475617902,0.476953908,0.459585838,0.468937876,0.486973948
GCF_000190315.1,Vulcanisaeta moutnovskia 768-28,0.442082397,0.397503021,0.415626259,0.410390656,0.400322191,0.38018526,0.394281112,0.421667338,0.422472815,0.42690294,0.436165928,0.445428917,0.45308095,0.424486508,0.436568667,0.464760371,0.42972211,0.431735803,0.423681031,0.427305679,0.410390656,0.432541281,0.439790576,0.425060435,0.427880741,0.419822724,0.444399678,0.44560838,0.441354293
GCF_000193375.1,Thermoproteus uzoniensis 768-20,0.802957675,0.731696226,0.718963165,0.678490223,0.7053206,0.717144156,0.714415643,0.73260573,0.739881764,0.74533879,0.750341064,0.765347885,0.770804911,0.760345612,0.773533424,0.788994998,0.773988176,0.779899955,0.767166894,0.753524329,0.769895407,0.781264211,0.76933576,0.763876251,0.79344859,0.782074613,0.781164695,0.787989081,0.791173794
GCF_000204925.1,Metallosphaera cuprina Ar-4,0.45280303,0.3663726,0.390243902,0.364296834,0.388687078,0.40840685,0.418785677,0.396471199,0.410482615,0.422418267,0.443175921,0.415672029,0.43124027,0.434872859,0.442138038,0.43902439,0.434872859,0.434353918,0.439543332,0.432278153,0.444213804,0.437467566,0.43124027,0.447846393,0.473793461,0.442138038,0.439543332,0.435391801,0.43902439
GCF_000221185.1,Thermococcus sp. 4557,0.766339532,0.646421846,0.66007533,0.601224105,0.644067797,0.63559322,0.640772128,0.6586629,0.649246704,0.683615819,0.675612053,0.699152542,0.701977401,0.690677966,0.709510358,0.709981168,0.709510358,0.710922787,0.731638418,0.719397363,0.718455744,0.716101695,0.72693032,0.716572505,0.720207254,0.714420358,0.728557964,0.736098021,0.720546654
GCF_000234805.1,Pyrobaculum ferrireducens,0.727757227,0.567596567,0.625178827,0.573676681,0.605865522,0.615164521,0.644849785,0.642346209,0.670600858,0.668812589,0.681330472,0.674892704,0.689914163,0.698497854,0.679184549,0.694921316,0.685622318,0.678111588,0.68776824,0.686337625,0.684549356,0.69527897,0.698855508,0.702074392,0.703147353,0.706723891,0.717095851,0.700536673,0.705903399
GCF_000245095.1,Sulfolobus islandicus M.16.2,0.306161576,0.269846797,0.32137883,0.287604457,0.268454039,0.290041783,0.305362117,0.30362117,0.316155989,0.299791086,0.291086351,0.296309192,0.288997214,0.302924791,0.302924791,0.285167131,0.299094708,0.294916435,0.296309192,0.296309192,0.310933148,0.282033426,0.307451253,0.308147632,0.29143454,0.306271777,0.3,0.296167247,0.303241548
GCF_000245215.1,Sulfolobus islandicus M.16.40,0.305830065,0.273164036,0.326012354,0.288949897,0.276252574,0.288606726,0.306794784,0.305078929,0.316060398,0.300617708,0.294783802,0.29752917,0.289293068,0.296156486,0.311599176,0.288606726,0.293067948,0.290322581,0.300960879,0.289636239,0.300617708,0.287577213,0.304049417,0.307824296,0.292038435,0.307929969,0.304153793,0.304497082,0.304258242
GCF_000245275.1,Sulfolobus islandicus M.16.47,0.310537464,0.274748176,0.323376172,0.288294547,0.270580063,0.294199375,0.308440431,0.313650573,0.317818687,0.30461966,0.301493574,0.299409517,0.291767975,0.306009031,0.309482459,0.290378604,0.308093088,0.296630775,0.304967002,0.296978117,0.305661688,0.28377909,0.31330323,0.306703717,0.295588746,0.305314345,0.308440431,0.301840917,0.306009031
GCF_000263735.1,Pyrococcus sp. ST04,0.414339473,0.478973239,0.487165483,0.411250683,0.416712179,0.395412343,0.370289459,0.398143091,0.411250683,0.407973785,0.404696887,0.389950847,0.424358274,0.406335336,0.410158383,0.412889132,0.412342982,0.419442927,0.412889132,0.371927908,0.404696887,0.405789186,0.406335336,0.400873839,0.413435281,0.427089022,0.39726776,0.399453552,0.391256831
GCF_000264495.1,Thermogladius calderae 1633,0.735854342,0.650246305,0.643912738,0.660098522,0.63757917,0.638282899,0.657283603,0.63617171,0.672061928,0.69669247,0.686840253,0.694581281,0.683321605,0.676988037,0.669950739,0.702322308,0.694581281,0.703729768,0.704433498,0.69598874,0.710063336,0.707248417,0.703026038,0.709359606,0.717100633,0.719211823,0.707248417,0.707952146,0.690358902
GCF_000275605.1,Pyrococcus furiosus COM1,0.388595565,0.437200384,0.427133269,0.382070949,0.402205177,0.351869607,0.340364334,0.374880153,0.372962608,0.378715244,0.363854267,0.360977948,0.398849473,0.360977948,0.353307766,0.375838926,0.388782359,0.382070949,0.395973154,0.378235858,0.370565676,0.383988495,0.364813039,0.381591563,0.38063279,0.395683453,0.355395683,0.367865707,0.382254197
GCF_000591035.1,Aeropyrum camini SY1 = JCM 12091,0.687915007,0.587982833,0.634580012,0.583077866,0.581238504,0.618638872,0.619251993,0.638871858,0.627222563,0.626609442,0.646842428,0.659104844,0.651134273,0.646842428,0.643776824,0.637645616,0.649908032,0.641937462,0.660944206,0.65603924,0.64868179,0.640098099,0.652973636,0.67933783,0.629061925,0.64868179,0.670754139,0.654812998,0.660944206
GCF_000364745.1,Sulfolobus islandicus LAL14/1,0.302437306,0.277674935,0.333950389,0.292114032,0.276564235,0.289522399,0.303221029,0.310625694,0.319511292,0.303961496,0.30211033,0.297667531,0.300259163,0.305072195,0.312847094,0.294335431,0.301369863,0.292114032,0.293224732,0.294335431,0.302480563,0.290262866,0.301369863,0.309144761,0.300259163,0.308034061,0.308404295,0.3,0.310740741
GCF_001412615.1,Pyrodictium delaneyi,0.584744552,0.595827268,0.597768074,0.529839884,0.546821931,0.561377972,0.559437166,0.549247938,0.534691897,0.532751092,0.545366327,0.552644347,0.553129549,0.542455119,0.551673945,0.576419214,0.572537603,0.561377972,0.544881126,0.561863173,0.561863173,0.561863173,0.547307132,0.554099951,0.550218341,0.560407569,0.557981562,0.565744784,0.573993207
GCF_002214365.1,Thermococcus celer Vu 13 = JCM 8558,0.774699908,0.683525288,0.682023035,0.63995994,0.649474211,0.645468202,0.67551327,0.68002003,0.693039559,0.683525288,0.694541813,0.708562844,0.724086129,0.730095143,0.725588383,0.738607912,0.744616925,0.75563345,0.752628943,0.74661993,0.730095143,0.749624437,0.736472946,0.726452906,0.725951904,0.72745491,0.741983968,0.746993988,0.754008016
GCF_026000775.1,Vulcanisaeta souniana JCM 11219,0.509115705,0.412149173,0.462514418,0.456747405,0.435986159,0.429450211,0.420607459,0.485582468,0.45905421,0.476355248,0.494809689,0.499423299,0.478277586,0.493656286,0.511726259,0.493271819,0.500961169,0.488273741,0.486351403,0.46212995,0.491349481,0.480584391,0.499807766,0.495578624,0.496732026,0.491349481,0.480199923,0.482506728,0.504805844
GCF_000739065.1,Methanocaldococcus bathoardescens,0.219449859,0.201917316,0.261833433,0.207908928,0.220491312,0.220491312,0.213900539,0.222887957,0.227082085,0.233073697,0.218693829,0.209706411,0.21929299,0.232474536,0.207908928,0.230077891,0.21929299,0.213301378,0.210305572,0.223487118,0.215698023,0.244004796,0.217625899,0.20323741,0.212829736,0.241007194,0.213429257,0.223621103,0.227817746
GCF_000725425.1,Palaeococcus pacificus DY20341,0.460703281,0.476985331,0.460293374,0.388973192,0.408194234,0.387455741,0.386444107,0.434496712,0.42185129,0.411734952,0.409711684,0.425897825,0.430955994,0.428932726,0.438543247,0.455235205,0.410723318,0.442083966,0.448153768,0.430955994,0.434496712,0.432473445,0.417804755,0.43803743,0.423874557,0.427921093,0.442083966,0.429438543,0.438543247
GCF_000734035.1,Archaeoglobus fulgidus DSM 8774,0.580664034,0.52269289,0.498487141,0.504538578,0.502269289,0.517397882,0.501134644,0.535173979,0.541225416,0.534795764,0.545763994,0.538956127,0.541225416,0.538577912,0.544629349,0.556354009,0.558623298,0.550302572,0.542565267,0.539916761,0.552780931,0.562239879,0.561861521,0.561861521,0.55656451,0.55677517,0.539189701,0.553030303,0.54679803
GCF_000446015.1,Thermofilum adornatum,0.522812193,0.437901499,0.434689507,0.39882227,0.424518201,0.45235546,0.453426124,0.440578158,0.44111349,0.466809422,0.479657388,0.491970021,0.476445396,0.473233405,0.499464668,0.487152034,0.489293362,0.486616702,0.467880086,0.481798715,0.478051392,0.497858672,0.494111349,0.474304069,0.50856531,0.493040685,0.515524625,0.51124197,0.506423983
GCF_000816105.1,Thermococcus guaymasensis DSM 11113,0.684029614,0.626305793,0.631528965,0.566001899,0.59354226,0.58974359,0.577397911,0.603038936,0.613960114,0.615384615,0.61348528,0.637701804,0.640550807,0.642450142,0.636277303,0.644349478,0.641025641,0.658594492,0.660493827,0.670465337,0.643874644,0.664133017,0.652731591,0.651306413,0.664133017,0.650831354,0.645130641,0.656368821,0.65161597
GCF_000769655.1,Thermococcus eurythermalis,0.705155817,0.658782304,0.652212002,0.584318879,0.615856329,0.600963644,0.584756899,0.608409987,0.61848445,0.630310994,0.649145861,0.64651774,0.64651774,0.643451599,0.651773982,0.655278143,0.656592203,0.664038546,0.671484888,0.670608848,0.681997372,0.678493211,0.669732808,0.668418747,0.671340929,0.670026293,0.673531989,0.677475898,0.669149869
GCF_013343295.1,Metallosphaera tengchongensis,0.516784512,0.400619743,0.434705622,0.399734396,0.415670651,0.413899956,0.448428508,0.465250111,0.453297919,0.459052678,0.464364763,0.479858344,0.491810536,0.485170429,0.495794599,0.480301018,0.476085031,0.482728078,0.498228521,0.504428698,0.497785651,0.493356953,0.507085917,0.483385024,0.501550731,0.495347807,0.499113475,0.497783688,0.503102837
GCF_000993805.1,Infirmifilum uzonense,0.526369125,0.478134111,0.440816327,0.470553936,0.451311953,0.453644315,0.464139942,0.474635569,0.469970845,0.493877551,0.50787172,0.489212828,0.496209913,0.520699708,0.485714286,0.499125364,0.510787172,0.512252042,0.497666278,0.48949825,0.519836639,0.514002334,0.525087515,0.508751459,0.514585764,0.51050175,0.513418903,0.51050175,0.505834306
GCF_003431325.1,Acidilobus sp. 7A,0.750154211,0.659090909,0.700649351,0.674675325,0.664285714,0.683766234,0.671428571,0.694155844,0.718181818,0.718181818,0.707792208,0.725324675,0.711688312,0.692207792,0.728571429,0.721428571,0.720779221,0.724025974,0.722727273,0.696753247,0.725974026,0.722077922,0.731168831,0.731818182,0.748051948,0.721428571,0.717532468,0.727745289,0.729044834
GCF_001577775.1,Pyrococcus kukulkanii,0.488605875,0.518619437,0.539963669,0.46684832,0.474568574,0.4791099,0.452316076,0.472297911,0.470935513,0.475930972,0.47729337,0.472752044,0.464123524,0.457311535,0.492279746,0.474114441,0.475476839,0.477747502,0.481380563,0.465485922,0.480926431,0.480018165,0.469786461,0.472058155,0.486142662,0.477055884,0.473181818,0.467272727,0.469090909
GCF_003967175.1,Sulfodiicoccus acidiphilus,0.611336554,0.543240974,0.569689337,0.552057095,0.558354324,0.564231738,0.584382872,0.587741394,0.596137699,0.584382872,0.599076406,0.590680101,0.58270361,0.607052897,0.610411419,0.599496222,0.618387909,0.609151973,0.603107938,0.609407812,0.591768165,0.603527929,0.616547669,0.615707686,0.612767745,0.613187736,0.603107938,0.597228055,0.606467871
GCF_902813195.1,Thermococcus sp. 2319x1,0.481723727,0.496604799,0.470348574,0.444997737,0.439112721,0.440018108,0.442281575,0.479402445,0.459031236,0.465821639,0.462652784,0.45314622,0.476686283,0.43639656,0.449977365,0.448619285,0.458578542,0.462200091,0.461294703,0.457673155,0.479855138,0.480760525,0.440470801,0.467179719,0.474875509,0.475328203,0.46084201,0.470801268,0.46989588
GCF_020886315.1,Saccharolobus caldissimus,0.26813432,0.269230769,0.303452453,0.280436099,0.263779528,0.291035736,0.279527559,0.299212598,0.28134464,0.301332526,0.276801938,0.269230769,0.257722592,0.276196245,0.264990915,0.270745003,0.263173834,0.266202302,0.251059964,0.262950621,0.255983035,0.26113299,0.263859437,0.269009391,0.269090909,0.289393939,0.264322522,0.2801698,0.270770164
GCF_001647085.1,Thermococcus piezophilus,0.654505687,0.60483871,0.614695341,0.568100358,0.564964158,0.578853047,0.581541219,0.561379928,0.576164875,0.601702509,0.593189964,0.607526882,0.603942652,0.60483871,0.609318996,0.61827957,0.628584229,0.638888889,0.621415771,0.629928315,0.629480287,0.622311828,0.603046595,0.621415771,0.615143369,0.620519713,0.624551971,0.612281488,0.623935455
GCF_001719125.1,Sulfolobus sp. A20,0.300068559,0.279601623,0.306160089,0.280339358,0.267797861,0.285503504,0.282183696,0.298045002,0.296938399,0.295831796,0.305422353,0.303946883,0.293249723,0.295462929,0.286978975,0.273699742,0.309479897,0.294725194,0.286241239,0.28771671,0.307266691,0.297307267,0.298782737,0.296309963,0.305904059,0.296309963,0.299261993,0.301107011,0.295571956
GCF_002197185.1,Thermococcus sp. 5-4,0.762846279,0.653690597,0.66380182,0.602123357,0.647118301,0.619817998,0.641557128,0.656218402,0.649646107,0.668351871,0.676440849,0.705763397,0.713852376,0.709302326,0.705763397,0.705257836,0.722952477,0.710313448,0.71536906,0.709302326,0.712335693,0.709302326,0.699696663,0.726996967,0.704752275,0.721941355,0.721435794,0.726491405,0.720930233
GCF_900198835.1,Thermococcus henrietii,0.731040481,0.675779581,0.695429304,0.643314823,0.636480137,0.635198633,0.644596326,0.66809056,0.663391713,0.671507903,0.672362238,0.68816745,0.696283639,0.685177275,0.698419479,0.701409654,0.713370355,0.705681333,0.705681333,0.695856472,0.718069201,0.690730457,0.703972661,0.690730457,0.703545493,0.706962836,0.708671508,0.703846154,0.706837607
GCF_904067545.1,Thermococcus camini,0.726943881,0.653492647,0.645220588,0.582720588,0.633731618,0.627297794,0.629136029,0.625,0.620863971,0.645680147,0.660845588,0.660386029,0.687959559,0.675091912,0.684283088,0.671875,0.693474265,0.698529412,0.696691176,0.685202206,0.700827206,0.691176471,0.687959559,0.680606618,0.693014706,0.673253676,0.716452206,0.692555147,0.697610294
GCF_006274605.1,Thermococcus indicus,0.735039553,0.655717256,0.651975052,0.598336798,0.62037422,0.639085239,0.637422037,0.641995842,0.653222453,0.665696466,0.662785863,0.681912682,0.686486486,0.683575884,0.697297297,0.696049896,0.695218295,0.709355509,0.704365904,0.697713098,0.701871102,0.694386694,0.704365904,0.688149688,0.7002079,0.683575884,0.707276507,0.693139293,0.6997921
GCF_008152015.1,Thermococcus aciditolerans,0.737002195,0.654530059,0.637171888,0.587214225,0.616426757,0.617273497,0.625317528,0.636748518,0.639712108,0.66638442,0.651989839,0.66426757,0.690516511,0.677392041,0.685859441,0.693903472,0.678238781,0.682472481,0.716342083,0.705334462,0.696020322,0.707874682,0.696867062,0.695596952,0.702794242,0.695596952,0.702370872,0.701524132,0.689538331
GCF_003351865.1,Methanofervidicoccus sp. A16,0.37534581,0.32428356,0.360482655,0.330316742,0.328054299,0.310708899,0.312217195,0.344645551,0.346153846,0.327300151,0.323529412,0.337104072,0.339366516,0.338612368,0.346153846,0.352187029,0.322775264,0.346907994,0.355957768,0.323529412,0.33785822,0.357466063,0.345399698,0.356711916,0.349924585,0.365007541,0.358974359,0.340120664,0.351432881
GCF_014876775.1,Infirmifilum lucidum,0.652791461,0.570704225,0.563380282,0.53971831,0.554929577,0.557746479,0.586478873,0.590985915,0.610704225,0.611267606,0.601126761,0.603943662,0.615211268,0.618591549,0.624788732,0.627605634,0.627042254,0.632676056,0.64056338,0.632676056,0.642816901,0.634366197,0.627042254,0.625915493,0.64,0.65915493,0.632676056,0.636619718,0.637183099
GCF_019704315.1,Stygiolobus caldivivus,0.424116505,0.360220614,0.385039642,0.349879352,0.341951051,0.367804205,0.374008962,0.373664254,0.368148914,0.374353671,0.389865564,0.392278525,0.380903137,0.38814202,0.40434333,0.373664254,0.397793864,0.39089969,0.395725612,0.396415029,0.397931034,0.402897551,0.395653674,0.405657123,0.398205659,0.392339545,0.396825397,0.397860594,0.396135266
GCF_023746595.1,Thermococcus argininiproducens,0.351040028,0.358173077,0.384134615,0.351442308,0.334615385,0.326442308,0.335096154,0.348557692,0.342788462,0.327403846,0.351923077,0.348557692,0.35625,0.375480769,0.339903846,0.338461538,0.342307692,0.337019231,0.338461538,0.339903846,0.343269231,0.358173077,0.341346154,0.360096154,0.339903846,0.335576923,0.347596154,0.334615385,0.331730769
GCF_022693705.1,Infirmifilum sp. NZ,0.712741165,0.602056555,0.623136247,0.609254499,0.594858612,0.610282776,0.648843188,0.629820051,0.632390746,0.651928021,0.677120823,0.680205656,0.652442159,0.658097686,0.685347044,0.66940874,0.673007712,0.66940874,0.679691517,0.703341902,0.662724936,0.698714653,0.673007712,0.676606684,0.702827763,0.697686375,0.70437018,0.676606684,0.688946015
GCF_024707485.1,Thermococcus thermotolerans,0.698611784,0.642169729,0.652668416,0.589238845,0.61023622,0.60936133,0.606736658,0.60936133,0.62992126,0.639982502,0.65135608,0.652668416,0.663167104,0.65135608,0.67191601,0.647419073,0.681102362,0.659667542,0.67104112,0.65048119,0.666666667,0.671478565,0.661854768,0.660979878,0.673665792,0.652230971,0.664916885,0.667104112,0.691163605
GCF_033097485.1,Pyrofollis japonicus,0.522963358,0.512720157,0.515166341,0.489726027,0.49853229,0.514677104,0.466242661,0.475048924,0.471624266,0.476027397,0.504892368,0.493639922,0.483365949,0.499021526,0.484833659,0.497064579,0.484833659,0.492661448,0.495107632,0.504892368,0.489236791,0.496575342,0.488747554,0.48630137,0.484833659,0.521037182,0.528864971,0.530821918,0.524951076
GCF_035621495.1,Thermococcus sp. SY098,0.416898378,0.428062361,0.446325167,0.398218263,0.406681514,0.390200445,0.380400891,0.416035635,0.389309577,0.384855234,0.417817372,0.401781737,0.402227171,0.419153675,0.408908686,0.405790646,0.408463252,0.400890869,0.419153675,0.40623608,0.409799555,0.407572383,0.398663697,0.408463252,0.39376392,0.398663697,0.398218263,0.414438503,0.409982175