Accession Number,Predicted Optimum Growth Temperature,Accession,Species,Core_GC3,codon_2,codon_3,codon_4,codon_5,codon_6,codon_7,codon_8,codon_9,codon_10,codon_11,codon_12,codon_13,codon_14,codon_15,codon_16,codon_17,codon_18,codon_19,codon_20,codon_21,codon_22,codon_23,codon_24,codon_25,codon_26,codon_27,codon_28,codon_29
GCF_009729015.1,80.86,GCF_009729015.1,Acidianus ambivalens,0.2742194469223907,0.2666410157752982,0.3081954597922278,0.2493266641015775,0.2681800692574067,0.2520200076952674,0.2627933820700269,0.2816467872258561,0.2878030011542901,0.2989611388995767,0.2731819930742593,0.2727972297037322,0.2554828780300115,0.2808772604848018,0.2693343593689881,0.2870334744132358,0.278183916891112,0.2716429395921508,0.2640492686682063,0.2505773672055427,0.2890685142417244,0.270977675134719,0.2606854062379669,0.2711864406779661,0.2812018489984592,0.2688751926040061,0.2665639445300462,0.2785053929121726,0.2896764252696456
GCF_019175305.1,82.49,GCF_019175305.1,Saccharolobus shibatae,0.3181006289308176,0.2941757156959526,0.3484698914116486,0.2869364922671931,0.2704837117472853,0.2922013820335636,0.3142481079302402,0.3185258308654162,0.3191839420862126,0.322145442579796,0.315893385982231,0.3116156630470549,0.3119447186574531,0.3070088845014807,0.3129318854886476,0.2964791049687397,0.3070088845014807,0.3063507732806844,0.3181967752550181,0.3043764396182954,0.3152352747614347,0.3106284962158605,0.3172096084238236,0.3237907206317867,0.3198420533070089,0.3083251069430733,0.3126028298782494,0.3093122737742678,0.3281764318630678
GCF_900079115.1,82.83,GCF_900079115.1,Saccharolobus solfataricus,0.3297363796133568,0.2837209302325581,0.3404651162790698,0.3032558139534884,0.3013953488372093,0.2930232558139535,0.3165891472868217,0.3227906976744186,0.3324031007751938,0.3234108527131783,0.311937984496124,0.3252713178294573,0.3193798449612403,0.3286821705426356,0.3082170542635659,0.3110077519379845,0.3144186046511628,0.3082170542635659,0.3187596899224806,0.3122480620155038,0.3361240310077519,0.3116279069767442,0.315968992248062,0.3262015503875969,0.3286821705426356,0.3137984496124031,0.3265116279069767,0.3083126550868486,0.3090288551039404
GCF_009729035.1,82.23,GCF_009729035.1,Stygiolobus azoricus,0.3562424242424242,0.3119479311947931,0.3356578335657834,0.301255230125523,0.309623430962343,0.3398419339841934,0.3142724314272431,0.3245002324500232,0.3165969316596931,0.309623430962343,0.3430962343096234,0.3268247326824732,0.3291492329149233,0.3342631334263133,0.3272896327289633,0.3324035332403533,0.3324035332403533,0.32,0.347906976744186,0.3227906976744186,0.3386046511627907,0.3558139534883721,0.3275942298743601,0.3401582131223825,0.357375523499302,0.3373662168450442,0.3424848766868311,0.3373662168450442,0.3485342019543974
GCF_028472005.1,81.61,GCF_028472005.1,Sulfolobus islandicus,0.308418034923117,0.2721954576737784,0.3310392291810048,0.2894012388162422,0.270474879559532,0.2869924294562973,0.3000688231245698,0.3193392980041294,0.3241569167240192,0.2938747419132829,0.3059187887130076,0.292842395044735,0.3014452856159669,0.3117687543014453,0.3097040605643496,0.2900894700619408,0.3062629043358568,0.2959394356503785,0.305230557467309,0.2832071576049552,0.2983482450103235,0.2876806607019959,0.3097040605643496,0.3056798623063683,0.2960413080895008,0.3077452667814113,0.3050964187327823,0.3072683430933517,0.3132322536181943
GCF_023169565.1,82.86,GCF_023169565.1,Metallosphaera sedula,0.5475190258751903,0.4057142857142857,0.4355102040816326,0.4036734693877551,0.4322448979591837,0.4555102040816327,0.4608163265306122,0.4571428571428571,0.4681632653061224,0.4828571428571429,0.5102040816326531,0.5020408163265306,0.4853061224489796,0.5044897959183674,0.4869387755102041,0.5024489795918368,0.5204081632653061,0.513061224489796,0.523673469387755,0.5028571428571429,0.5114285714285715,0.5065306122448979,0.5306122448979592,0.5195918367346939,0.5228571428571429,0.5310204081632653,0.5342857142857143,0.5330612244897959,0.5110204081632653
GCF_005222525.1,83.19,GCF_005222525.1,Metallosphaera prunae,0.5458313780697638,0.4062632247143461,0.4380025391451544,0.4062632247143461,0.4341938214134574,0.4591620820990266,0.4561997460854846,0.4608548455353364,0.4574693186627169,0.4811680067710537,0.505289885738468,0.4951333051206094,0.4896318239526026,0.4997884045704612,0.482437579348286,0.5099449851883199,0.5285653829877275,0.5074058400338552,0.5175624206517139,0.5112145577655522,0.5120609394837071,0.5035971223021583,0.5289885738468049,0.5201015658061786,0.520524756665256,0.5336436732966567,0.539568345323741,0.5323741007194245,0.5239102835378756
GCF_002214585.1,89.41,GCF_002214585.1,Thermococcus profundus,0.6911694101508916,0.6538280883043682,0.6364490371066228,0.5857209957726632,0.5941756693283231,0.593236261155472,0.6092062000939408,0.6308125880695162,0.624706434945984,0.638327853452325,0.6214185063410052,0.642555190230155,0.6679192108971348,0.6538280883043682,0.6510098637858149,0.664631282292156,0.664631282292156,0.6665100986378582,0.6777829967120714,0.6791921089713481,0.6843588539220291,0.6688586190699859,0.6632221700328793,0.6674495068107092,0.6726162517613903,0.6691729323308271,0.6668233082706767,0.6663533834586466,0.6593045112781954
GCF_001592435.1,89.11,GCF_001592435.1,Thermococcus peptonophilus,0.654820788530466,0.6393762183235867,0.6271929824561403,0.5794346978557505,0.5823586744639376,0.5735867446393762,0.5750487329434698,0.5745614035087719,0.6106237816764133,0.6174463937621832,0.6232943469785575,0.6193957115009746,0.6140350877192983,0.6335282651072125,0.6252436647173489,0.6374269005847953,0.6320662768031189,0.6267056530214425,0.6437621832358674,0.6301169590643275,0.6320662768031189,0.6242690058479532,0.6291423001949318,0.6301169590643275,0.6262183235867447,0.6466861598440545,0.6457115009746589,0.6310916179337231,0.6198830409356725
GCF_002214465.1,87.53,GCF_002214465.1,Thermococcus barossii,0.7289102907080435,0.6362745098039215,0.6622549019607843,0.6044117647058823,0.6401960784313725,0.6161764705882353,0.6303921568627451,0.6544117647058824,0.6470588235294118,0.6509803921568628,0.6588235294117647,0.6740196078431373,0.6892156862745098,0.6818627450980392,0.6838235294117647,0.6808823529411765,0.7009803921568627,0.6882352941176471,0.703921568627451,0.7014705882352941,0.692156862745098,0.6926470588235294,0.6892156862745098,0.6843137254901961,0.6911764705882353,0.6931372549019608,0.6995098039215686,0.6887254901960784,0.6887254901960784
GCF_014962245.1,93.22,GCF_014962245.1,Thermosphaera aggregans,0.5557791537667699,0.519774011299435,0.4809322033898305,0.4872881355932203,0.5056497175141242,0.4774011299435028,0.4809322033898305,0.4929378531073446,0.5028248587570622,0.5035310734463276,0.5218926553672316,0.5360169491525424,0.5254237288135594,0.5148305084745762,0.518361581920904,0.5466101694915254,0.5501412429378532,0.5225988700564972,0.5056497175141242,0.528954802259887,0.5134180790960452,0.5466101694915254,0.548728813559322,0.5423728813559322,0.5572033898305084,0.5494350282485876,0.5282485875706214,0.5437853107344632,0.5346045197740112
GCF_036323395.1,102.48,GCF_036323395.1,Pyrodictium abyssi,0.7052902395883582,0.6669456066945607,0.6527196652719666,0.599163179916318,0.6263598326359833,0.6497907949790795,0.6251046025104603,0.6426778242677824,0.6543933054393305,0.6414225941422594,0.6573221757322176,0.6748953974895398,0.6799163179916318,0.6531380753138075,0.6740585774058577,0.6857740585774058,0.695397489539749,0.6606694560669456,0.6753138075313807,0.6640167364016737,0.6707112970711298,0.6615062761506276,0.6702928870292887,0.6803347280334728,0.6715481171548117,0.6698744769874477,0.6887029288702929,0.6962343096234309,0.6928870292887029
GCF_900012635.1,97.67,GCF_900012635.1,Thermococcus chitonophagus,0.4968196664947567,0.5234159779614325,0.5482093663911846,0.4550045913682277,0.4793388429752066,0.4550045913682277,0.453168044077135,0.4678604224058769,0.4816345270890725,0.4793388429752066,0.4825528007346189,0.4692378328741965,0.4862258953168044,0.4664830119375573,0.4768029398254478,0.4763435920992191,0.4800183739090491,0.4813964170877354,0.4786403307303629,0.4653192466697289,0.4712643678160919,0.4882758620689655,0.4917203311867525,0.4862005519779209,0.4604415823367065,0.4816007359705612,0.4779208831646734,0.4756209751609935,0.4774609015639374
GCF_001433455.1,86.97,GCF_001433455.1,Thermococcus barophilus,0.4220657276995305,0.4313427158615443,0.4549258273107645,0.406238113351084,0.3967287942183339,0.403575503993914,0.3834157474324838,0.406618486116394,0.3955876759224039,0.402434385697984,0.4176492963103841,0.4104222137694941,0.4172689235450741,0.4153670597185241,0.404336249524534,0.407379231647014,0.4210726511981742,0.403575503993914,0.4248763788512743,0.4176492963103841,0.4142259414225941,0.407759604412324,0.403575503993914,0.403195131228604,0.3940661848611639,0.405477367820464,0.404336249524534,0.404336249524534,0.4119437048307341
GCF_000009965.1,89.16,GCF_000009965.1,Thermococcus kodakarensis KOD1,0.664890180878553,0.6283607979184735,0.6318300086730269,0.5611448395490026,0.6049436253252385,0.5637467476149176,0.5685169124024284,0.5915004336513443,0.6266261925411969,0.6049436253252385,0.6101474414570686,0.6071118820468343,0.6335646140503035,0.6127493495229835,0.627059843885516,0.6574154379878577,0.6439722463139635,0.660450997398092,0.6561144839549002,0.6309627059843885,0.650043365134432,0.6309627059843885,0.6435385949696444,0.6309627059843885,0.6413703382480486,0.6439722463139635,0.6574154379878577,0.6374674761491761,0.6418039895923677
GCF_000011105.1,94.78,GCF_000011105.1,Pyrococcus horikoshii OT3,0.4278334315458652,0.4703683929524827,0.4730379071009076,0.4281900694073678,0.4217832354511479,0.408435664709023,0.3731980779498131,0.4111051788574479,0.4153764014949279,0.4030966364121729,0.392418579818473,0.4148424986652429,0.4207154297917779,0.395621996796583,0.4196476241324079,0.4030966364121729,0.4121729845168179,0.397757608115323,0.4159103043246129,0.4127068873465029,0.4095034703683929,0.397757608115323,0.4223171382808329,0.4073678590496529,0.4196476241324079,0.403630539241858,0.389215162840363,0.4095034703683929,0.398825413774693
GCF_002214385.1,89.37,GCF_002214385.1,Thermococcus gorgonarius,0.6549929676511955,0.603671706263499,0.6182505399568035,0.5658747300215983,0.5658747300215983,0.5885529157667386,0.5804535637149028,0.5928725701943844,0.5642548596112311,0.5955723542116631,0.6177105831533477,0.6069114470842333,0.6198704103671706,0.6306695464362851,0.6241900647948164,0.6263498920086393,0.6139308855291576,0.6258099352051836,0.6317494600431965,0.6101511879049676,0.6306695464362851,0.6117710583153347,0.6236501079913607,0.6398488120950324,0.6160907127429806,0.6387688984881209,0.6355291576673866,0.6322894168466523,0.6236501079913607
GCF_002214485.1,87.13,GCF_002214485.1,Thermococcus pacificus,0.7260959939531368,0.6439897698209719,0.6562659846547314,0.6010230179028133,0.629156010230179,0.6132992327365729,0.6179028132992327,0.649616368286445,0.6219948849104859,0.6526854219948849,0.6542199488491048,0.661381074168798,0.689002557544757,0.6823529411764706,0.6874680306905371,0.6782608695652174,0.6838874680306906,0.690537084398977,0.7150895140664961,0.681841432225064,0.7002557544757033,0.6997442455242967,0.6920716112531969,0.6777493606138107,0.6823529411764706,0.6852610030706243,0.7088024564994883,0.6786079836233367,0.6989247311827957
GCF_002214505.1,86.93,GCF_002214505.1,Thermococcus siculi,0.7452380952380953,0.6666666666666666,0.6601307189542484,0.6176470588235294,0.6297852474323062,0.6573295985060691,0.6293183940242764,0.6591970121381886,0.657796451914099,0.6727357609710551,0.6694677871148459,0.6839402427637722,0.6867413632119514,0.7138188608776844,0.680672268907563,0.6890756302521008,0.704014939309057,0.7324929971988795,0.7287581699346405,0.7166199813258637,0.7211583372255955,0.7393741242410089,0.7029425502101821,0.7141522652965904,0.7108827650630547,0.7048108360579168,0.7314339093881363,0.7085474077533863,0.7108827650630547
GCF_024022995.1,90.55,GCF_024022995.1,Thermococcus aggregans,0.4553234377863295,0.453163315350662,0.4600294261893085,0.4090240313879352,0.4051005394801373,0.3786169691025012,0.4183423246689554,0.4242275625306523,0.4310936733692986,0.4242275625306523,0.4144188327611574,0.4487493869543894,0.4453163315350662,0.4237371260421775,0.4286414909269249,0.4217753800882786,0.4330554193231976,0.4482589504659147,0.4188327611574301,0.4492398234428642,0.4433545855811672,0.4384502206964198,0.4325649828347229,0.4158901422265816,0.4467876410004904,0.4423737126042177,0.4183423246689554,0.4203040706228543,0.455125061304561
GCF_001006045.1,85.44,GCF_001006045.1,Geoglobus ahangari,0.7142962146269753,0.6161764705882353,0.6294117647058823,0.6073529411764705,0.6205882352941177,0.615686274509804,0.6058823529411764,0.628921568627451,0.6377450980392156,0.6602941176470588,0.6544117647058824,0.6362745098039215,0.6651960784313725,0.6887254901960784,0.682843137254902,0.6735294117647059,0.6833333333333333,0.657843137254902,0.6669936243256498,0.6718979892103972,0.68563021088769,0.6640510053948013,0.6905345757724375,0.678273663560569,0.6679744973025993,0.6674840608141246,0.6846493379107406,0.6537518391368318,0.6709171162334477
GCF_002214525.1,82.96,GCF_002214525.1,Thermococcus sp. P6,0.7257239057239058,0.6445820433436532,0.6340557275541796,0.5981424148606811,0.6390092879256966,0.621671826625387,0.6235294117647059,0.631578947368421,0.6408668730650154,0.6421052631578947,0.6662538699690402,0.6743034055727554,0.6934984520123839,0.6687306501547987,0.6780185758513931,0.6879256965944273,0.6959752321981424,0.7108359133126935,0.6904024767801857,0.6842105263157895,0.7201238390092879,0.6910216718266254,0.708359133126935,0.669969040247678,0.698452012383901,0.7095975232198143,0.6953560371517028,0.6996904024767802,0.7077399380804954
GCF_000265525.1,86.63,GCF_000265525.1,Thermococcus cleftensis,0.7555259417199716,0.6634476098503138,0.6760019314340898,0.631578947368421,0.6711733462095606,0.6586190246257847,0.6373732496378561,0.6798647996137132,0.6842105263157895,0.6890391115403187,0.692901979719942,0.7112506035731531,0.7155963302752294,0.7064220183486238,0.7073877353935297,0.7238049251569291,0.7329792370835345,0.7194591984548527,0.7291163689039112,0.7392563978754225,0.7267020762916465,0.7315306615161757,0.7194591984548527,0.7228392081120232,0.7407049734427813,0.7281506518590053,0.7353935296957992,0.7498792853693867,0.7329792370835345
GCF_000265525.1,86.63,GCF_963665055.1,uncultured Methanobacterium sp.,0.3762815703925981,0.2673669942392409,0.2541511352084039,0.2876990850559132,0.285665875974246,0.2880379532361911,0.3110809894950864,0.3466621484242629,0.3354794984750932,0.3158251440189766,0.3537783802100983,0.3483564893256523,0.3259911894273127,0.3629278210776008,0.3646221619789901,0.3688135593220339,0.3627118644067796,0.3596610169491525,0.3376271186440678,0.3532203389830508,0.363728813559322,0.3552542372881356,0.3372881355932203,0.3616949152542373,0.3596610169491525,0.3423728813559322,0.3616949152542373,0.3603389830508474,0.3583050847457627
GCF_000007225.1,101.8,GCF_000007225.1,Pyrobaculum aerophilum str. IM2,0.6017504488330341,0.5216383307573416,0.5050231839258115,0.5046367851622875,0.5019319938176198,0.5394126738794436,0.526661514683153,0.571483771251932,0.5707109737248841,0.5865533230293664,0.5788253477588872,0.5795981452859351,0.5865533230293664,0.5900309119010819,0.5807573415765069,0.5941244684963278,0.5771163509856977,0.5798221878623888,0.588553750966744,0.5723124516627996,0.5765661252900232,0.5846867749419954,0.5908739365815932,0.5761794276875484,0.6059551430781129,0.605568445475638,0.597061098221191,0.5796597061098221,0.5866202629543696
GCF_000007305.1,93.25,GCF_000007305.1,Pyrococcus furiosus DSM 3638,0.3870272180982679,0.4343434343434343,0.4271284271284271,0.3814333814333814,0.4030784030784031,0.3535353535353535,0.3496873496873497,0.3684463684463684,0.3718133718133718,0.3775853775853776,0.3621933621933622,0.3645983645983646,0.392977392977393,0.3626743626743626,0.3588263588263588,0.3718133718133718,0.3867243867243867,0.3852813852813853,0.3949013949013949,0.3751803751803751,0.3761423761423761,0.3804713804713804,0.3727753727753727,0.3867243867243867,0.3862433862433862,0.3926852743022136,0.3599615014436959,0.3676612127045235,0.3849855630413859
GCF_002214565.1,86.89,GCF_002214565.1,Thermococcus radiotolerans,0.7577670768682004,0.6461538461538462,0.6595533498759305,0.596029776674938,0.652605459057072,0.6223325062034739,0.632258064516129,0.6461538461538462,0.6372208436724566,0.6779156327543424,0.680893300248139,0.6937965260545905,0.7022332506203474,0.7052109181141439,0.6987593052109181,0.7086848635235732,0.7196029776674938,0.6977667493796526,0.7196029776674938,0.7106699751861042,0.7066997518610422,0.6982630272952853,0.7066997518610422,0.7042183622828784,0.7106699751861042,0.7057071960297767,0.7205955334987593,0.7096774193548387,0.7062034739454094
GCF_946300405.1,89.76,GCF_946300405.1,Thermococcus nautili,0.7223366089533614,0.6778947368421052,0.6943157894736842,0.6433684210526316,0.6277894736842106,0.6273684210526316,0.631578947368421,0.655578947368421,0.640421052631579,0.6623157894736842,0.6686315789473685,0.6825263157894736,0.671578947368421,0.6804210526315789,0.6854736842105263,0.6745263157894736,0.6955789473684211,0.6938947368421052,0.7048421052631579,0.7006315789473684,0.6964210526315789,0.6804210526315789,0.6901052631578948,0.6993684210526315,0.6976842105263158,0.696,0.7141052631578947,0.6997894736842105,0.7023157894736842
GCF_000008665.1,86.81,GCF_000008665.1,Archaeoglobus fulgidus DSM 4304,0.5882775485251414,0.5425955414012739,0.5127388535031847,0.5071656050955414,0.5075636942675159,0.5218949044585988,0.5127388535031847,0.5433917197452229,0.5505573248407644,0.5421974522292994,0.5489649681528662,0.5469745222929936,0.5517515923566879,0.5437898089171974,0.5561305732484076,0.5652866242038217,0.5625,0.5605095541401274,0.5483870967741935,0.5440063719633612,0.5627240143369175,0.5635205097570689,0.5734767025089605,0.5710872162485066,0.5698924731182796,0.5697211155378487,0.5502392344497608,0.5606060606060606,0.5592341443956921
GCF_000091665.1,83.32,GCF_000091665.1,Methanocaldococcus jannaschii DSM 2661,0.237953995157385,0.2287862513426423,0.2738990332975295,0.2647690655209452,0.2239527389903329,0.2395273899033297,0.2314715359828141,0.2277121374865735,0.2373791621911922,0.2368421052631578,0.2330827067669172,0.2330827067669172,0.229860365198711,0.2556390977443609,0.2395273899033297,0.2481203007518796,0.2251477700161203,0.2479827864443249,0.235610543302851,0.2436793975255513,0.2490586336740183,0.2318450779989241,0.2313071543840774,0.2345346960731576,0.2248520710059171,0.2436793975255513,0.2404518558364712,0.2399139322216245,0.237224314147391
GCF_000151205.2,88.88,GCF_000151205.2,Thermococcus sp. AM4,0.730554209080627,0.6660792951541851,0.6726872246696035,0.647136563876652,0.6537444933920705,0.6506607929515419,0.6511013215859031,0.6550660792951541,0.6515418502202643,0.6788546255506608,0.681057268722467,0.6889867841409691,0.6740088105726872,0.7052863436123348,0.7035242290748899,0.7048458149779736,0.7066079295154185,0.7066079295154185,0.7052863436123348,0.7044052863436123,0.7105726872246696,0.7108858527985897,0.7117672983693257,0.6928162185985015,0.7293962097840458,0.6981048920229176,0.7020713970912296,0.7139709122961657,0.7078007933010136
GCF_000011125.1,99.41,GCF_000011125.1,Aeropyrum pernix K1,0.6816859221223791,0.5860655737704918,0.6129976580796253,0.5860655737704918,0.5878220140515222,0.6305620608899297,0.6153395784543325,0.6147540983606558,0.6311475409836066,0.6176814988290398,0.6293911007025761,0.6487119437939111,0.6305620608899297,0.639344262295082,0.65807962529274,0.6504683840749415,0.6574941451990632,0.6346604215456675,0.6533957845433255,0.6434426229508197,0.6533957845433255,0.6563231850117096,0.6633489461358314,0.6498829039812647,0.6533957845433255,0.6727166276346604,0.6592505854800936,0.6715456674473068,0.6604215456674473
GCF_000195935.2,99.32,GCF_000195935.2,Pyrococcus abyssi GE5,0.5013064361191162,0.5164147993746743,0.5466388744137571,0.4877540385617509,0.4783741532047941,0.4851485148514851,0.4658676393955185,0.4768108389786347,0.4773319437206879,0.4830640958832725,0.4695153725898905,0.4856696195935383,0.5007816571130798,0.47107868681605,0.5127670661803022,0.4773319437206879,0.5054715997915581,0.4856696195935383,0.4955706096925482,0.4968717413972888,0.4885297184567257,0.4916579770594369,0.4992175273865414,0.495565988523735,0.5028690662493479,0.4830464267083985,0.4919144496609285,0.4851330203442879,0.4846113719353156
GCF_000007005.1,82.97,GCF_000007005.1,Saccharolobus solfataricus P2,0.3295992389106909,0.2814768065635847,0.3404859577153676,0.3029346797096875,0.3023035657936258,0.2947301988008836,0.313663616282739,0.3231303250236668,0.3335437046386872,0.3215525402335121,0.3130325023666772,0.3228147680656358,0.3202903124013884,0.3250236667718523,0.3082991479962133,0.313663616282739,0.3127169454086462,0.3082991479962133,0.3168191858630483,0.3142947301988009,0.338908172925213,0.3127169454086462,0.3231303250236668,0.3294414641842852,0.326285894603976,0.3155569580309246,0.3238636363636363,0.3089071383449147,0.3071090047393365
GCF_000011205.1,80.11,GCF_000011205.1,Sulfurisphaera tokodaii str. 7,0.2434962503232479,0.2462887989203778,0.2807017543859649,0.2442645074224021,0.2277327935222672,0.2422402159244264,0.2580971659919028,0.24527665317139,0.2651821862348178,0.2577597840755735,0.26417004048583,0.2375168690958164,0.25,0.2402159244264507,0.2537112010796221,0.2567476383265857,0.23582995951417,0.2540485829959514,0.2371794871794871,0.2280701754385964,0.2567476383265857,0.2348178137651821,0.2314439946018893,0.2477219034762065,0.2434166103983794,0.2646860229574612,0.2525320729237002,0.2316002700877785,0.2364864864864864
GCF_002214545.1,87.99,GCF_002214545.1,Thermococcus thioreducens,0.6954140333819478,0.6463203463203463,0.6493506493506493,0.5753246753246753,0.6047619047619047,0.6134199134199134,0.6008658008658009,0.6216450216450217,0.6307359307359307,0.6233766233766234,0.6480519480519481,0.6502164502164502,0.6467532467532467,0.6545454545454545,0.6688311688311688,0.658008658008658,0.6753246753246753,0.6593073593073593,0.6597402597402597,0.6610389610389611,0.6649350649350649,0.6561281940233867,0.6669553919445648,0.653529666522304,0.6682546556951061,0.650064963187527,0.6855781723689909,0.6764833261152013,0.6756171502815072
GCF_028471785.1,89.17,GCF_028471785.1,Thermococcus kodakarensis,0.6650801359883438,0.6213634389926184,0.6348241424229266,0.5614415979157621,0.6044290056448112,0.5666521927920104,0.5662179765523231,0.593573599652627,0.6291793313069909,0.6039947894051237,0.6105080330004342,0.60790273556231,0.6304819800260529,0.6122448979591837,0.6304819800260529,0.6565349544072948,0.6430742509769866,0.662613981762918,0.6539296569691706,0.6322188449848024,0.6552323056882328,0.6309161962657404,0.6404689535388624,0.6304819800260529,0.6396005210594876,0.6417716022579244,0.6608771168041685,0.6365610073816761,0.6435084672166739
GCF_000016385.1,101.93,GCF_000016385.1,Pyrobaculum arsenaticum DSM 13514,0.6901896254505563,0.5587878787878788,0.585050505050505,0.5692929292929293,0.574949494949495,0.5894949494949495,0.6072727272727273,0.6137373737373737,0.6153535353535353,0.6274747474747475,0.6371717171717172,0.6484848484848484,0.6464646464646465,0.6537373737373737,0.6345998383185125,0.6459175424413904,0.6515763945028294,0.6362166531932094,0.6560226354082458,0.650767987065481,0.6580436540016168,0.6657235246564268,0.6499595796281326,0.6531932093775262,0.6673403395311237,0.6531932093775262,0.6665319320937753,0.6620856911883589,0.6612772837510105
GCF_000211475.1,93.48,GCF_000211475.1,Pyrococcus sp. NA2,0.4414364640883977,0.4907081868407835,0.4836765444500251,0.4224008036162732,0.4259166248116524,0.4319437468608739,0.4183827222501255,0.4324460070316424,0.4284279256654947,0.425414364640884,0.4284279256654947,0.4329482672024108,0.4374686087393269,0.4143646408839779,0.4329482672024108,0.4339527875439478,0.4450025113008538,0.4284279256654947,0.4525364138623807,0.4379708689100954,0.4329482672024108,0.4319437468608739,0.4193872425916625,0.4374686087393269,0.4249121044701155,0.4318753142282554,0.437122736418511,0.4250503018108651,0.4159959758551307
GCF_000015225.1,96.37,GCF_000015225.1,Thermofilum pendens Hrk 5,0.7419950504473635,0.6566233766233767,0.612987012987013,0.6290909090909091,0.6046753246753247,0.6436363636363637,0.6664935064935065,0.6722077922077923,0.6540259740259741,0.6794805194805195,0.6794805194805195,0.6935064935064935,0.6971428571428572,0.6831168831168831,0.6898701298701299,0.704935064935065,0.7018181818181818,0.6841558441558442,0.7225974025974026,0.7033766233766233,0.6976623376623377,0.7215584415584415,0.7090909090909091,0.7225974025974026,0.72,0.6966233766233766,0.7106493506493506,0.7231168831168832,0.7148051948051948
GCF_000019605.1,88.69,GCF_000019605.1,Candidatus Korarchaeum cryptofilum OPF8,0.5801413739783521,0.5967837998808815,0.6027397260273972,0.5884455032757594,0.604526503871352,0.5961882072662299,0.5955926146515783,0.5973793924955331,0.5824895771292437,0.5914234663490173,0.6027397260273972,0.6069088743299583,0.604526503871352,0.5848719475878499,0.6110780226325193,0.5789160214413341,0.589041095890411,0.593210244192972,0.5789160214413341,0.5616438356164384,0.5723645026801668,0.5795116140559857,0.5652173913043478,0.5807027992852889,0.5586658725431805,0.5449672424061942,0.5419892793329363,0.5753424657534246,0.5729600952948184
GCF_000015205.1,97.37,GCF_000015205.1,Pyrobaculum islandicum DSM 4184,0.53240589198036,0.4531468531468531,0.4526806526806526,0.4372960372960373,0.4456876456876457,0.4769230769230769,0.4815850815850815,0.4857808857808858,0.4988344988344988,0.5025641025641026,0.5011655011655012,0.5198135198135199,0.5086247086247087,0.5128205128205128,0.5156177156177156,0.5118881118881119,0.5002331002331002,0.5212121212121212,0.5006993006993007,0.51002331002331,0.5053613053613054,0.5212121212121212,0.5291375291375291,0.4853146853146853,0.5291375291375291,0.4988344988344988,0.5219216417910447,0.5205223880597015,0.5114325711619225
GCF_000151105.2,87.66,GCF_000151105.2,Thermococcus barophilus MP,0.4174689826302729,0.4278673835125448,0.4538530465949821,0.4014336917562724,0.3897849462365591,0.396505376344086,0.3709677419354839,0.414426523297491,0.3906810035842294,0.396505376344086,0.4063620071684587,0.4014336917562724,0.4077060931899641,0.4153225806451613,0.4050179211469534,0.3996415770609319,0.4063620071684587,0.4112903225806452,0.4094982078853046,0.4189068100358423,0.418010752688172,0.396505376344086,0.3951612903225806,0.4059139784946236,0.41084229390681,0.4096817570596145,0.4083370685791125,0.4020618556701031,0.4016136261766024
GCF_000018305.1,94.69,GCF_000018305.1,Caldivirga maquilingensis IC-167,0.454362771020624,0.3925599608418991,0.4233969652471855,0.4145863925599608,0.4140969162995594,0.4331864904552129,0.4297601566324033,0.4263338228095937,0.4405286343612334,0.4331864904552129,0.4493392070484581,0.4395496818404307,0.4282917278511992,0.4615761135584924,0.4532550171316691,0.4537444933920704,0.4620655898188938,0.4503181595692609,0.4410181106216349,0.4312285854136074,0.4488497307880568,0.4351443954968184,0.4473813020068526,0.4522760646108664,0.4282917278511992,0.4243759177679883,0.4454233969652472,0.4356338717572198,0.4336759667156143
GCF_000016605.1,83.69,GCF_000016605.1,Metallosphaera sedula DSM 5348,0.5471004243281471,0.4101910828025478,0.4339702760084926,0.4101910828025478,0.4373673036093418,0.451380042462845,0.4585987261146497,0.4607218683651805,0.4526539278131635,0.481104033970276,0.5091295116772824,0.4997876857749469,0.4853503184713376,0.5010615711252654,0.4832271762208068,0.5121019108280255,0.5273885350318471,0.5116772823779193,0.516348195329087,0.5091295116772824,0.5112526539278132,0.5044585987261146,0.5273885350318471,0.5218683651804671,0.5201698513800425,0.5316348195329087,0.540552016985138,0.5329087048832272,0.5239915074309979
GCF_000015945.1,84.78,GCF_000015945.1,Staphylothermus marinus F1,0.2840705987488829,0.3359756097560976,0.3213414634146341,0.2939024390243902,0.276219512195122,0.2689024390243902,0.2524390243902439,0.2621951219512195,0.2719512195121951,0.2798780487804878,0.2878048780487804,0.2969512195121951,0.3073170731707317,0.275609756097561,0.2896341463414634,0.2701219512195122,0.2969512195121951,0.2963414634146341,0.2957317073170731,0.276219512195122,0.2804878048780488,0.2719512195121951,0.2567073170731707,0.275609756097561,0.2865853658536585,0.275609756097561,0.273780487804878,0.3024390243902439,0.2670731707317073
GCF_000015805.1,105.31,GCF_000015805.1,Pyrobaculum calidifontis JCM 11548,0.7272230501738699,0.5853122251539138,0.6451187335092349,0.590589270008795,0.5998240985048373,0.6156552330694811,0.6240105540897097,0.6464379947229552,0.671943711521548,0.6530343007915568,0.6776605101143359,0.6904133685136323,0.6899736147757256,0.6926121372031663,0.6715039577836411,0.6934916446789797,0.6860158311345647,0.6939313984168866,0.6772207563764292,0.6961301671064204,0.6846965699208444,0.6921723834652594,0.7022867194371152,0.6908531222515392,0.7172383465259454,0.6992084432717678,0.7172383465259454,0.7053649956024626,0.7071240105540897
GCF_000015145.1,100.53,GCF_000015145.1,Hyperthermus butylicus DSM 5456,0.5874225923553278,0.5785915492957746,0.5746478873239437,0.5729577464788732,0.5538028169014084,0.5622535211267605,0.5453521126760563,0.5453521126760563,0.5459154929577464,0.5808450704225352,0.5588732394366197,0.5656338028169015,0.5667605633802817,0.5633802816901409,0.5538028169014084,0.5408450704225352,0.5673239436619718,0.5543661971830985,0.5543661971830985,0.5695774647887324,0.5583098591549296,0.5588732394366197,0.5645070422535211,0.5628169014084508,0.5605633802816902,0.6045070422535211,0.5729577464788732,0.5661971830985916,0.5682074408117249
GCF_000022485.1,82.92,GCF_000022485.1,Sulfolobus islandicus Y.N.15.51,0.3117668488160291,0.2822277847309136,0.3260325406758448,0.2950563204005006,0.273153942428035,0.304755944931164,0.3075719649561952,0.334793491864831,0.3044430538172716,0.3107008760951188,0.3157071339173967,0.3063204005006257,0.3094493116395494,0.3160200250312891,0.3178973717146433,0.3100750938673342,0.3031914893617021,0.2984981226533166,0.2934918648310388,0.2884856070087609,0.3188360450563204,0.29630788485607,0.3162179085785848,0.3215403882279273,0.306199123356293,0.3049467752035065,0.300031318509239,0.306390977443609,0.3164160401002506
GCF_000024305.1,82.54,GCF_000024305.1,Sulfolobus islandicus L.D.8.5,0.3077584028304271,0.2862770847012475,0.3269862114248194,0.304333552199606,0.2862770847012475,0.3017071569271175,0.2984241628365069,0.3148391332895601,0.3125410374261326,0.3007222586999343,0.3089297439264609,0.3000656598818122,0.299080761654629,0.3131976362442548,0.3108995403808273,0.3003939592908732,0.3095863427445831,0.2967826657912015,0.2994090610636901,0.2987524622455679,0.3181221273801707,0.2954694681549573,0.3135259356533158,0.3108995403808273,0.3049901510177282,0.3122127380170715,0.3118844386080105,0.30311986863711,0.3198686371100164
GCF_000022405.1,80.31,GCF_000022405.1,Sulfolobus islandicus M.14.25,0.3055777955697891,0.2754637731886594,0.3255162758137906,0.2905145257262863,0.2730136506825341,0.2866643332166608,0.3052152607630382,0.3150157507875393,0.32061603080154,0.3059152957647882,0.3062653132656633,0.2901645082254113,0.2933146657332867,0.3024151207560378,0.3073153657682884,0.2898144907245362,0.3024151207560378,0.2947147357367868,0.2950647532376619,0.2894644732236612,0.3094154707735387,0.287714385719286,0.3045152257612881,0.3031151557577879,0.2975148757437872,0.3060224089635854,0.3060224089635854,0.303677758318739,0.308231173380035
GCF_000022385.1,81.71,GCF_000022385.1,Sulfolobus islandicus L.S.2.15,0.305781010719755,0.2802107342772473,0.3243332235758973,0.2999670727691801,0.2805400065854461,0.3058939743167599,0.2963450773789924,0.3170892327955218,0.3101745143233454,0.2970036219953902,0.3081988804741521,0.3049061573921633,0.305564702008561,0.3039183404675666,0.3131379650971353,0.2966743496871913,0.3042476127757655,0.3012841620019756,0.2986499835363846,0.294698715837998,0.2996378004609812,0.2851498189002305,0.3022719789265722,0.3114916035561409,0.3026012512347711,0.3147843266381297,0.2999670727691801,0.2918313570487483,0.314662273476112
GCF_000022465.1,82.76,GCF_000022465.1,Sulfolobus islandicus Y.G.57.14,0.3129558294812532,0.2839423399262487,0.3251759973181361,0.2980221253771371,0.2762319812269527,0.3040563191418035,0.2963459604425075,0.3325511230305062,0.3070734160241368,0.3037210861548776,0.3067381830372108,0.3030506201810258,0.306067717063359,0.3084143479718404,0.3157894736842105,0.2960107274555816,0.3053972510895072,0.2926583975863225,0.294669795507878,0.2883003687562856,0.3110962118672477,0.2943345625209521,0.3107609788803218,0.3221589004358028,0.3075117370892019,0.3101945003353454,0.2971160295103957,0.3119758470311976,0.3113049312311305
GCF_000019805.1,96.64,GCF_000019805.1,Pyrobaculum neutrophilum V24Sta,0.7848401826484018,0.64473033151905,0.6991588322612569,0.6615536862939139,0.6838198911429986,0.6927263730826324,0.6937159821870361,0.7159821870361207,0.7169717961405245,0.7288471053933696,0.7427016328550222,0.7486392874814448,0.7565561603166749,0.7679366650173182,0.7555665512122711,0.7540821375556656,0.7476496783770411,0.7595249876298862,0.7471548738248391,0.7659574468085106,0.7580405739732805,0.7451756556160317,0.7471548738248391,0.7595249876298862,0.7733795150915388,0.7728847105393369,0.7649678377041069,0.7669470559129143,0.7763483424047501
GCF_000017945.1,93.98,GCF_000017945.1,Ignicoccus hospitalis KIN4/I,0.768893893893894,0.7401894451962111,0.7415426251691475,0.7158322056833559,0.7253044654939107,0.7374830852503383,0.7178619756427604,0.7347767253044655,0.709742895805142,0.7083897158322057,0.7320703653585927,0.7185385656292287,0.7476319350473613,0.7381596752368065,0.7313937753721245,0.7435723951285521,0.7280108254397835,0.7395128552097429,0.7638700947225981,0.7686062246278755,0.7618403247631935,0.7361299052774019,0.7645466847090663,0.7638700947225981,0.7476319350473613,0.774018944519621,0.7523680649526387,0.7699594046008119,0.7618403247631935
GCF_000020905.1,94.25,GCF_000020905.1,Desulfurococcus amylolyticus 1221n,0.490018243419338,0.46911866759195,0.5100624566273422,0.4878556557945871,0.4378903539208882,0.4316446911866759,0.4531575294934074,0.4267869535045107,0.4489937543372658,0.4788341429562803,0.4371963913948646,0.4705065926439972,0.4718945176960444,0.4788341429562803,0.4746703678001387,0.4802220680083275,0.476058292852186,0.4864677307425399,0.4788341429562803,0.472588480222068,0.4843858431644691,0.4816099930603747,0.4961832061068702,0.4892435808466343,0.4934073560027758,0.4823039555863983,0.4885496183206106,0.4774462179042332,0.4989590562109646
GCF_019175345.1,80.98,GCF_019175345.1,Saccharolobus shibatae B12,0.313181707018831,0.2937580437580437,0.333976833976834,0.2857142857142857,0.2828185328185328,0.2908622908622909,0.3156370656370656,0.3104890604890605,0.3211068211068211,0.314028314028314,0.3143500643500643,0.3043758043758043,0.2966537966537966,0.3082368082368082,0.3021235521235521,0.2998712998712998,0.3072715572715572,0.3030888030888031,0.3011583011583011,0.2963320463320463,0.3011583011583011,0.3063063063063063,0.3037323037323037,0.3175675675675675,0.3185328185328185,0.2979407979407979,0.3178893178893179,0.2929813264649066,0.3174500965872505
GCF_000246985.2,90.97,GCF_000246985.2,Thermococcus litoralis DSM 5473,0.45402613187481,0.4518879415347138,0.4498578968737312,0.4380836378400324,0.4194072269589931,0.4072269589930978,0.4185952090946001,0.4376776289078359,0.4190012180267966,0.440113682501015,0.4462038164839626,0.4498578968737312,0.4437677628907836,0.4303694681282988,0.4332115306536744,0.4226552984165652,0.4364596021112464,0.4486398700771417,0.4263093788063337,0.4348355663824604,0.4295574502639058,0.4413317092976045,0.4129110840438489,0.4441737718229801,0.440925700365408,0.4376776289078359,0.4169711733658141,0.4289195775792039,0.4443541835905767
GCF_000018365.1,86.79,GCF_000018365.1,Thermococcus onnurineus NA1,0.6538770297390987,0.6034912718204489,0.629426433915212,0.5650872817955113,0.5800498753117207,0.5815461346633416,0.571072319201995,0.5675810473815461,0.5965087281795511,0.5790523690773067,0.5940149625935162,0.6029925187032419,0.6069825436408978,0.6029925187032419,0.6154613466334165,0.6319201995012469,0.6209476309226932,0.6239401496259351,0.6094763092269326,0.6234413965087282,0.6379052369077307,0.6244389027431422,0.6104738154613466,0.6029925187032419,0.6112774451097804,0.6092814371257484,0.6127744510978044,0.622255489021956,0.6127744510978044
GCF_000215995.1,92.88,GCF_000215995.1,Pyrococcus yayanosii CH1,0.6439153439153439,0.6318302387267904,0.6631299734748011,0.6042440318302388,0.6058355437665782,0.6005305039787798,0.5941644562334217,0.6031830238726791,0.6037135278514589,0.6095490716180372,0.6074270557029178,0.6159151193633953,0.6111405835543766,0.620159151193634,0.6249336870026525,0.6328912466843502,0.6164456233421751,0.6281167108753316,0.613262599469496,0.6196286472148541,0.6381962864721485,0.6316348195329087,0.6284501061571125,0.6167728237791932,0.6199575371549894,0.6252653927813163,0.631104033970276,0.6268577494692145,0.6247346072186837
GCF_000148385.1,97.95,GCF_000148385.1,Vulcanisaeta distributa DSM 14429,0.5133189344852411,0.4429876837504966,0.4692093762415574,0.4537147397695669,0.4692093762415574,0.4612634088200238,0.4406038935240365,0.4906634882796981,0.4847040127135478,0.5005959475566151,0.5101311084624554,0.5053635280095352,0.5021851410409217,0.4918553833929281,0.4942391736193882,0.5037743345252285,0.4751688518077075,0.5017878426698451,0.4934445768772348,0.5013905442987684,0.467222884386174,0.4958283671036949,0.4910607866507747,0.4819229241160111,0.5029797377830751,0.5029797377830751,0.477155343663091,0.4787445371473977,0.5069527214938419
GCF_000025285.1,88.51,GCF_000025285.1,Archaeoglobus profundus DSM 5631,0.4421641791044776,0.4718309859154929,0.4869989165763814,0.4420368364030336,0.4236186348862405,0.437703141928494,0.4322860238353196,0.4274106175514626,0.4463705308775731,0.4458288190682556,0.4431202600216685,0.4393282773564463,0.4344528710725894,0.4409534127843987,0.4382448537378114,0.4263271939328277,0.4339111592632719,0.4647887323943662,0.442578548212351,0.432827735644637,0.4431202600216685,0.4263271939328277,0.4539544962080173,0.4458288190682556,0.437703141928494,0.4431202600216685,0.4292682926829268,0.4501084598698481,0.4224511930585683
GCF_000092305.1,89.85,GCF_000092305.1,Methanocaldococcus infernus ME,0.2903764647220144,0.2465753424657534,0.3143835616438356,0.276027397260274,0.2630136986301369,0.2705479452054795,0.2554794520547945,0.2780821917808219,0.247945205479452,0.2712328767123287,0.2821917808219178,0.2746575342465753,0.2712328767123287,0.2493150684931507,0.2787671232876712,0.2671232876712329,0.2780821917808219,0.3095890410958904,0.2876712328767123,0.2726027397260274,0.2746575342465753,0.3006849315068493,0.2664383561643835,0.2691780821917808,0.2678082191780822,0.2892392049348869,0.2727895819054147,0.2700479780671693,0.2727895819054147
GCF_000023985.1,83.35,GCF_000023985.1,Methanocaldococcus fervens AG86,0.2535965509416837,0.2306740878169449,0.2758194186765615,0.2405689548546691,0.2343846629560915,0.2399505256648113,0.2213976499690785,0.2319109461966604,0.2275819418676561,0.2374768089053803,0.2461348175633889,0.2492269635126777,0.2325293753865182,0.259121830550402,0.2368583797155225,0.2554112554112554,0.2374768089053803,0.2492269635126777,0.2300556586270872,0.2455163883735312,0.2529375386518244,0.2603586889301175,0.2300556586270872,0.2566481137909709,0.2498453927025355,0.2430426716141001,0.2244897959183673,0.2387136672850958,0.2288188002473716
GCF_000517445.1,86.23,GCF_000517445.1,Thermococcus paralvinellae,0.3830581355349157,0.3929577464788732,0.423943661971831,0.3741784037558685,0.3784037558685446,0.339906103286385,0.3525821596244131,0.3807511737089202,0.3671361502347418,0.3502347417840376,0.3586854460093897,0.3596244131455399,0.3699530516431925,0.380281690140845,0.3643192488262911,0.4046948356807511,0.3741784037558685,0.3713615023474178,0.3765258215962441,0.3793427230046948,0.3943661971830985,0.3661971830985915,0.3690140845070422,0.368075117370892,0.3671361502347418,0.3657276995305164,0.3516431924882629,0.3748238609675904,0.3518083607327383
GCF_000025505.1,96.06,GCF_000025505.1,Ferroglobus placidus DSM 10642,0.4968916518650089,0.5068013991449669,0.491255343956471,0.4714341235911387,0.4722114263505635,0.4621064904780412,0.4706568208317139,0.4830936649825106,0.4776525456665371,0.4897007384376214,0.495141857753595,0.4897007384376214,0.4749319860085503,0.5013602798289933,0.4803731053245239,0.485425573260785,0.4714341235911387,0.4827050136027982,0.5011664074650077,0.4731726283048211,0.4821150855365474,0.4696498054474708,0.4898832684824902,0.5031128404669261,0.4852140077821011,0.4846243674581549,0.4846243674581549,0.5025301673803036,0.4900739587388089
GCF_000092465.1,87.73,GCF_000092465.1,Staphylothermus hellenicus DSM 12710,0.3037011961182577,0.3455210237659963,0.3388177940280317,0.3059110298598415,0.2949421084704448,0.3065204143814747,0.2699573430834857,0.2882388787324802,0.2760511882998172,0.3040828762949421,0.3053016453382084,0.3040828762949421,0.3034734917733089,0.3095673369896404,0.3107861060329067,0.2845825716026813,0.3260207190737355,0.3126142595978062,0.3229737964655698,0.2985984156002437,0.283363802559415,0.287629494210847,0.2790981109079829,0.2864107251675807,0.2858013406459476,0.2815356489945155,0.307739183424741,0.3107861060329067,0.2992078001218769
GCF_000022365.1,89.34,GCF_000022365.1,Thermococcus gammatolerans EJ3,0.6980074299223236,0.6606978879706152,0.6533516988062442,0.6134067952249771,0.6221303948576676,0.6322314049586777,0.6202938475665748,0.6382001836547291,0.6469237832874196,0.6386593204775023,0.6487603305785123,0.6639118457300276,0.6689623507805326,0.6505968778696052,0.6701883325677538,0.6688102893890675,0.6871841984382178,0.6637574644005512,0.6862655029857602,0.6802939825447865,0.6830500689021589,0.6757005052824988,0.6651355075792375,0.6637574644005512,0.6789159393661002,0.6677389705882353,0.6590073529411765,0.6677389705882353,0.6815257352941176
GCF_000022545.1,83.23,GCF_000022545.1,Thermococcus sibiricus MM 739,0.3726335174953959,0.3965,0.385,0.3395,0.364,0.33,0.354,0.3615,0.362,0.352,0.356,0.3735,0.3735,0.353,0.379,0.365,0.3685,0.375,0.3645,0.372,0.378,0.37,0.3445,0.3605,0.3645,0.362,0.367,0.3445,0.374
GCF_000092185.1,92.06,GCF_000092185.1,Thermosphaera aggregans DSM 11486,0.5361801242236025,0.4992897727272727,0.5099431818181818,0.46875,0.4623579545454545,0.4517045454545454,0.4815340909090909,0.4872159090909091,0.4765625,0.4857954545454545,0.4985795454545454,0.5205965909090909,0.515625,0.4971590909090909,0.4921875,0.5063920454545454,0.5227272727272727,0.5369318181818182,0.5078125,0.4971590909090909,0.5099431818181818,0.5255681818181818,0.5063920454545454,0.5298295454545454,0.53125,0.5262784090909091,0.5305397727272727,0.5227272727272727,0.5049715909090909
GCF_000025525.1,84.64,GCF_000025525.1,Methanocaldococcus sp. FS406-22,0.2521521521521521,0.2297297297297297,0.3113513513513513,0.2691891891891892,0.2427027027027027,0.2383783783783783,0.2572972972972973,0.2378378378378378,0.2416216216216216,0.2535135135135135,0.252972972972973,0.2556756756756757,0.2491891891891892,0.2524324324324324,0.2254054054054054,0.2486486486486486,0.2410810810810811,0.2535135135135135,0.2389189189189189,0.2589189189189189,0.252972972972973,0.2589189189189189,0.2481081081081081,0.2562162162162162,0.2389189189189189,0.2643243243243243,0.2610810810810811,0.2632432432432432,0.2437837837837838
GCF_000144915.1,82.64,GCF_000144915.1,Acidilobus saccharovorans 345-15,0.7414388489208633,0.6646626586506346,0.6686706746826987,0.6987307949231797,0.6907147628590514,0.6733466933867736,0.676686706746827,0.6666666666666666,0.678690714762859,0.687374749498998,0.6893787575150301,0.7261189044756179,0.7007348029392118,0.706746826987308,0.7167668670674683,0.6800267201068805,0.7047428189712759,0.7034068136272545,0.7194388777555111,0.6987307949231797,0.7354709418837675,0.7287909151636607,0.7214428857715431,0.7040748162992652,0.738810955243821,0.730126920507682,0.7221108884435538,0.7274549098196392,0.7254509018036072
GCF_000194625.1,81.96,GCF_000194625.1,Archaeoglobus veneficus SNP6,0.5375044373446929,0.5048996733551097,0.5263649090060663,0.4484367708819412,0.4965002333177788,0.4932337844143724,0.5072328511432571,0.5053663089127391,0.5020998600093327,0.512832477834811,0.5034997666822212,0.5151656556229585,0.5174988334111059,0.5114325711619225,0.4974335044330378,0.5048996733551097,0.5170321978534764,0.4901960784313725,0.4995331465919701,0.5102707749766573,0.511204481792717,0.523342670401494,0.5158730158730159,0.5179822512844465,0.4983652498832321,0.507239607659972,0.508640822045773,0.5184493227463802,0.5016347501167678
GCF_000223395.1,100.75,GCF_000223395.1,Pyrolobus fumarii 1A,0.6188504443183966,0.6158567774936061,0.6051150895140665,0.6056265984654732,0.6138107416879796,0.5856777493606138,0.6,0.5836317135549872,0.5764705882352941,0.5979539641943734,0.5918158567774936,0.6112531969309463,0.5820971867007673,0.6035805626598465,0.6040920716112532,0.591304347826087,0.6015345268542199,0.6092071611253197,0.6030690537084399,0.6153452685421995,0.6179028132992327,0.6240409207161125,0.6035805626598465,0.5953964194373401,0.6005115089514067,0.6112531969309463,0.6025575447570333,0.6056265984654732,0.5928388746803069
GCF_000813245.1,86.33,GCF_000813245.1,Thermofilum adornatum 1505,0.5196170379054318,0.4343487394957983,0.4411764705882353,0.4096638655462185,0.4117647058823529,0.4453781512605042,0.4480042016806723,0.4417016806722689,0.4448529411764705,0.4711134453781512,0.4763655462184873,0.4816176470588235,0.4705882352941176,0.4632352941176471,0.4942226890756303,0.4753151260504201,0.4816176470588235,0.4763655462184873,0.4784663865546218,0.4852941176470588,0.4763655462184873,0.4868697478991596,0.4968487394957983,0.4847689075630252,0.5036764705882353,0.4968487394957983,0.5057773109243697,0.5078781512605042,0.5063025210084033
GCF_000186365.1,95.61,GCF_000186365.1,Desulfurococcus mucosus DSM 2162,0.6430777422790203,0.5683979517190929,0.6298463789319678,0.5888807607900512,0.5918068763716167,0.5998536942209217,0.5713240673006583,0.6079005120702268,0.5662033650329188,0.5757132406730066,0.590343818580834,0.6313094367227505,0.626188734455011,0.6203365032918801,0.6196049743964887,0.6188734455010972,0.640087783467447,0.6086320409656182,0.6130212143379663,0.6247256766642283,0.6217995610826628,0.6393562545720556,0.6188734455010972,0.6327724945135332,0.6269202633504023,0.6371616678858815,0.6291148500365764,0.6335040234089246,0.6378931967812729
GCF_000231015.2,94.42,GCF_000231015.2,Desulfurococcus amylolyticus DSM 16532,0.4787218045112782,0.4550938337801609,0.4959785522788204,0.4684986595174262,0.4235924932975871,0.4296246648793566,0.4289544235924933,0.4403485254691689,0.4289544235924933,0.4671581769436997,0.4101876675603217,0.450402144772118,0.4470509383378016,0.4631367292225201,0.4812332439678284,0.477882037533512,0.4825737265415549,0.470509383378016,0.4792225201072386,0.453083109919571,0.4557640750670241,0.4785522788203753,0.4832439678284182,0.4872654155495978,0.4752010723860589,0.4805630026809651,0.4805630026809651,0.4785522788203753,0.4798927613941018
GCF_000253055.1,88.67,GCF_000253055.1,Thermoproteus tenax Kra 1,0.6934016540812658,0.6575144508670521,0.600674373795761,0.5934489402697495,0.594412331406551,0.6122350674373795,0.6421001926782274,0.6498073217726397,0.6445086705202312,0.6551059730250481,0.6507707129094412,0.6734104046242775,0.6700385356454721,0.6695568400770713,0.6907514450867052,0.680635838150289,0.6695568400770713,0.6599229287090559,0.6772639691714836,0.6526974951830443,0.6791907514450867,0.6796724470134875,0.6782273603082851,0.6835260115606936,0.691233140655106,0.6719653179190751,0.6835260115606936,0.6763005780346821,0.6830443159922929
GCF_000189575.1,81.68,GCF_000189575.1,Sulfolobus islandicus HVE10/4,0.3058539134979746,0.2717578259373925,0.3343653250773993,0.2937736498108015,0.2734778121775025,0.2858617131062951,0.3068455452356381,0.3175094599243206,0.326797385620915,0.2968696250429996,0.305125558995528,0.2941176470588235,0.30374957000344,0.3137254901960784,0.3137254901960784,0.2896456828345373,0.3120055039559684,0.3006535947712418,0.3092535259717922,0.2872377020983832,0.2973158981417756,0.2914659325533379,0.3079834824501032,0.3066070199587061,0.2918100481761872,0.3040330920372285,0.3088590141330575,0.309072093825457,0.3117017604418364
GCF_000189555.1,82.19,GCF_000189555.1,Sulfolobus islandicus REY15A,0.3079423868312757,0.2733526430123099,0.3280231716147719,0.2932657494569153,0.279145546705286,0.2954380883417813,0.3026792179580014,0.3167994207096307,0.3164373642288197,0.2961622013034033,0.3088341781317885,0.2939898624185373,0.3026792179580014,0.3091962346125995,0.3055756698044895,0.2900072411296162,0.3120926864590876,0.2885590152063721,0.2961622013034033,0.2914554670528602,0.2936278059377263,0.2972483707458364,0.3077480086893555,0.3128167994207096,0.3041274438812454,0.3044895003620564,0.3117306299782766,0.2994207096307024,0.3082216588192684
GCF_001481685.1,86.56,GCF_001481685.1,Ignicoccus islandicus DSM 13165,0.4845492507983296,0.4702738810955243,0.4822979291917167,0.460253841015364,0.4756179024716099,0.4569138276553106,0.4575818303273213,0.4629258517034068,0.449565798263193,0.4382097528390113,0.4515698062792251,0.468937875751503,0.4736138944555778,0.4696058784235137,0.4709418837675351,0.4615898463593854,0.468937875751503,0.4662658650634602,0.4749498997995992,0.4869739478957915,0.4609218436873747,0.4742818971275885,0.4408817635270541,0.4822979291917167,0.4756179024716099,0.4769539078156312,0.4595858383433533,0.468937875751503,0.4869739478957915
GCF_000190315.1,91.91,GCF_000190315.1,Vulcanisaeta moutnovskia 768-28,0.4420823970037453,0.3975030205396697,0.4156262585581957,0.4103906564639549,0.4003221908981071,0.3801852597664116,0.3942811115585984,0.4216673378977044,0.4224728151429722,0.4269029399919452,0.4361659283125251,0.4454289166331051,0.4530809504631494,0.4244865082561417,0.436568666935159,0.4647603705195328,0.4297221103503826,0.4317358034635521,0.4236810310108739,0.4273056786145791,0.4103906564639549,0.43254128070882,0.4397905759162304,0.4250604351329572,0.4278807413376309,0.4198227236099919,0.4443996776792909,0.4456083803384367,0.4413542926239419
GCF_000193375.1,89.08,GCF_000193375.1,Thermoproteus uzoniensis 768-20,0.8029576746557879,0.7316962255570714,0.7189631650750341,0.6784902228285584,0.7053206002728513,0.717144156434743,0.7144156434743065,0.732605729877217,0.739881764438381,0.7453387903592542,0.7503410641200545,0.7653478854024557,0.7708049113233287,0.7603456116416553,0.7735334242837654,0.7889949977262392,0.7739881764438381,0.779899954524784,0.7671668940427467,0.7535243292405639,0.7698954070031833,0.7812642110050023,0.7693357597816196,0.7638762511373977,0.7934485896269335,0.7820746132848043,0.781164695177434,0.7879890809827116,0.7911737943585078
GCF_000204925.1,81.22,GCF_000204925.1,Metallosphaera cuprina Ar-4,0.4528030303030303,0.3663725998962117,0.3902439024390244,0.3642968344577063,0.3886870783601453,0.408406850025947,0.4187856772184743,0.3964711987545407,0.4104826154644525,0.4224182667358588,0.4431759211209133,0.4156720290607161,0.431240269849507,0.4348728593668915,0.4421380384016606,0.4390243902439024,0.4348728593668915,0.4343539180072652,0.4395433316035288,0.4322781525687597,0.444213803840166,0.4374675661650233,0.431240269849507,0.4478463933575506,0.4737934613388687,0.4421380384016606,0.4395433316035288,0.4353918007265179,0.4390243902439024
GCF_000221185.1,84.29,GCF_000221185.1,Thermococcus sp. 4557,0.7663395316804408,0.646421845574388,0.660075329566855,0.6012241054613936,0.6440677966101694,0.635593220338983,0.6407721280602636,0.658662900188324,0.64924670433145,0.6836158192090396,0.6756120527306968,0.6991525423728814,0.7019774011299436,0.690677966101695,0.7095103578154426,0.7099811676082862,0.7095103578154426,0.7109227871939736,0.731638418079096,0.71939736346516,0.7184557438794726,0.7161016949152542,0.7269303201506592,0.716572504708098,0.7202072538860104,0.7144203581526861,0.7285579641847314,0.7360980207351555,0.7205466540999057
GCF_000234805.1,102.03,GCF_000234805.1,Pyrobaculum ferrireducens,0.7277572270173996,0.5675965665236051,0.6251788268955651,0.5736766809728183,0.605865522174535,0.6151645207439199,0.6448497854077253,0.642346208869814,0.6706008583690987,0.6688125894134478,0.6813304721030042,0.674892703862661,0.6899141630901288,0.6984978540772532,0.6791845493562232,0.6949213161659513,0.6856223175965666,0.6781115879828327,0.6877682403433476,0.6863376251788269,0.6845493562231759,0.6952789699570815,0.6988555078683834,0.702074391988555,0.7031473533619457,0.7067238912732475,0.7170958512160229,0.7005366726296959,0.7059033989266548
GCF_000245095.1,80.26,GCF_000245095.1,Sulfolobus islandicus M.16.2,0.3061615760941425,0.2698467966573816,0.3213788300835654,0.2876044568245125,0.2684540389972145,0.290041782729805,0.3053621169916434,0.3036211699164345,0.3161559888579387,0.2997910863509749,0.2910863509749303,0.2963091922005571,0.2889972144846797,0.3029247910863509,0.3029247910863509,0.2851671309192201,0.2990947075208913,0.2949164345403899,0.2963091922005571,0.2963091922005571,0.310933147632312,0.282033426183844,0.3074512534818941,0.3081476323119777,0.2914345403899721,0.3062717770034843,0.3,0.2961672473867596,0.3032415475775531
GCF_000245215.1,80.09,GCF_000245215.1,Sulfolobus islandicus M.16.40,0.3058300653594771,0.2731640356897735,0.3260123541523679,0.2889498970487302,0.2762525737817433,0.2886067261496225,0.3067947838023335,0.3050789293067948,0.316060398078243,0.3006177076183939,0.2947838023335621,0.2975291695264241,0.289293067947838,0.2961564859299931,0.3115991763898421,0.2886067261496225,0.2930679478380233,0.2903225806451613,0.3009608785175017,0.2896362388469458,0.3006177076183939,0.2875772134522992,0.3040494166094715,0.3078242964996568,0.2920384351407,0.3079299691040165,0.3041537933401991,0.3044970820460007,0.3042582417582417
GCF_000245275.1,80.15,GCF_000245275.1,Sulfolobus islandicus M.16.47,0.3105374635954461,0.2747481764501563,0.3233761722820423,0.2882945467176103,0.2705800625217089,0.2941993747829107,0.3084404307051059,0.3136505731156652,0.3178186870441125,0.3046196596040292,0.3014935741576936,0.29940951719347,0.2917679749913164,0.3060090309135116,0.3094824591872178,0.290378603681834,0.3080930878777353,0.296630774574505,0.3049670024313998,0.2969781174018756,0.305661688086141,0.2837790899617923,0.3133032302882945,0.3067037165682528,0.2955887460923932,0.3053143452587704,0.3084404307051059,0.3018409169850642,0.3060090309135116
GCF_000263735.1,93.52,GCF_000263735.1,Pyrococcus sp. ST04,0.4143394731630025,0.4789732386673949,0.4871654833424358,0.4112506826870563,0.4167121791370836,0.3954123429819771,0.3702894593118514,0.3981430912069907,0.4112506826870563,0.4079737848170399,0.4046968869470235,0.3899508465319498,0.4243582741671218,0.4063353358820317,0.4101583833970508,0.4128891316220644,0.4123429819770617,0.4194429273620972,0.4128891316220644,0.3719279082468596,0.4046968869470235,0.4057891862370289,0.4063353358820317,0.4008738394320044,0.4134352812670672,0.4270890223921354,0.3972677595628415,0.3994535519125683,0.3912568306010929
GCF_000264495.1,92.94,GCF_000264495.1,Thermogladius calderae 1633,0.7358543417366947,0.6502463054187192,0.6439127375087966,0.6600985221674877,0.6375791695988741,0.6382828993666432,0.657283603096411,0.6361717100633357,0.6720619282195637,0.6966924700914848,0.6868402533427164,0.6945812807881774,0.6833216045038705,0.6769880365939479,0.6699507389162561,0.7023223082336383,0.6945812807881774,0.7037297677691766,0.7044334975369458,0.6959887403237157,0.7100633356790992,0.7072484166080225,0.7030260380014075,0.7093596059113301,0.717100633356791,0.7192118226600985,0.7072484166080225,0.7079521463757917,0.6903589021815623
GCF_000275605.1,93.31,GCF_000275605.1,Pyrococcus furiosus COM1,0.3885955649419219,0.4372003835091083,0.4271332694151486,0.3820709491850431,0.4022051773729626,0.3518696069031639,0.3403643336529242,0.3748801534036433,0.3729626078619367,0.3787152444870565,0.3638542665388303,0.3609779482262704,0.398849472674976,0.3609779482262704,0.3533077660594439,0.3758389261744966,0.3887823585810163,0.3820709491850431,0.3959731543624161,0.3782358581016299,0.3705656759348034,0.3839884947267498,0.3648130393096836,0.3815915627996165,0.3806327900287631,0.39568345323741,0.3553956834532374,0.3678657074340528,0.3822541966426858
GCF_000591035.1,99.79,GCF_000591035.1,Aeropyrum camini SY1 = JCM 12091,0.6879150066401062,0.5879828326180258,0.6345800122624157,0.583077866339669,0.5812385039852851,0.618638871857756,0.6192519926425506,0.6388718577559779,0.6272225628448804,0.6266094420600858,0.6468424279583078,0.6591048436541999,0.65113427345187,0.6468424279583078,0.6437768240343348,0.6376456161863887,0.6499080318822809,0.6419374616799509,0.6609442060085837,0.6560392397302268,0.6486817903126916,0.6400980993255672,0.6529736358062538,0.6793378295524218,0.6290619251992643,0.6486817903126916,0.6707541385652973,0.6548129981606376,0.6609442060085837
GCF_000364745.1,81.37,GCF_000364745.1,Sulfolobus islandicus LAL14/1,0.3024373062834601,0.2776749352091818,0.3339503887449093,0.2921140318400592,0.2765642354683451,0.2895223991114402,0.3032210292484265,0.310625694187338,0.3195112921140318,0.3039614957423177,0.3021103295075897,0.2976675305442429,0.3002591632728619,0.3050721954831544,0.3128470936690115,0.2943354313217327,0.3013698630136986,0.2921140318400592,0.2932247315808959,0.2943354313217327,0.3024805627545353,0.2902628656053314,0.3013698630136986,0.3091447611995557,0.3002591632728619,0.308034061458719,0.3084042947056645,0.3,0.3107407407407407
GCF_001412615.1,98.77,GCF_001412615.1,Pyrodictium delaneyi,0.5847445516255806,0.5958272683163512,0.5977680737506065,0.529839883551674,0.5468219311014071,0.5613779718583212,0.5594371664240659,0.5492479378942261,0.534691897137312,0.5327510917030568,0.5453663270257156,0.5526443474041728,0.5531295487627366,0.5424551188743328,0.5516739446870451,0.5764192139737991,0.5725376031052887,0.5613779718583212,0.5448811256671519,0.5618631732168851,0.5618631732168851,0.5618631732168851,0.5473071324599709,0.5540999514798641,0.5502183406113537,0.5604075691411936,0.5579815623483746,0.5657447840853954,0.5739932071809801
GCF_002214365.1,83.26,GCF_002214365.1,Thermococcus celer Vu 13 = JCM 8558,0.7746999076638966,0.6835252879318978,0.6820230345518278,0.6399599399098648,0.6494742113169755,0.6454682023034551,0.6755132699048573,0.6800200300450676,0.6930395593390085,0.6835252879318978,0.6945418127190787,0.7085628442663996,0.7240861291937907,0.730095142714071,0.7255883825738608,0.7386079118678017,0.7446169253880821,0.7556334501752628,0.7526289434151227,0.7466199298948423,0.730095142714071,0.7496244366549825,0.7364729458917836,0.7264529058116233,0.7259519038076152,0.7274549098196392,0.7419839679358717,0.746993987975952,0.7540080160320641
GCF_026000775.1,90.59,GCF_026000775.1,Vulcanisaeta souniana JCM 11219,0.509115704852139,0.4121491733948481,0.4625144175317185,0.4567474048442906,0.4359861591695502,0.4294502114571318,0.4206074586697424,0.4855824682814302,0.4590542099192618,0.4763552479815455,0.4948096885813148,0.4994232987312572,0.4782775855440215,0.4936562860438293,0.5117262591311034,0.4932718185313341,0.500961168781238,0.4882737408688966,0.4863514033064206,0.4621299500192233,0.4913494809688581,0.4805843906189927,0.4998077662437524,0.4955786236063053,0.4967320261437908,0.4913494809688581,0.4801999231064975,0.4825067281814686,0.5048058439061899
GCF_000739065.1,81.03,GCF_000739065.1,Methanocaldococcus bathoardescens,0.2194498592159411,0.2019173157579389,0.2618334331935291,0.2079089275014979,0.2204913121629718,0.2204913121629718,0.2139005392450569,0.2228879568603954,0.2270820850808867,0.2330736968244458,0.2186938286399041,0.2097064110245656,0.21929298981426,0.2324745356500898,0.2079089275014979,0.2300778909526662,0.21929298981426,0.213301378070701,0.2103055721989215,0.2234871180347513,0.2156980227681246,0.2440047961630695,0.2176258992805755,0.2032374100719424,0.2128297362110311,0.2410071942446043,0.2134292565947242,0.223621103117506,0.2278177458033573
GCF_000725425.1,89.93,GCF_000725425.1,Palaeococcus pacificus DY20341,0.4607032807685336,0.4769853313100657,0.4602933737986849,0.3889731917046029,0.4081942336874051,0.3874557410217501,0.3864441072331815,0.4344967121901871,0.4218512898330804,0.411734951947395,0.4097116843702579,0.4258978249873545,0.4309559939301973,0.4289327263530602,0.4385432473444613,0.4552352048558422,0.4107233181588265,0.4420839656044512,0.4481537683358624,0.4309559939301973,0.4344967121901871,0.4324734446130501,0.4178047546788063,0.438037430450177,0.4238745574102175,0.4279210925644917,0.4420839656044512,0.4294385432473445,0.4385432473444613
GCF_000734035.1,87.0,GCF_000734035.1,Archaeoglobus fulgidus DSM 8774,0.5806640339330116,0.5226928895612708,0.4984871406959152,0.5045385779122542,0.5022692889561271,0.5173978819969742,0.5011346444780636,0.5351739788199698,0.5412254160363086,0.5347957639939486,0.5457639939485628,0.5389561270801816,0.5412254160363086,0.5385779122541604,0.5446293494704992,0.5563540090771558,0.5586232980332829,0.550302571860817,0.5425652667423383,0.5399167612561483,0.5527809307604994,0.5622398789254635,0.5618615209988649,0.5618615209988649,0.5565645100264851,0.5567751703255109,0.5391897008708822,0.553030303030303,0.5467980295566502
GCF_000446015.1,86.27,GCF_000446015.1,Thermofilum adornatum,0.5228121927236972,0.4379014989293361,0.4346895074946467,0.3988222698072805,0.4245182012847965,0.4523554603854389,0.4534261241970021,0.4405781584582441,0.4411134903640257,0.4668094218415418,0.4796573875802998,0.4919700214132762,0.4764453961456102,0.4732334047109208,0.4994646680942184,0.487152034261242,0.4892933618843683,0.4866167023554604,0.4678800856531049,0.4817987152034261,0.478051391862955,0.4978586723768736,0.4941113490364026,0.4743040685224839,0.5085653104925053,0.4930406852248394,0.515524625267666,0.5112419700214133,0.5064239828693791
GCF_000816105.1,89.66,GCF_000816105.1,Thermococcus guaymasensis DSM 11113,0.6840296139608673,0.6263057929724596,0.6315289648622981,0.5660018993352327,0.5935422602089269,0.5897435897435898,0.577397910731244,0.6030389363722697,0.613960113960114,0.6153846153846154,0.6134852801519468,0.637701804368471,0.6405508072174739,0.6424501424501424,0.6362773029439696,0.644349477682811,0.6410256410256411,0.6585944919278253,0.6604938271604939,0.6704653371320038,0.6438746438746439,0.6641330166270784,0.6527315914489311,0.6513064133016627,0.6641330166270784,0.6508313539192399,0.6451306413301663,0.6563688212927756,0.651615969581749
GCF_000769655.1,89.15,GCF_000769655.1,Thermococcus eurythermalis,0.7051558166095611,0.6587823039859834,0.6522120017520806,0.5843188786684187,0.615856329391152,0.600963644327639,0.5847568988173456,0.6084099868593955,0.6184844502847131,0.6303109943057381,0.6491458607095927,0.6465177398160316,0.6465177398160316,0.6434515987735436,0.6517739816031537,0.6552781427945685,0.6565922032413491,0.6640385457731056,0.671484888304862,0.6706088480070084,0.6819973718791065,0.6784932106876916,0.6697328077091547,0.668418747262374,0.6713409290096407,0.6700262927256793,0.6735319894829097,0.677475898334794,0.6691498685363716
GCF_013343295.1,82.99,GCF_013343295.1,Metallosphaera tengchongensis,0.5167845117845118,0.4006197432492253,0.434705621956618,0.399734395750332,0.4156706507304117,0.413899955732625,0.4484285081894644,0.4652501106684373,0.4532979194333776,0.4590526781761841,0.464364763169544,0.479858344400177,0.4918105356352368,0.4851704293935369,0.4957945993802568,0.4803010181496237,0.4760850310008857,0.4827280779450841,0.4982285208148804,0.504428697962799,0.4977856510186005,0.4933569530558016,0.5070859167404783,0.4833850243686309,0.5015507310589278,0.4953478068232166,0.499113475177305,0.4977836879432624,0.5031028368794326
GCF_000993805.1,89.7,GCF_000993805.1,Infirmifilum uzonense,0.5263691246226821,0.478134110787172,0.4408163265306122,0.4705539358600583,0.4513119533527697,0.4536443148688047,0.4641399416909621,0.4746355685131195,0.4699708454810495,0.4938775510204081,0.5078717201166181,0.4892128279883382,0.4962099125364431,0.5206997084548105,0.4857142857142857,0.4991253644314868,0.5107871720116618,0.5122520420070011,0.4976662777129521,0.4894982497082847,0.5198366394399067,0.5140023337222871,0.5250875145857643,0.5087514585764294,0.514585764294049,0.5105017502917153,0.5134189031505251,0.5105017502917153,0.5058343057176196
GCF_003431325.1,84.59,GCF_003431325.1,Acidilobus sp. 7A,0.7501542111506524,0.6590909090909091,0.7006493506493506,0.6746753246753247,0.6642857142857143,0.6837662337662338,0.6714285714285714,0.6941558441558442,0.7181818181818181,0.7181818181818181,0.7077922077922078,0.7253246753246754,0.7116883116883117,0.6922077922077922,0.7285714285714285,0.7214285714285714,0.7207792207792207,0.724025974025974,0.7227272727272728,0.6967532467532468,0.7259740259740259,0.7220779220779221,0.7311688311688311,0.7318181818181818,0.7480519480519481,0.7214285714285714,0.7175324675324676,0.7277452891487979,0.7290448343079922
GCF_001577775.1,97.62,GCF_001577775.1,Pyrococcus kukulkanii,0.4886058753608422,0.5186194368755677,0.5399636693914623,0.4668483197093551,0.4745685740236149,0.4791099000908265,0.4523160762942779,0.472297910990009,0.4709355131698456,0.4759309718437783,0.4772933696639418,0.4727520435967302,0.4641235240690282,0.4573115349682107,0.4922797456857402,0.4741144414168937,0.4754768392370572,0.477747502270663,0.4813805631244323,0.4654859218891916,0.4809264305177111,0.4800181653042688,0.4697864606996819,0.4720581553839164,0.4861426624261699,0.4770558836892322,0.4731818181818182,0.4672727272727273,0.4690909090909091
GCF_003967175.1,88.49,GCF_003967175.1,Sulfodiicoccus acidiphilus,0.6113365539452496,0.5432409739714525,0.5696893366918556,0.5520570948782536,0.5583543240973972,0.5642317380352645,0.5843828715365239,0.5877413937867338,0.5961376994122586,0.5843828715365239,0.5990764063811923,0.5906801007556675,0.5827036104114189,0.6070528967254408,0.6104114189756508,0.5994962216624685,0.6183879093198993,0.609151973131822,0.6031079378412432,0.6094078118437631,0.5917681646367072,0.6035279294414112,0.6165476690466191,0.6157076858462831,0.6127677446451071,0.6131877362452751,0.6031079378412432,0.5972280554388912,0.6064678706425871
GCF_902813195.1,91.97,GCF_902813195.1,Thermococcus sp. 2319x1,0.4817237267927099,0.4966047985513807,0.4703485740153916,0.4449977365323675,0.4391127206880941,0.4400181077410593,0.4422815753734722,0.479402444545043,0.4590312358533273,0.4658216387505658,0.4626527840651879,0.4531462200090538,0.4766862833861476,0.4363965595291987,0.4499773653236759,0.4486192847442281,0.4585785423268447,0.4622000905387053,0.4612947034857401,0.4576731552738796,0.4798551380715256,0.4807605251244907,0.4404708012675419,0.4671797193300135,0.4748755092802172,0.4753282028066998,0.4608420099592575,0.4708012675418741,0.469895880488909
GCF_020886315.1,81.42,GCF_020886315.1,Saccharolobus caldissimus,0.2681343195961019,0.2692307692307692,0.3034524530587523,0.2804360993337371,0.2637795275590551,0.2910357359176256,0.2795275590551181,0.2992125984251969,0.2813446396123562,0.3013325257419745,0.2768019382192611,0.2692307692307692,0.2577225923682616,0.2761962447001817,0.2649909145972138,0.2707450030284676,0.2631738340399758,0.2662023016353725,0.2510599636583888,0.2629506210239321,0.2559830354438049,0.2611329900030293,0.2638594365343835,0.269009391093608,0.2690909090909091,0.2893939393939393,0.2643225219763565,0.2801697998787144,0.2707701637355973
GCF_001647085.1,86.79,GCF_001647085.1,Thermococcus piezophilus,0.6545056867891513,0.6048387096774194,0.6146953405017921,0.568100358422939,0.5649641577060932,0.578853046594982,0.5815412186379928,0.5613799283154122,0.5761648745519713,0.6017025089605734,0.5931899641577061,0.6075268817204301,0.6039426523297491,0.6048387096774194,0.6093189964157706,0.6182795698924731,0.628584229390681,0.6388888888888888,0.621415770609319,0.6299283154121864,0.6294802867383512,0.6223118279569892,0.6030465949820788,0.621415770609319,0.6151433691756273,0.6205197132616488,0.6245519713261649,0.6122814881219184,0.6239354549529359
GCF_001719125.1,80.22,GCF_001719125.1,Sulfolobus sp. A20,0.3000685588920883,0.2796016230173367,0.3061600885282183,0.2803393581704168,0.267797860568056,0.2855035042419771,0.2821836960531169,0.2980450018443379,0.2969383991147178,0.2958317963850977,0.3054223533751383,0.3039468830689782,0.2932497233493176,0.2954629288085577,0.2869789745481372,0.2736997417926964,0.3094798967170786,0.2947251936554776,0.2862412393950572,0.2877167097012172,0.3072666912578384,0.2973072666912578,0.2987827369974179,0.296309963099631,0.3059040590405904,0.296309963099631,0.2992619926199262,0.3011070110701107,0.2955719557195572
GCF_002197185.1,86.41,GCF_002197185.1,Thermococcus sp. 5-4,0.762846279196089,0.653690596562184,0.6638018200202225,0.602123356926188,0.647118301314459,0.6198179979777553,0.6415571284125379,0.6562184024266936,0.6496461071789686,0.6683518705763397,0.6764408493427705,0.7057633973710818,0.7138523761375126,0.7093023255813954,0.7057633973710818,0.7052578361981799,0.7229524772497472,0.7103134479271992,0.7153690596562184,0.7093023255813954,0.7123356926188069,0.7093023255813954,0.6996966632962589,0.7269969666329625,0.704752275025278,0.7219413549039434,0.7214357937310415,0.7264914054600606,0.7209302325581395
GCF_900198835.1,89.87,GCF_900198835.1,Thermococcus henrietii,0.7310404807084124,0.6757795813754806,0.6954293037163606,0.643314822725331,0.6364801366937206,0.6351986330627937,0.644596326356258,0.6680905595899188,0.6633917129431867,0.671507902605724,0.6723622383596753,0.6881674498077744,0.6962836394703118,0.6851772746689448,0.6984194788551901,0.7014096539940197,0.7133703545493378,0.7056813327637762,0.7056813327637762,0.6958564715933362,0.7180692011960701,0.6907304570696283,0.7039726612558735,0.6907304570696283,0.7035454933788979,0.7069628363947031,0.7086715079026057,0.7038461538461539,0.7068376068376069
GCF_904067545.1,85.96,GCF_904067545.1,Thermococcus camini,0.7269438810006761,0.6534926470588235,0.6452205882352942,0.5827205882352942,0.6337316176470589,0.6272977941176471,0.6291360294117647,0.625,0.6208639705882353,0.6456801470588235,0.6608455882352942,0.6603860294117647,0.6879595588235294,0.6750919117647058,0.6842830882352942,0.671875,0.6934742647058824,0.6985294117647058,0.6966911764705882,0.6852022058823529,0.7008272058823529,0.6911764705882353,0.6879595588235294,0.6806066176470589,0.6930147058823529,0.6732536764705882,0.7164522058823529,0.6925551470588235,0.6976102941176471
GCF_006274605.1,85.43,GCF_006274605.1,Thermococcus indicus,0.7350395532805957,0.6557172557172557,0.651975051975052,0.5983367983367983,0.6203742203742204,0.6390852390852391,0.6374220374220374,0.641995841995842,0.6532224532224532,0.6656964656964657,0.6627858627858628,0.681912681912682,0.6864864864864865,0.6835758835758836,0.6972972972972973,0.6960498960498961,0.6952182952182953,0.7093555093555094,0.7043659043659044,0.6977130977130978,0.7018711018711019,0.6943866943866944,0.7043659043659044,0.6881496881496881,0.7002079002079002,0.6835758835758836,0.7072765072765073,0.6931392931392931,0.6997920997920998
GCF_008152015.1,85.16,GCF_008152015.1,Thermococcus aciditolerans,0.7370021950454688,0.6545300592718035,0.6371718882303133,0.5872142252328535,0.6164267569856055,0.6172734970364098,0.6253175275190517,0.6367485182049111,0.6397121083827265,0.6663844199830652,0.6519898391193903,0.6642675698560542,0.6905165114309907,0.6773920406435224,0.6858594411515665,0.6939034716342083,0.6782387806943269,0.6824724809483489,0.7163420829805249,0.7053344623200677,0.6960203217612193,0.707874682472481,0.6968670618120237,0.6955969517358171,0.7027942421676545,0.6955969517358171,0.7023708721422524,0.7015241320914479,0.6895383312155866
GCF_003351865.1,83.2,GCF_003351865.1,Methanofervidicoccus sp. A16,0.3753458096013018,0.3242835595776772,0.3604826546003016,0.3303167420814479,0.3280542986425339,0.310708898944193,0.3122171945701357,0.3446455505279034,0.3461538461538461,0.3273001508295626,0.3235294117647059,0.33710407239819,0.3393665158371041,0.3386123680241327,0.3461538461538461,0.3521870286576169,0.3227752639517345,0.3469079939668175,0.3559577677224736,0.3235294117647059,0.3378582202111614,0.3574660633484163,0.3453996983408748,0.3567119155354449,0.3499245852187028,0.3650075414781297,0.358974358974359,0.3401206636500754,0.3514328808446455
GCF_014876775.1,94.45,GCF_014876775.1,Infirmifilum lucidum,0.652791461412151,0.5707042253521126,0.5633802816901409,0.5397183098591549,0.5549295774647888,0.5577464788732395,0.5864788732394366,0.5909859154929578,0.6107042253521127,0.6112676056338028,0.6011267605633803,0.603943661971831,0.6152112676056338,0.6185915492957746,0.6247887323943662,0.6276056338028169,0.6270422535211267,0.6326760563380281,0.6405633802816901,0.6326760563380281,0.6428169014084507,0.6343661971830986,0.6270422535211267,0.6259154929577465,0.64,0.6591549295774648,0.6326760563380281,0.6366197183098592,0.6371830985915493
GCF_019704315.1,82.9,GCF_019704315.1,Stygiolobus caldivivus,0.4241165048543689,0.3602206135815236,0.38503964150293,0.3498793519476043,0.3419510513615994,0.3678042054463978,0.3740089624267494,0.3736642537056187,0.3681489141675284,0.37435367114788,0.389865563598759,0.3922785246466735,0.3809031368493623,0.3881420199931058,0.4043433298862461,0.3736642537056187,0.3977938641847638,0.390899689762151,0.39572561185798,0.3964150293002413,0.3979310344827586,0.4028975508796136,0.3956536736805795,0.4056571231459124,0.3982056590752243,0.3923395445134575,0.3968253968253968,0.3978605935127674,0.3961352657004831
GCF_023746595.1,83.54,GCF_023746595.1,Thermococcus argininiproducens,0.3510400279671386,0.3581730769230769,0.3841346153846154,0.3514423076923076,0.3346153846153846,0.3264423076923077,0.3350961538461538,0.3485576923076923,0.3427884615384615,0.3274038461538461,0.3519230769230769,0.3485576923076923,0.35625,0.3754807692307692,0.3399038461538461,0.3384615384615385,0.3423076923076923,0.3370192307692308,0.3384615384615385,0.3399038461538461,0.3432692307692307,0.3581730769230769,0.3413461538461538,0.3600961538461538,0.3399038461538461,0.335576923076923,0.3475961538461538,0.3346153846153846,0.3317307692307692
GCF_022693705.1,89.68,GCF_022693705.1,Infirmifilum sp. NZ,0.7127411652340019,0.6020565552699229,0.6231362467866324,0.609254498714653,0.5948586118251928,0.6102827763496144,0.6488431876606684,0.6298200514138818,0.6323907455012854,0.6519280205655527,0.6771208226221079,0.6802056555269923,0.6524421593830334,0.6580976863753213,0.6853470437017994,0.6694087403598972,0.6730077120822622,0.6694087403598972,0.6796915167095116,0.7033419023136247,0.6627249357326478,0.6987146529562982,0.6730077120822622,0.6766066838046273,0.702827763496144,0.6976863753213368,0.7043701799485861,0.6766066838046273,0.6889460154241646
GCF_024707485.1,87.22,GCF_024707485.1,Thermococcus thermotolerans,0.6986117836965294,0.642169728783902,0.652668416447944,0.589238845144357,0.610236220472441,0.6093613298337708,0.6067366579177603,0.6093613298337708,0.6299212598425197,0.6399825021872266,0.6513560804899388,0.652668416447944,0.663167104111986,0.6513560804899388,0.6719160104986877,0.647419072615923,0.6811023622047244,0.6596675415573053,0.6710411198600175,0.6504811898512686,0.6666666666666666,0.6714785651793526,0.6618547681539807,0.6609798775153106,0.673665791776028,0.652230971128609,0.6649168853893264,0.6671041119860017,0.6911636045494314
GCF_033097485.1,98.25,GCF_033097485.1,Pyrofollis japonicus,0.5229633582355033,0.512720156555773,0.5151663405088063,0.4897260273972603,0.49853228962818,0.5146771037181996,0.4662426614481409,0.4750489236790606,0.471624266144814,0.476027397260274,0.5048923679060665,0.4936399217221135,0.4833659491193737,0.4990215264187866,0.4848336594911937,0.49706457925636,0.4848336594911937,0.4926614481409002,0.4951076320939334,0.5048923679060665,0.4892367906066536,0.4965753424657534,0.4887475538160469,0.4863013698630137,0.4848336594911937,0.5210371819960861,0.5288649706457925,0.5308219178082192,0.5249510763209393
GCF_035621495.1,87.21,GCF_035621495.1,Thermococcus sp. SY098,0.416898378020523,0.4280623608017817,0.4463251670378619,0.398218262806236,0.4066815144766147,0.3902004454342984,0.3804008908685969,0.4160356347438753,0.3893095768374164,0.3848552338530067,0.4178173719376392,0.4017817371937639,0.4022271714922049,0.4191536748329621,0.4089086859688196,0.4057906458797327,0.4084632516703786,0.4008908685968819,0.4191536748329621,0.4062360801781737,0.4097995545657015,0.4075723830734966,0.3986636971046771,0.4084632516703786,0.3937639198218263,0.3986636971046771,0.398218262806236,0.4144385026737968,0.409982174688057
