Accession,Species,Core_GC3,codon_2,codon_3,codon_4,codon_5,codon_6,codon_7,codon_8,codon_9,codon_10,codon_11,codon_12,codon_13,codon_14,codon_15,codon_16,codon_17,codon_18,codon_19,codon_20,codon_21,codon_22,codon_23,codon_24,codon_25,codon_26,codon_27,codon_28,codon_29
GCF_001889405.1,Methanohalophilus halophilus,0.410404205,0.258426966,0.319980459,0.309721544,0.310210064,0.321934538,0.338544211,0.362481681,0.372740596,0.383488031,0.374694675,0.36394724,0.392281387,0.403028823,0.403028823,0.405959941,0.40937958,0.416707377,0.420127015,0.400586224,0.399609184,0.404982902,0.400097704,0.402540303,0.424523693,0.38641915,0.420537897,0.39608802,0.408312958
GCF_037094595.1,Halobacterium salinarum,0.869009726,0.612524462,0.711545988,0.690019569,0.724853229,0.763600783,0.770645793,0.785127202,0.802739726,0.799608611,0.798434442,0.804696673,0.799217221,0.806262231,0.804696673,0.797260274,0.821135029,0.817612524,0.822309198,0.824657534,0.830528376,0.829354207,0.822700587,0.829354207,0.844618395,0.829678935,0.844166014,0.850430697,0.833594362
GCF_002215485.1,Sulfolobus acidocaldarius,0.337918216,0.298136646,0.322567288,0.311801242,0.302277433,0.30310559,0.308488613,0.302277433,0.312215321,0.317598344,0.332505176,0.32173913,0.313871636,0.320496894,0.319668737,0.325465839,0.330434783,0.319254658,0.316356108,0.318426501,0.314699793,0.330434783,0.317598344,0.332505176,0.315658658,0.328914664,0.318972659,0.328914664,0.309987567
GCF_902384015.1,Methanosphaera stadtmanae,0.132179034,0.104180064,0.128617363,0.117684887,0.12926045,0.10096463,0.108681672,0.115755627,0.117041801,0.134405145,0.133118971,0.108681672,0.140836013,0.117041801,0.140192926,0.124115756,0.127974277,0.150482315,0.128617363,0.11318328,0.118971061,0.123472669,0.123472669,0.120257235,0.117041801,0.133762058,0.122829582,0.120900322,0.109967846
GCF_014969745.1,Haloferax gibbonsii,0.879907903,0.612690355,0.701522843,0.682233503,0.71319797,0.768781726,0.763451777,0.799746193,0.80964467,0.795685279,0.806091371,0.81751269,0.820050761,0.824873096,0.827664975,0.824619289,0.825634518,0.841116751,0.837309645,0.846192893,0.832741117,0.844416244,0.85,0.850977405,0.847677075,0.848184818,0.854785479,0.849961919,0.864178726
GCF_003201835.2,Acidianus brierleyi,0.2293005,0.248101266,0.280696203,0.226582278,0.233860759,0.234177215,0.238924051,0.249050633,0.234810127,0.235126582,0.248734177,0.231962025,0.247468354,0.243670886,0.237341772,0.218670886,0.229746835,0.236392405,0.231962025,0.225949367,0.24335443,0.221202532,0.240822785,0.238607595,0.237341772,0.228797468,0.235126582,0.233227848,0.238924051
GCF_025449255.1,Methanococcus aeolicus,0.224312134,0.16883923,0.161390441,0.174425822,0.16883923,0.176908752,0.183116077,0.222222222,0.203600248,0.215394165,0.21663563,0.208566108,0.215394165,0.21166977,0.226567349,0.222222222,0.211049038,0.231533209,0.238981999,0.206703911,0.217256363,0.234016139,0.22408442,0.240844196,0.222842955,0.210428305,0.21166977,0.212911235,0.219739292
GCF_010692885.1,Halogeometricum borinquense,0.73059322,0.540967176,0.602355299,0.59308444,0.634928589,0.667000752,0.672012027,0.683036833,0.69681784,0.672763718,0.680781759,0.693309947,0.696066149,0.69882235,0.678025558,0.701327988,0.707592082,0.694562766,0.695314458,0.693309947,0.69080431,0.704334753,0.711601102,0.703332498,0.702831371,0.701578552,0.716361814,0.711350539,0.705086445
GCF_004799645.1,Natronorubrum bangense,0.749269623,0.526241799,0.599343955,0.587160262,0.623242737,0.65393627,0.643626992,0.67900656,0.693533271,0.682521087,0.703139644,0.696813496,0.694939082,0.694236176,0.691658857,0.708528585,0.697750703,0.705014058,0.714854733,0.708762887,0.712746017,0.729850047,0.711340206,0.710168697,0.725398313,0.718837863,0.710637301,0.720946579,0.719540769
GCF_000006805.1,Halobacterium salinarum NRC-1,0.865727107,0.585925926,0.708888889,0.698148148,0.721111111,0.757407407,0.773703704,0.777407407,0.786666667,0.802222222,0.782962963,0.802222222,0.792962963,0.791851852,0.791111111,0.798888889,0.802962963,0.82037037,0.814814815,0.824074074,0.832592593,0.848888889,0.825185185,0.818148148,0.828148148,0.827037037,0.838518519,0.844444444,0.830740741
GCF_042851265.1,Sulfurisphaera ohwakuensis,0.240249124,0.243022464,0.278080327,0.244043567,0.22804629,0.242001361,0.260721579,0.240980259,0.261742682,0.252212389,0.254254595,0.225323349,0.238257318,0.233492172,0.24506467,0.242083759,0.228464419,0.24412666,0.231188287,0.221995233,0.258426966,0.247871978,0.222335717,0.239441417,0.242166213,0.240803815,0.251448041,0.236877982,0.225707467
GCF_031201105.1,Ferroplasma acidiphilum,0.356742697,0.225823592,0.246546227,0.262486716,0.262486716,0.294899044,0.297555792,0.321997875,0.325185972,0.320403826,0.348034006,0.34272051,0.32837407,0.380977683,0.333156217,0.334218916,0.363443146,0.353878852,0.348034006,0.362380446,0.363443146,0.344845909,0.346971307,0.359192349,0.348034006,0.340595112,0.32890542,0.344314559,0.349628055
GCF_000145295.1,Methanothermobacter marburgensis str. Marburg,0.559231254,0.420023015,0.430379747,0.407940161,0.416570771,0.434407365,0.442462601,0.448216341,0.456271577,0.47986191,0.49136939,0.503452244,0.501726122,0.504602992,0.510356732,0.529344074,0.51150748,0.52589183,0.543728423,0.518987342,0.516110472,0.521864212,0.494821634,0.526467204,0.515535098,0.526467204,0.532220944,0.533947066,0.531070196
GCF_005576615.1,Natrinema versiforme,0.824164184,0.559808612,0.643975642,0.626141801,0.673553719,0.72031318,0.72553284,0.751631144,0.766420183,0.75554589,0.749238799,0.762505437,0.757503262,0.763592866,0.756633319,0.771639843,0.772509787,0.760983036,0.782296651,0.797303175,0.789473684,0.780339278,0.781161627,0.794431151,0.786599956,0.796606482,0.792038286,0.79329852,0.787159956
GCF_020844815.1,Methanothrix sp.,0.646068296,0.478278689,0.500409836,0.463934426,0.504918033,0.540983607,0.544262295,0.577459016,0.588934426,0.580737705,0.599180328,0.598360656,0.605737705,0.604508197,0.601639344,0.621311475,0.610655738,0.60942623,0.603526035,0.622386224,0.610906109,0.613366134,0.637556376,0.611726117,0.599097251,0.622486664,0.617562577,0.610997128,0.62700041
GCF_031165565.1,Natrinema thermotolerans,0.851050367,0.578024417,0.684794673,0.668146504,0.698335183,0.752497225,0.773140954,0.772918979,0.800887902,0.781354051,0.787791343,0.797336293,0.789345172,0.799556049,0.783573807,0.797336293,0.804661487,0.821975583,0.814872364,0.820421754,0.805993341,0.806881243,0.811320755,0.8190899,0.822197558,0.817536071,0.83618202,0.825083241,0.826415094
GCF_025397995.1,Methanothermobacter wolfeii,0.565526369,0.396842678,0.430593359,0.422427872,0.420794774,0.42133914,0.418072945,0.449646162,0.453456723,0.469243332,0.513336962,0.50190528,0.48502994,0.509526402,0.501360915,0.507893304,0.494008715,0.533769063,0.537581699,0.510626703,0.534604905,0.507356948,0.529155313,0.530790191,0.540054496,0.542234332,0.534604905,0.532425068,0.519891008
GCF_027555045.1,Methanothermobacter thermautotrophicus,0.582851406,0.400547945,0.401643836,0.413150685,0.424657534,0.432876712,0.436164384,0.430136986,0.479452055,0.490410959,0.523287671,0.506849315,0.498630137,0.527123288,0.515616438,0.545205479,0.522191781,0.544109589,0.54630137,0.536438356,0.545753425,0.549589041,0.536438356,0.545205479,0.535890411,0.545753425,0.540273973,0.544109589,0.544657534
GCF_027555065.1,Methanothermobacter marburgensis,0.558963056,0.42093157,0.432432432,0.41000575,0.414606095,0.431857389,0.44853364,0.446233468,0.453133985,0.475560667,0.49626222,0.499137435,0.501437608,0.510638298,0.508913168,0.529039678,0.506037953,0.524439333,0.542840713,0.52213916,0.515813686,0.52213916,0.495687177,0.526739505,0.513513514,0.530189764,0.526164462,0.535940196,0.527889592
GCF_000008645.1,Methanothermobacter thermautotrophicus str. Delta H,0.583253589,0.418328841,0.421024259,0.428032345,0.432884097,0.440431267,0.441509434,0.438274933,0.485714286,0.500269542,0.524528302,0.501886792,0.510512129,0.521832884,0.516442049,0.541239892,0.532614555,0.548787062,0.552021563,0.545013477,0.542318059,0.55309973,0.541239892,0.549083064,0.53613808,0.555016181,0.550161812,0.541531823,0.543149946
GCF_000007185.1,Methanopyrus kandleri AV19,0.76135442,0.739275766,0.700835655,0.728133705,0.731476323,0.740389972,0.73816156,0.717548747,0.732033426,0.720891365,0.737047354,0.740947075,0.744846797,0.730362117,0.73091922,0.731476323,0.746518106,0.730362117,0.757103064,0.758774373,0.740389972,0.743175487,0.754317549,0.739130435,0.735785953,0.73522854,0.751393534,0.765886288,0.744147157
GCF_036967215.1,Sulfolobus tengchongensis,0.279185096,0.273741007,0.300719424,0.276978417,0.265467626,0.276978417,0.282733813,0.272302158,0.28381295,0.277338129,0.291726619,0.280215827,0.280215827,0.29028777,0.268705036,0.274820144,0.278057554,0.282374101,0.284172662,0.283453237,0.276618705,0.262684419,0.271680461,0.290752069,0.268801727,0.272759986,0.285457163,0.291936645,0.280057595
GCF_000195915.1,Thermoplasma acidophilum DSM 1728,0.553951404,0.442728443,0.449163449,0.437580438,0.44015444,0.478120978,0.474903475,0.5,0.505148005,0.499356499,0.518661519,0.510939511,0.516087516,0.513513514,0.506435006,0.512870013,0.518661519,0.516087516,0.53024453,0.516731017,0.534105534,0.510939511,0.546332046,0.532818533,0.531531532,0.521235521,0.535392535,0.523809524,0.520283323
GCF_000011185.1,Thermoplasma volcanium GSS1,0.409453437,0.355238686,0.357718537,0.355858648,0.349039058,0.37383757,0.355238686,0.388096714,0.371357719,0.401735896,0.393056417,0.393676379,0.406075635,0.392436454,0.409175449,0.434593924,0.422194668,0.405455673,0.401735896,0.409175449,0.396776193,0.397396156,0.420954743,0.396776193,0.405455673,0.399256045,0.411035338,0.426534408,0.393676379
GCF_002116695.1,Acidianus manzaensis,0.196025692,0.219263043,0.22728931,0.194454579,0.192995257,0.220722364,0.206858811,0.201386355,0.229113462,0.209412623,0.217074061,0.206858811,0.189346954,0.197008391,0.194454579,0.187522802,0.194819409,0.197738052,0.194819409,0.197008391,0.203575337,0.200291864,0.196643561,0.193724918,0.195184239,0.195184239,0.191900766,0.19270073,0.197080292
GCF_024730625.1,Haloferax larsenii,0.791447106,0.544748124,0.65380493,0.629421222,0.658092176,0.697749196,0.693193998,0.729099678,0.725616292,0.724276527,0.725616292,0.73204716,0.740085745,0.737406217,0.748392283,0.760182208,0.742229368,0.749196141,0.75,0.758306538,0.760450161,0.764201501,0.767684887,0.76467435,0.750335211,0.752212389,0.758112094,0.753553231,0.759388412
GCF_000011005.1,Methanocella paludicola SANAE,0.776830006,0.552493438,0.558070866,0.528215223,0.586286089,0.600393701,0.609251969,0.640091864,0.650590551,0.664041995,0.685367454,0.70144357,0.701771654,0.711614173,0.700131234,0.722112861,0.721784777,0.711614173,0.730314961,0.724081365,0.744094488,0.725721785,0.744422572,0.755249344,0.743110236,0.74015748,0.756233596,0.749343832,0.746636035
GCF_000012285.1,Sulfolobus acidocaldarius DSM 639,0.336623748,0.29672696,0.321705426,0.30878553,0.298449612,0.302325581,0.301033592,0.297588286,0.310508183,0.314814815,0.332472007,0.318690784,0.309216193,0.317398794,0.316968131,0.321274763,0.331180017,0.316537468,0.314384152,0.31955211,0.311369509,0.329888028,0.317398794,0.325581395,0.316673847,0.325721672,0.317104696,0.324429125,0.310775862
GCF_000152265.2,Ferroplasma acidarmanus Fer1,0.354927114,0.211348256,0.247787611,0.259239979,0.258719417,0.287350338,0.28526809,0.322228006,0.314940135,0.323789693,0.340447683,0.339406559,0.33263925,0.373243103,0.32066632,0.33263925,0.361790734,0.353982301,0.339927121,0.353982301,0.367516918,0.347735554,0.356585112,0.345132743,0.347214992,0.343050495,0.314419573,0.349817803,0.347214992
GCF_004126515.1,Halorubrum ezzemoulense,0.866849315,0.660341556,0.7110328,0.715912171,0.752778531,0.790187043,0.785307671,0.816481431,0.823800488,0.825969097,0.814041746,0.827595554,0.825155869,0.829222011,0.829764164,0.84277582,0.837354297,0.840065058,0.834372459,0.840065058,0.836812144,0.834372459,0.849281648,0.846028734,0.841605641,0.856522918,0.839392295,0.84834509,0.845360825
GCF_000012545.1,Methanosphaera stadtmanae DSM 3091,0.132271762,0.105195638,0.127645927,0.120590122,0.127645927,0.101988454,0.110327133,0.114175754,0.121231559,0.133418858,0.134060295,0.107119949,0.138550353,0.118665811,0.140474663,0.119948685,0.127645927,0.152020526,0.128287364,0.11289288,0.116741501,0.122514432,0.12508018,0.119307248,0.117382938,0.134701732,0.123155869,0.121231559,0.111610006
GCF_000026045.1,Natronomonas pharaonis DSM 2160,0.783426147,0.598308668,0.683579986,0.644467935,0.707540521,0.733615222,0.734319944,0.76286117,0.765680056,0.748414376,0.769908386,0.763918252,0.75017618,0.7670895,0.765680056,0.763918252,0.752642706,0.762156448,0.757575758,0.776250881,0.761451727,0.774136716,0.76744186,0.774136716,0.780831572,0.770965469,0.778012685,0.784707541,0.763213531
GCF_009392895.1,Natronorubrum aibiense,0.775962218,0.540828402,0.624378698,0.593136095,0.643076923,0.668639053,0.687810651,0.709822485,0.70295858,0.709349112,0.716449704,0.721183432,0.70556213,0.72591716,0.720473373,0.722366864,0.731360947,0.728757396,0.739346591,0.745265152,0.741003788,0.747159091,0.737452652,0.740530303,0.745028409,0.752308785,0.744968032,0.748046413,0.744020838
GCF_000014945.1,Methanothrix thermoacetophila PT,0.657691518,0.533860045,0.532731377,0.543453725,0.533860045,0.566591422,0.598758465,0.58013544,0.616817156,0.610609481,0.625282167,0.651241535,0.650112867,0.64221219,0.667042889,0.639390519,0.619638826,0.646162528,0.654063205,0.643340858,0.647291196,0.66027088,0.648419865,0.661399549,0.65462754,0.66027088,0.64503386,0.652934537,0.643905192
GCF_000063445.1,Methanocella arvoryzae MRE50,0.741730994,0.498086735,0.580994898,0.507334184,0.555165816,0.568877551,0.590242347,0.614158163,0.620535714,0.629145408,0.663903061,0.653061224,0.671556122,0.683035714,0.675701531,0.694196429,0.677295918,0.68494898,0.689413265,0.693877551,0.692920918,0.692920918,0.708227041,0.703030303,0.708998086,0.713146139,0.708998086,0.699425654,0.708679004
GCF_000226975.2,Halobiforma lacisalsi AJ5,0.855968053,0.620600047,0.678714859,0.683439641,0.702575006,0.747696669,0.760689818,0.772501772,0.773446728,0.784077486,0.787384833,0.788566029,0.792345854,0.798724309,0.795416962,0.804866525,0.799196787,0.805339003,0.809355067,0.80604772,0.809827545,0.828254193,0.808173872,0.817387196,0.829435389,0.823056934,0.829907867,0.827545476,0.823293173
GCF_017352095.1,Natrinema longum,0.835845257,0.57191297,0.65329189,0.648205708,0.68550438,0.719977395,0.730997457,0.75642837,0.760101724,0.758688895,0.768013563,0.764340209,0.770274089,0.778185928,0.769708957,0.777338231,0.780446454,0.79118395,0.796552699,0.799943487,0.792596779,0.793727042,0.810115852,0.809550721,0.807290195,0.805029669,0.804181972,0.808420458,0.795306757
GCF_000385565.1,Archaeoglobus sulfaticallidus PM70-1,0.48597385,0.431708388,0.43083004,0.407553799,0.438296004,0.435221783,0.436100132,0.441370224,0.431708388,0.43083004,0.447079491,0.461572244,0.456741326,0.457619675,0.458058849,0.444200351,0.475395431,0.468804921,0.442442882,0.443760984,0.467486819,0.449033392,0.44288225,0.450989011,0.447669305,0.450945886,0.461504619,0.467223933,0.45818662
GCF_033472595.1,Methanoculleus receptaculi,0.742156863,0.541275334,0.581809194,0.570934256,0.608007909,0.593178448,0.626297578,0.643598616,0.6688087,0.669303015,0.679683638,0.707365299,0.695007415,0.718734553,0.716757291,0.704893722,0.709836876,0.72862086,0.717251607,0.729115175,0.718240237,0.722689076,0.722689076,0.700939199,0.717745922,0.71576866,0.719228868,0.739495798,0.742461691
GCF_000017165.1,Methanococcus vannielii SB,0.218319471,0.181449275,0.203478261,0.209275362,0.214492754,0.205797101,0.216811594,0.263188406,0.226086957,0.227826087,0.254492754,0.213913043,0.227246377,0.226666667,0.224347826,0.231884058,0.235362319,0.245797101,0.23826087,0.228985507,0.236521739,0.224347826,0.222608696,0.227246377,0.235362319,0.220289855,0.234782609,0.229565217,0.215072464
GCF_000017185.1,Methanococcus aeolicus Nankai-3,0.224105866,0.169947507,0.156824147,0.167322835,0.170603675,0.166666667,0.18832021,0.208005249,0.200131234,0.219160105,0.218503937,0.202755906,0.224409449,0.213910761,0.231627297,0.220472441,0.213254593,0.224409449,0.231627297,0.197506562,0.215223097,0.227034121,0.223097113,0.238845144,0.225721785,0.212598425,0.215223097,0.210629921,0.216535433
GCF_000022445.1,Sulfolobus islandicus M.16.4,0.303392809,0.268327402,0.325622776,0.287900356,0.276512456,0.28683274,0.304626335,0.304982206,0.31886121,0.303558719,0.291459075,0.293594306,0.289323843,0.299644128,0.308540925,0.289679715,0.291814947,0.287188612,0.296441281,0.291459075,0.294661922,0.290391459,0.301423488,0.30569395,0.288967972,0.307938768,0.300213675,0.300213675,0.307801924
GCF_000022425.1,Sulfolobus islandicus M.16.27,0.305570776,0.274327122,0.328847481,0.283298827,0.271221532,0.294340925,0.310904072,0.314354727,0.317805383,0.299516908,0.298826777,0.296411318,0.290545204,0.304692892,0.305728088,0.289164941,0.301587302,0.298136646,0.299171843,0.293305728,0.300552105,0.283298827,0.308143547,0.302622498,0.296756384,0.306073154,0.307108351,0.304692892,0.307108351
GCF_000025665.1,Aciduliprofundum boonei T469,0.376496935,0.31568754,0.370561653,0.344092963,0.346675274,0.350548741,0.372498386,0.379599742,0.369270497,0.375080697,0.397030342,0.418979987,0.406714009,0.419625565,0.404777276,0.400903809,0.379599742,0.379599742,0.396384764,0.394448031,0.379599742,0.377017431,0.400258231,0.374435119,0.377017431,0.391220142,0.384764364,0.367979342,0.391220142
GCF_000017625.1,Methanoregula boonei 6A8,0.661582926,0.482207117,0.510195922,0.509796082,0.541783287,0.546981208,0.572970812,0.592562975,0.593362655,0.604958017,0.604158337,0.612554978,0.615753699,0.642942823,0.628148741,0.637345062,0.636145542,0.638944422,0.630147941,0.647341064,0.628,0.6364,0.6552,0.652,0.6456,0.6508,0.6288,0.646658663,0.645716573
GCF_000172995.2,Halogeometricum borinquense DSM 11551,0.733985799,0.541752577,0.608505155,0.605927835,0.643814433,0.671134021,0.678608247,0.684793814,0.70257732,0.68943299,0.686082474,0.695360825,0.695618557,0.702061856,0.684712555,0.710492395,0.712296984,0.691415313,0.712296984,0.696313483,0.699664862,0.695977308,0.717637958,0.71421202,0.707505803,0.701057519,0.719298246,0.715944272,0.70872033
GCF_000069025.1,Halobacterium salinarum R1,0.861361772,0.591269841,0.701298701,0.692279942,0.709235209,0.757936508,0.772005772,0.77020202,0.79004329,0.796897547,0.78030303,0.803391053,0.794372294,0.78968254,0.785353535,0.797258297,0.804473304,0.813131313,0.808080808,0.817099567,0.829365079,0.843795094,0.821067821,0.814507398,0.827138217,0.815229159,0.834355828,0.839769036,0.824972934
GCF_029633915.1,Methanomicrobium antiquum,0.329936508,0.247623163,0.268366465,0.254105445,0.276145203,0.293431288,0.292134831,0.291702679,0.318063959,0.30812446,0.33059637,0.356525497,0.31633535,0.364304235,0.336214347,0.340968021,0.311581677,0.343560933,0.340103717,0.334917891,0.343560933,0.347450303,0.325410545,0.32454624,0.335350043,0.331460674,0.326707001,0.346585998,0.332324978
GCF_000023945.1,Halorhabdus utahensis DSM 12940,0.799496253,0.549019608,0.63110668,0.657693586,0.672981057,0.702891326,0.730475241,0.747092057,0.75041542,0.738451313,0.757062147,0.751744766,0.758391492,0.768693918,0.76038551,0.767696909,0.762047192,0.772681954,0.779993353,0.781322699,0.77301429,0.758391492,0.778257979,0.783577128,0.774933511,0.784502827,0.785500499,0.771200532,0.781177253
GCF_000306765.2,Haloferax mediterranei ATCC 33500,0.749496124,0.539891557,0.626904209,0.625871418,0.64187968,0.680092951,0.661502711,0.702814356,0.705396334,0.693519236,0.700748774,0.703072554,0.717273431,0.704105345,0.70462174,0.725793958,0.720630003,0.721146398,0.698166796,0.71856442,0.726052156,0.719597211,0.71856442,0.73314389,0.731593903,0.72118863,0.73126615,0.727061256,0.717425026
GCF_000969885.1,Methanosarcina thermophila TM-1,0.418421418,0.277696793,0.337463557,0.310131195,0.329810496,0.331997085,0.356413994,0.369897959,0.368804665,0.389212828,0.381559767,0.386297376,0.403061224,0.375,0.415816327,0.411957711,0.40940576,0.410134889,0.403208166,0.393364929,0.407947503,0.412322275,0.413051404,0.406637491,0.403355215,0.41210795,0.409555069,0.393873085,0.40240788
GCF_946463545.1,Methanothermococcus thermolithotrophicus DSM 2095,0.267385621,0.253864447,0.238406659,0.218787158,0.233650416,0.235434007,0.247919144,0.239001189,0.249702735,0.271700357,0.267538644,0.256837099,0.261593341,0.256837099,0.27764566,0.256395003,0.242712671,0.267697799,0.273051755,0.273051755,0.276621059,0.269482451,0.272456871,0.295062463,0.273214286,0.255357143,0.267857143,0.264880952,0.25297619
GCF_000025325.1,Haloterrigena turkmenica DSM 5511,0.846866623,0.570417145,0.659012629,0.629544585,0.694029851,0.711060084,0.736892461,0.758897819,0.764829698,0.753348641,0.772101033,0.772292384,0.775736701,0.782242633,0.776502105,0.787409108,0.805013395,0.797168006,0.801569078,0.805204746,0.800803674,0.811327976,0.813205742,0.807464115,0.818947368,0.812631579,0.821818182,0.811949445,0.815970892
GCF_000025865.1,Methanohalophilus mahii DSM 5219,0.413931718,0.270390509,0.313395947,0.289174493,0.310430054,0.318833416,0.3311913,0.354424123,0.373702422,0.376173999,0.377656945,0.371725161,0.398418191,0.404349975,0.409787444,0.409787444,0.399901137,0.399901137,0.420168067,0.393475037,0.40385566,0.41028176,0.408798814,0.421156698,0.421156698,0.393969352,0.412259021,0.412753337,0.412259021
GCF_020614395.1,Salarchaeum japonicum,0.904605263,0.613104524,0.741809672,0.720358814,0.761310452,0.814352574,0.831903276,0.860764431,0.85725429,0.859204368,0.865444618,0.865834633,0.859984399,0.863884555,0.862714509,0.856864275,0.869734789,0.875195008,0.875975039,0.876365055,0.879095164,0.887285491,0.891965679,0.89274571,0.883385335,0.885725429,0.885725429,0.898985959,0.884165367
GCF_039641995.1,Geoglobus acetivorans,0.531179972,0.458963778,0.498853737,0.47042641,0.440623567,0.475469968,0.480513526,0.475928473,0.480513526,0.500229253,0.50343879,0.485098579,0.497019716,0.510316369,0.502980284,0.491743119,0.513761468,0.489449541,0.497247706,0.496788991,0.521559633,0.496788991,0.513302752,0.506422018,0.486697248,0.512385321,0.497706422,0.508715596,0.49587156
GCF_000024625.1,Methanocaldococcus vulcanius M7,0.254411765,0.258045977,0.291954023,0.25,0.254597701,0.240804598,0.23908046,0.243103448,0.244252874,0.242528736,0.267241379,0.247126437,0.255172414,0.243678161,0.258045977,0.251149425,0.270689655,0.248850575,0.255172414,0.260344828,0.247701149,0.255747126,0.272988506,0.279885057,0.257471264,0.236781609,0.24137931,0.262643678,0.237356322
GCF_001971705.1,Natronorubrum daqingense,0.775751223,0.556924725,0.617197964,0.603000268,0.648004286,0.675863916,0.680953657,0.702919904,0.705330833,0.712295741,0.707741763,0.721671578,0.717385481,0.716849719,0.713635146,0.742030538,0.731315296,0.728636485,0.729440129,0.736940798,0.745245111,0.743837085,0.742229368,0.756430868,0.753483387,0.735530547,0.739549839,0.762530153,0.750737068
GCF_003201765.2,Acidianus sulfidivorans JP7,0.209795597,0.21642764,0.251629726,0.199913081,0.200347675,0.216862234,0.206431986,0.235549761,0.222511951,0.217731421,0.214689266,0.219469796,0.202520643,0.196001738,0.219035202,0.22120817,0.194697957,0.212950891,0.206431986,0.208170361,0.205562799,0.210777923,0.203824424,0.209908735,0.230334637,0.207735767,0.209474142,0.205562799,0.210777923
GCF_000179575.2,Methanothermococcus okinawensis IH1,0.229208473,0.170598911,0.222020569,0.215970962,0.201451906,0.194797338,0.19661222,0.22323049,0.193587417,0.206291591,0.237749546,0.221415608,0.212341198,0.213551119,0.207501512,0.216575923,0.224440411,0.224440411,0.232909861,0.225650333,0.23062954,0.228208232,0.219128329,0.224576271,0.24031477,0.217917676,0.25,0.216707022,0.223365617
GCF_000327505.1,Aciduliprofundum sp. MAR08-339,0.484248555,0.419122462,0.462344466,0.455795678,0.423051735,0.428945645,0.445972495,0.487229862,0.481335953,0.447937132,0.501637197,0.512115259,0.48853962,0.495088409,0.519973805,0.469548134,0.513425016,0.457105435,0.490504257,0.504256713,0.497053045,0.499017682,0.476751801,0.491814014,0.486574984,0.481335953,0.49443353,0.497053045,0.481990832
GCF_023167465.1,Methanothermobacter tenebrarum,0.423891569,0.358502149,0.351135666,0.349907919,0.345610804,0.381829343,0.372007366,0.369551872,0.384898711,0.394106814,0.416206262,0.4106814,0.404542664,0.425414365,0.411909147,0.400245549,0.429711479,0.422344997,0.402701044,0.411295273,0.406384285,0.420503376,0.395334561,0.408476658,0.407862408,0.421375921,0.409956976,0.429625077,0.407498463
GCF_000328685.1,Natronococcus occultus SP4,0.849348132,0.590983035,0.681152684,0.661399024,0.716244481,0.742272833,0.752033465,0.773646293,0.779456193,0.784104113,0.787590053,0.788752033,0.788752033,0.790611201,0.790378805,0.80292819,0.80409017,0.807111318,0.811991634,0.817569138,0.808040902,0.82384383,0.815942366,0.831048106,0.82732977,0.814780386,0.835696026,0.821984662,0.825935394
GCF_002156705.1,Natrarchaeobaculum aegyptiacum,0.823130657,0.591304348,0.674044796,0.65770751,0.693544137,0.733596838,0.736231884,0.757575758,0.760474308,0.753623188,0.744664032,0.768379447,0.759683794,0.777602108,0.77602108,0.789986825,0.785243742,0.797101449,0.797628458,0.789196311,0.784980237,0.790777339,0.801001581,0.79309436,0.796520822,0.796467176,0.79303981,0.803058265,0.800685473
GCF_000196895.1,Halalkalicoccus jeotgali B3,0.800869909,0.614053216,0.662619478,0.649444588,0.70679411,0.732885559,0.740893826,0.750710411,0.771376905,0.761301989,0.753552054,0.760785327,0.76362697,0.770860243,0.775768535,0.774993542,0.774418605,0.787080103,0.774935401,0.779844961,0.784496124,0.779844961,0.776744186,0.792248062,0.786563307,0.78501292,0.79296976,0.79736366,0.7836091
GCF_000217715.1,Halopiger xanaduensis SH-6,0.864626209,0.602903301,0.694919223,0.657691407,0.691407165,0.752048701,0.76047764,0.776164833,0.787871693,0.794661672,0.782720674,0.78810583,0.805197846,0.802622337,0.803090611,0.813860923,0.820416764,0.817841255,0.818032787,0.824590164,0.820843091,0.823185012,0.83676815,0.840515222,0.844496487,0.829039813,0.835831382,0.845901639,0.834855938
GCF_000517625.1,Halostagnicola larsenii XH-48,0.773734827,0.538328388,0.584817013,0.579376855,0.623145401,0.674332344,0.683481701,0.706478734,0.700791296,0.711424332,0.696340257,0.714886251,0.713402572,0.716864491,0.722304649,0.724530168,0.71958457,0.715628091,0.728486647,0.730217606,0.727250247,0.743076162,0.733926805,0.747774481,0.759643917,0.744807122,0.7512364,0.747527201,0.74925816
GCF_000230735.2,Natrinema pellirubrum DSM 15624,0.825816567,0.572257017,0.673857574,0.659939689,0.689631176,0.742519137,0.751565762,0.760612387,0.770122941,0.751565762,0.766179541,0.77151473,0.767571329,0.772442589,0.78032939,0.776154025,0.79401531,0.784968685,0.791695662,0.794247274,0.790071909,0.785664579,0.79795871,0.788912085,0.797262816,0.78914405,0.814892136,0.80677337,0.784968685
GCF_000230715.2,Natronobacterium gregoryi SP2,0.784470516,0.574089069,0.648852901,0.632388664,0.669905533,0.700134953,0.714439946,0.725775978,0.722267206,0.720377868,0.722267206,0.730904184,0.727395412,0.740620783,0.742510121,0.754925776,0.729824561,0.738461538,0.760593792,0.747098516,0.752226721,0.757624831,0.761133603,0.756815115,0.751956815,0.750607287,0.755195682,0.767548596,0.762560778
GCF_000828575.1,Methanothermobacter sp. CaT2,0.581145194,0.416806723,0.420728291,0.423529412,0.418487395,0.450420168,0.430812325,0.438655462,0.470028011,0.495238095,0.508123249,0.504201681,0.508683473,0.525490196,0.514285714,0.534453782,0.512605042,0.543417367,0.541176471,0.537254902,0.551260504,0.543417367,0.532212885,0.558856502,0.544026921,0.554122266,0.542905216,0.538418396,0.540100953
GCF_023204835.1,Salinarchaeum laminariae,0.828843284,0.65779847,0.705354174,0.704689059,0.748586631,0.754572664,0.772198204,0.779847024,0.793149318,0.783837712,0.803791154,0.796807449,0.800798138,0.815430662,0.804123711,0.802128367,0.8081144,0.812437645,0.809444629,0.817093449,0.8081144,0.805786498,0.800798138,0.805453941,0.821084137,0.809444629,0.820419022,0.824077153,0.827735284
GCF_000214415.1,Methanotorris igneus Kol 5,0.270250458,0.259361233,0.310572687,0.246696035,0.265418502,0.24339207,0.237334802,0.262114537,0.252202643,0.262665198,0.297356828,0.289647577,0.247246696,0.271475771,0.265418502,0.254405286,0.259361233,0.290748899,0.271475771,0.268171806,0.265418502,0.269273128,0.249449339,0.262665198,0.283039648,0.275330396,0.261013216,0.267621145,0.276982379
GCF_000698785.1,Nitrososphaera viennensis EN76,0.678698065,0.528712198,0.514101257,0.521236833,0.541624193,0.566768603,0.571865443,0.583078491,0.593272171,0.592592593,0.606863744,0.601087326,0.611960584,0.626231736,0.628270472,0.659191301,0.62928984,0.652055725,0.651715936,0.637784574,0.64458036,0.652395515,0.646619096,0.637444784,0.647978253,0.655113829,0.664627931,0.658511723,0.648657832
GCF_000213215.1,Acidianus hospitalis W1,0.273314737,0.270892208,0.318126766,0.247880501,0.25555107,0.266855067,0.270488494,0.295518773,0.272507065,0.287444489,0.273718208,0.272910779,0.270488494,0.281388777,0.267258781,0.274525636,0.28461849,0.267258781,0.259693053,0.258481422,0.266155089,0.267366721,0.265751212,0.278271405,0.265157639,0.264349232,0.252325111,0.27154998,0.284904897
GCF_000204415.1,Methanothrix soehngenii GP6,0.620308123,0.471016893,0.493209672,0.446836701,0.495859556,0.504802915,0.523020868,0.558131832,0.568400132,0.549519709,0.569393839,0.566412719,0.590592912,0.586618085,0.586949321,0.594693201,0.588391376,0.592703151,0.592703151,0.59800995,0.591044776,0.596351575,0.60331675,0.592371476,0.575787728,0.597678275,0.596351575,0.587728027,0.590381426
GCF_000340315.1,Sulfolobus acidocaldarius N8,0.335103964,0.297713281,0.324538259,0.310466139,0.297713281,0.300791557,0.299472296,0.294195251,0.310466139,0.314863676,0.329815303,0.315743184,0.312664908,0.31530343,0.317502199,0.319700967,0.334212841,0.313984169,0.314863676,0.314863676,0.310466139,0.328496042,0.316622691,0.324978012,0.312802464,0.325120985,0.316761989,0.322041355,0.308978873
GCF_000338775.1,Sulfolobus acidocaldarius Ron12/I,0.336630037,0.299439897,0.320982335,0.308487721,0.296423955,0.302455838,0.301163292,0.29814735,0.309349418,0.313227057,0.333907798,0.318828091,0.310211116,0.318828091,0.31925894,0.32270573,0.330891857,0.316673847,0.31581215,0.31925894,0.312796209,0.331322706,0.318397243,0.328737613,0.315086207,0.323275862,0.317241379,0.322413793,0.310047434
GCF_000470655.1,Halorhabdus tiamatea SARL4B,0.801805356,0.581210191,0.641401274,0.645541401,0.674522293,0.706687898,0.732484076,0.75,0.763057325,0.750955414,0.754140127,0.758280255,0.770382166,0.764968153,0.766878981,0.778025478,0.767515924,0.76910828,0.778980892,0.771656051,0.782484076,0.777070064,0.795541401,0.765286624,0.78343949,0.775477707,0.78089172,0.776433121,0.784713376
GCF_025244945.1,Nitrososphaera viennensis,0.678248473,0.52917232,0.508141113,0.52238806,0.541383989,0.569199457,0.572930801,0.589552239,0.594979647,0.591248304,0.608208955,0.604477612,0.610922659,0.622795115,0.625848033,0.65807327,0.627544098,0.649932157,0.647557666,0.629918589,0.643705463,0.653885307,0.648116729,0.633186291,0.645062776,0.654563963,0.660332542,0.659314557,0.644384119
GCF_000251105.1,Methanocella conradii HZ254,0.693978022,0.493047279,0.531982519,0.500595948,0.537147398,0.5609853,0.572506953,0.588796186,0.618593564,0.634882797,0.639650377,0.633690902,0.648390942,0.647596345,0.647993643,0.678188319,0.657926103,0.659515296,0.657790143,0.660572337,0.6709062,0.672098569,0.663751987,0.667329094,0.675675676,0.666931638,0.683499006,0.674751491,0.6849642
GCF_024300825.1,Natronomonas gomsonensis,0.799689109,0.593904663,0.680385517,0.658504819,0.699400886,0.706954936,0.737952592,0.747851003,0.764001042,0.759312321,0.759572805,0.760875228,0.764001042,0.763740557,0.768168794,0.768429278,0.771815577,0.768689763,0.774941391,0.790309977,0.776764782,0.769731701,0.773117999,0.787444647,0.783797864,0.778588174,0.781453504,0.791612399,0.775201875
GCF_000317795.1,Caldisphaera lagunensis DSM 15908,0.194373219,0.210664911,0.23238973,0.21395655,0.220539829,0.192890059,0.210664911,0.221198157,0.213298223,0.209348255,0.217906517,0.202764977,0.206056616,0.204739961,0.197498354,0.221856485,0.202764977,0.197498354,0.204739961,0.186965109,0.190256748,0.193548387,0.204081633,0.175773535,0.192231731,0.177748519,0.188940092,0.192890059,0.182356814
GCF_000235565.1,Methanothrix harundinacea 6Ac,0.833318379,0.635677394,0.605482718,0.593961065,0.641636869,0.673420739,0.677393723,0.706793802,0.738180373,0.72189114,0.75844259,0.770361542,0.762018276,0.768772348,0.797775129,0.786650775,0.772348033,0.783869686,0.775923719,0.803734605,0.775129122,0.783472388,0.791418355,0.80731029,0.794994041,0.78784267,0.801350814,0.795310016,0.794515103
GCF_000008265.1,Picrophilus oshimae DSM 9789,0.365352697,0.331230284,0.337539432,0.310410095,0.285173502,0.307255521,0.330599369,0.324290221,0.318611987,0.340063091,0.349526814,0.359621451,0.365930599,0.387381703,0.370977918,0.38044164,0.374132492,0.374132492,0.365299685,0.391798107,0.384227129,0.367192429,0.381072555,0.369085174,0.369085174,0.375394322,0.384227129,0.3829653,0.374763407
GCF_000245175.1,Sulfolobus islandicus M.16.23,0.307967807,0.272791519,0.327561837,0.283392226,0.270671378,0.296819788,0.306360424,0.314487633,0.319081272,0.300353357,0.300706714,0.293992933,0.289045936,0.307067138,0.302826855,0.287279152,0.302473498,0.293639576,0.299293286,0.29434629,0.301060071,0.284452297,0.307773852,0.308833922,0.295759717,0.303886926,0.306007067,0.30565371,0.306713781
GCF_000245235.1,Sulfolobus islandicus M.16.43,0.30512613,0.274330042,0.324047955,0.288434415,0.268688293,0.294781382,0.309943583,0.315585331,0.310648801,0.302186178,0.298307475,0.295133992,0.292665726,0.30112835,0.307122708,0.291607898,0.299012694,0.295486601,0.298307475,0.294781382,0.309943583,0.286318759,0.306417489,0.304301834,0.294076164,0.306878307,0.305820106,0.301940035,0.302645503
GCF_000258425.1,Fervidicoccus fontis Kam940,0.353787879,0.358823529,0.336029412,0.313235294,0.314705882,0.272794118,0.302941176,0.311029412,0.317647059,0.308088235,0.321323529,0.324264706,0.349264706,0.323529412,0.333088235,0.335294118,0.35,0.339705882,0.342647059,0.336029412,0.331617647,0.355147059,0.355882353,0.338235294,0.356617647,0.347794118,0.358823529,0.349264706,0.374264706
GCF_016065055.1,Halosimplex litoreum,0.903595219,0.642506143,0.754791155,0.742014742,0.783292383,0.810810811,0.826289926,0.841031941,0.85970516,0.844717445,0.859459459,0.854545455,0.854545455,0.868304668,0.856019656,0.870515971,0.868796069,0.875921376,0.871007371,0.878132678,0.882309582,0.88034398,0.879361179,0.888697789,0.886486486,0.882063882,0.888452088,0.88009828,0.888670435
GCF_000300255.2,Candidatus Methanomethylophilus alvi Mx1201,0.763129617,0.515039902,0.604051565,0.564763659,0.623081645,0.631062001,0.674647023,0.675260896,0.670349908,0.691835482,0.721915285,0.718232044,0.715162676,0.708410068,0.721915285,0.733578883,0.717004297,0.723756906,0.750153468,0.730509515,0.74524248,0.721301412,0.745856354,0.728667894,0.717004297,0.729281768,0.750767342,0.737262124,0.742173112
GCF_000341715.1,Methanosarcina mazei Tuc01,0.451359665,0.294211196,0.348282443,0.335559796,0.361005089,0.36259542,0.360368957,0.387722646,0.397900763,0.409987277,0.413486005,0.402989822,0.416348601,0.425572519,0.426526718,0.418071906,0.435889278,0.410566518,0.441756843,0.431572247,0.439987265,0.437440306,0.43343949,0.425477707,0.417515924,0.423566879,0.417011787,0.427342256,0.415869981
GCF_000303155.1,Candidatus Nitrososphaera gargensis Ga9.2,0.57881449,0.459847844,0.458438997,0.482671175,0.46266554,0.503240349,0.53198084,0.52042829,0.520710059,0.530008453,0.541279234,0.540152156,0.531135531,0.54888701,0.562975486,0.540715695,0.542124542,0.562411947,0.552268245,0.555367709,0.571146802,0.54353339,0.54916878,0.557621865,0.555931248,0.567765568,0.562975486,0.555931248,0.577345731
GCF_902387285.1,Methanomethylophilus alvi,0.762662192,0.510116493,0.608215819,0.564071122,0.622930717,0.627835684,0.671367259,0.677498467,0.673819742,0.689147762,0.721643164,0.721030043,0.714285714,0.708154506,0.722256284,0.737584304,0.713672594,0.725321888,0.74984672,0.729613734,0.744941754,0.721643164,0.743102391,0.728387492,0.716125077,0.732679338,0.753525445,0.732679338,0.744328633
GCF_003201675.2,Metallosphaera hakonensis JCM 8857 = DSM 7519,0.502798426,0.39683153,0.426970634,0.390262751,0.384853168,0.429675425,0.4374034,0.459814529,0.437789799,0.465996909,0.471406491,0.463678516,0.468315301,0.486089645,0.457496136,0.470247295,0.493621956,0.485117897,0.469655972,0.469269424,0.477386935,0.461538462,0.470815617,0.498066512,0.484532096,0.470610982,0.505800464,0.467904099,0.472340426
GCF_008326425.1,Sulfuracidifex tepidarius,0.490829311,0.412927757,0.4,0.363117871,0.394676806,0.413307985,0.419011407,0.43460076,0.431178707,0.415209125,0.438022814,0.448288973,0.448288973,0.452851711,0.462357414,0.442205323,0.456273764,0.468821293,0.447908745,0.447908745,0.451711027,0.442965779,0.47318372,0.456066946,0.464054774,0.47318372,0.468417047,0.472222222,0.480974125
GCF_000403645.1,Salinarchaeum sp. Harcht-Bsk1,0.868410992,0.669055375,0.739739414,0.743322476,0.760912052,0.801628664,0.812052117,0.821498371,0.817915309,0.824104235,0.828338762,0.828338762,0.828013029,0.841042345,0.834201954,0.84495114,0.833224756,0.830944625,0.836156352,0.848208469,0.85276873,0.84723127,0.843973941,0.858631922,0.849837134,0.843973941,0.853420195,0.849511401,0.842345277
GCF_009690625.1,Halorhabdus sp. CBA1104,0.771179663,0.561013047,0.646201074,0.648887183,0.678050652,0.715272448,0.722563315,0.743284728,0.744819647,0.721795856,0.73676132,0.738296239,0.730621642,0.750575595,0.757099002,0.740982348,0.73637759,0.752110514,0.764773599,0.745587107,0.743284728,0.749040675,0.761320031,0.748273216,0.750575595,0.756715272,0.759017652,0.759017652,0.754412893
GCF_001488575.1,Halobacterium hubeiense,0.889721652,0.631117825,0.746827795,0.726586103,0.755891239,0.798489426,0.819637462,0.834441088,0.843202417,0.846827795,0.839274924,0.851057402,0.841087613,0.854984894,0.855287009,0.849244713,0.86163142,0.860725076,0.868540345,0.869144757,0.862194016,0.868842551,0.868842551,0.868842551,0.869749169,0.864007253,0.876058041,0.862454655,0.871221282
GCF_000969925.1,Methanosarcina thermophila CHTI-55,0.420545073,0.286294791,0.338751385,0.305134836,0.326930181,0.336904322,0.359807905,0.367196158,0.367565571,0.395271518,0.376431474,0.384927965,0.401551533,0.387513853,0.410786849,0.413895048,0.41315595,0.402808574,0.401699926,0.395417591,0.409090909,0.405764967,0.419438285,0.40872136,0.405395418,0.411677753,0.407393715,0.38780037,0.404215976
GCF_004799665.1,Halapricum salinum,0.822488918,0.600174978,0.690580344,0.670457859,0.715368912,0.744240303,0.748323126,0.774861476,0.777194517,0.774569845,0.772528434,0.781568971,0.781568971,0.792067658,0.776611257,0.784193642,0.777486148,0.797317002,0.806649169,0.789151356,0.80839895,0.799650044,0.797900262,0.796733742,0.810731992,0.807232429,0.800233304,0.800524934,0.810731992
GCF_000730285.1,Candidatus Nitrososphaera evergladensis SR1,0.617080187,0.47869447,0.490480508,0.457237836,0.497733454,0.500755515,0.536718042,0.562405561,0.530976126,0.545784225,0.556663645,0.568147477,0.57177395,0.564218797,0.579631309,0.579329102,0.57328498,0.575702629,0.588999698,0.579026896,0.581142339,0.599274705,0.585373225,0.576307041,0.580537927,0.592626171,0.597763675,0.587488667,0.574796011
GCF_026410925.1,Halovenus salina,0.737275449,0.502945903,0.613551152,0.59051955,0.628816283,0.663363685,0.66122121,0.698178897,0.686395287,0.686395287,0.668987681,0.688537761,0.697643278,0.70487413,0.698714515,0.696572041,0.705945367,0.70487413,0.698098044,0.719528529,0.713635146,0.72220734,0.728491021,0.725469169,0.720911528,0.714477212,0.718155001,0.718959507,0.724322875
GCF_022869805.1,Halosolutus halophilus,0.835723588,0.589815557,0.67181235,0.63893344,0.698676824,0.732357658,0.743384122,0.763231756,0.756615878,0.76563753,0.755412991,0.773456295,0.766840417,0.78127506,0.778423902,0.778022859,0.778624424,0.786444756,0.781632244,0.795067175,0.791858833,0.797874474,0.80104292,0.796389168,0.802367576,0.814569536,0.80453542,0.807144291,0.806542244
GCF_000800805.1,Candidatus Methanoplasma termitum,0.605106492,0.473498233,0.467844523,0.480565371,0.48975265,0.499646643,0.522968198,0.537102473,0.534275618,0.566077739,0.5795053,0.585865724,0.582332155,0.569611307,0.599293286,0.564664311,0.580212014,0.570318021,0.568904594,0.587985866,0.583745583,0.597879859,0.579915134,0.572135785,0.586280057,0.588401697,0.56718529,0.572135785,0.586280057
GCF_023008545.1,Natribaculum luteum,0.814626939,0.588736084,0.673433748,0.6439642,0.676708142,0.715564287,0.715345994,0.733682602,0.752237503,0.730408208,0.742196027,0.750054573,0.742850906,0.759877756,0.752674089,0.765553373,0.767954595,0.763807029,0.77865095,0.774721676,0.774721676,0.772538747,0.791748527,0.781222707,0.780567686,0.782532751,0.779475983,0.788646288,0.789082969
GCF_001305655.1,Halanaeroarchaeum sulfurireducens,0.798637781,0.595102755,0.636641889,0.661565369,0.697857455,0.731088763,0.742457368,0.7459554,0.734149541,0.75994753,0.765631832,0.75994753,0.758635767,0.770004373,0.765631832,0.78268474,0.769129864,0.779186707,0.780061216,0.763882816,0.776125929,0.776563183,0.776125929,0.795802361,0.786620026,0.790555313,0.792213473,0.770341207,0.791776028
GCF_900083515.1,Cuniculiplasma divulgatum,0.35256262,0.270661157,0.279958678,0.291322314,0.307334711,0.30785124,0.319731405,0.325413223,0.33161157,0.327479339,0.352272727,0.35588843,0.33161157,0.364152893,0.337293388,0.359504132,0.37964876,0.363119835,0.364152893,0.354855372,0.34607438,0.362603306,0.347107438,0.349173554,0.345557851,0.36518595,0.344524793,0.338842975,0.36053719
GCF_013402815.2,Natrinema halophilum,0.740543442,0.542088267,0.604951561,0.589451023,0.62131324,0.658127018,0.668245425,0.677072121,0.695156082,0.679009688,0.690419806,0.691711518,0.68977395,0.696447793,0.694510226,0.705705059,0.708503767,0.701614639,0.714316469,0.705059203,0.708719053,0.70613563,0.708225668,0.720499569,0.722868217,0.719422911,0.728251507,0.722222222,0.715270299
GCF_013456555.2,Natrinema zhouii,0.788175601,0.546263009,0.615326395,0.595080416,0.64730369,0.699337748,0.705014191,0.707473983,0.717880795,0.72128666,0.728666036,0.730558184,0.725827815,0.73358562,0.723178808,0.736613056,0.727719962,0.729044465,0.745695364,0.744938505,0.752885525,0.747776727,0.747776727,0.76324754,0.760219531,0.761733535,0.750331251,0.756393256,0.750331754
GCF_001304615.2,Methanosarcina flavescens,0.425437542,0.287521968,0.339543058,0.319156415,0.331458699,0.332513181,0.355008787,0.365905097,0.362741652,0.386643234,0.380667838,0.393321617,0.403163445,0.391564148,0.414411248,0.416871705,0.422495606,0.398945518,0.423901582,0.401405975,0.4228471,0.405272408,0.421089631,0.391915641,0.415611814,0.421589311,0.412592332,0.392191347,0.401477833
GCF_031201125.1,Acidiplasma sp.,0.317410434,0.23216308,0.239524349,0.231030578,0.237259343,0.26387316,0.258776897,0.289354473,0.265005663,0.304643262,0.303510759,0.322763307,0.30407701,0.299546999,0.33182333,0.325594564,0.315402039,0.309173273,0.31993205,0.339750849,0.316534541,0.30804077,0.318799547,0.327293318,0.321630804,0.309739524,0.306908267,0.322379603,0.301020408
GCF_001886955.1,Halodesulfurarchaeum formicicum,0.811766754,0.579339228,0.648208469,0.675663099,0.696603071,0.74778967,0.744067008,0.778501629,0.784085621,0.772452303,0.766402978,0.793857608,0.78036296,0.791996277,0.790600279,0.808282922,0.786877617,0.805956259,0.812936249,0.800372266,0.776174965,0.790134946,0.771986971,0.789204281,0.797114937,0.7858473,0.784450652,0.780726257,0.802607076
GCF_013340765.1,Conexivisphaera calida,0.825687458,0.758535071,0.713221601,0.733705773,0.726256983,0.756672874,0.774674115,0.74549969,0.768466791,0.767225326,0.799503414,0.808193669,0.800744879,0.790192427,0.805090006,0.795779019,0.796399752,0.813159528,0.810676598,0.818125388,0.808814401,0.823091248,0.813159528,0.818125388,0.812538796,0.804469274,0.824953445,0.832402235,0.819366853
GCF_002214165.1,Candidatus Mancarchaeum acidiphilum,0.428544495,0.288797533,0.304213772,0.290853032,0.326824255,0.329907503,0.327852004,0.369989723,0.336073998,0.385405961,0.390544707,0.391572456,0.400822199,0.394655704,0.401849949,0.415210689,0.396711202,0.437821172,0.421377184,0.401849949,0.389516958,0.433710175,0.384378212,0.422404933,0.414182939,0.403905447,0.411099692,0.41315519,0.422404933
GCF_001989615.1,Halorientalis sp. IM1011,0.861910242,0.621670082,0.709272541,0.693135246,0.737192623,0.771004098,0.791239754,0.793288934,0.816598361,0.807377049,0.818391393,0.821209016,0.817622951,0.817622951,0.824538934,0.822233607,0.837602459,0.822745902,0.83017418,0.833247951,0.837304637,0.830130669,0.843926192,0.843669913,0.838502948,0.828505511,0.836195847,0.845680595,0.846449628
GCF_002201915.1,Methanopyrus sp. KOL6,0.685531915,0.666230366,0.660340314,0.664921466,0.666230366,0.682591623,0.655104712,0.666230366,0.673429319,0.678010471,0.669502618,0.653795812,0.653141361,0.665575916,0.668193717,0.666230366,0.671465969,0.685863874,0.682591623,0.691099476,0.661649215,0.668193717,0.671465969,0.664267016,0.683900524,0.648560209,0.682591623,0.680628272,0.665575916
GCF_002201895.1,Methanopyrus sp. SNP6,0.690769967,0.667107001,0.665125495,0.670409511,0.673712021,0.682298547,0.673051519,0.684280053,0.677014531,0.680317041,0.669088507,0.673712021,0.679656539,0.663143989,0.670409511,0.665785997,0.673051519,0.704095112,0.689564069,0.7001321,0.668428005,0.672391017,0.678335535,0.669088507,0.684940555,0.64993395,0.684280053,0.682959049,0.673712021
GCF_002356395.1,Methanothermobacter sp. EMTCatA1,0.583717638,0.41281337,0.418384401,0.426740947,0.431754875,0.446796657,0.425069638,0.431197772,0.479108635,0.489693593,0.528690808,0.509192201,0.511977716,0.522562674,0.515877437,0.547075209,0.519777159,0.545961003,0.55264624,0.533704735,0.554317549,0.548746518,0.540947075,0.553760446,0.551532033,0.540947075,0.541504178,0.544846797,0.549860724
GCF_003491305.1,Methanobacterium sp. BAmetb5,0.455148989,0.275423729,0.293220339,0.308898305,0.311440678,0.312711864,0.358898305,0.376694915,0.364830508,0.351694915,0.39279661,0.385169492,0.383050847,0.409745763,0.414830508,0.406779661,0.408898305,0.428813559,0.400847458,0.416525424,0.403813559,0.400423729,0.397881356,0.404661017,0.403813559,0.38940678,0.422881356,0.413983051,0.419491525
GCF_003430805.1,Natrarchaeobaculum sulfurireducens,0.791005929,0.574377978,0.653520381,0.628904182,0.668872419,0.709105347,0.72075172,0.72895712,0.733192165,0.72842774,0.727633669,0.743515087,0.744044468,0.746426681,0.73689783,0.746691371,0.755955532,0.755161461,0.760984648,0.751720487,0.749338274,0.757014293,0.767072525,0.77130757,0.752978554,0.765951814,0.772510593,0.77092161,0.75529661
GCF_002906215.1,Candidatus Nitrosocaldus islandicus,0.408467742,0.422807018,0.419883041,0.370760234,0.426900585,0.405847953,0.398245614,0.411111111,0.388304094,0.403508772,0.41754386,0.398245614,0.409356725,0.398245614,0.406432749,0.411111111,0.402339181,0.41871345,0.40994152,0.415204678,0.414619883,0.415204678,0.428070175,0.431578947,0.415204678,0.426900585,0.425146199,0.407017544,0.420467836
GCF_041154675.1,Sulfurisphaera javensis,0.215850533,0.223353947,0.261549654,0.213532194,0.204074209,0.221898872,0.224081484,0.223353947,0.223353947,0.214259731,0.228810477,0.212440888,0.210258276,0.22262641,0.212804656,0.196798836,0.202255366,0.206256821,0.197526373,0.208439433,0.211349582,0.201891597,0.21971626,0.218624955,0.212440888,0.205893052,0.21171335,0.220443798,0.216078574
GCF_002952775.1,Halalkaliarchaeum desulfuricum,0.805019003,0.598365617,0.645883777,0.63377724,0.701271186,0.716707022,0.72972155,0.743341404,0.745762712,0.76059322,0.742736077,0.751513317,0.757869249,0.765435835,0.786622276,0.762409201,0.768159806,0.77996368,0.781779661,0.787227603,0.783832879,0.779897063,0.781410839,0.781410839,0.774682011,0.779527559,0.774379164,0.783701909,0.785216601
GCF_900248165.1,Candidatus Nitrosocaldus cavascurensis,0.409217431,0.41995221,0.425925926,0.364396655,0.421744325,0.402031063,0.400238949,0.408004779,0.394265233,0.409199522,0.422341697,0.397849462,0.410394265,0.394265233,0.409796894,0.405615293,0.400238949,0.415770609,0.401433692,0.410991637,0.417562724,0.415770609,0.425328554,0.431899642,0.418160096,0.425328554,0.425925926,0.405615293,0.407407407
GCF_016806735.1,Candidatus Micrarchaeum sp.,0.547500899,0.334322453,0.382789318,0.361028684,0.40751731,0.443125618,0.460929773,0.472799209,0.451038576,0.483679525,0.522255193,0.512363996,0.524233432,0.509396637,0.544015826,0.528189911,0.538081108,0.516320475,0.526211672,0.547972305,0.548961424,0.548961424,0.53016815,0.548961424,0.586547972,0.537091988,0.545994065,0.538081108,0.543026706
GCF_004087835.1,Halorussus pelagicus,0.834575163,0.577010839,0.645179692,0.652880776,0.688248716,0.721905305,0.740730177,0.758699373,0.772960639,0.764403879,0.77837992,0.772675414,0.770964062,0.779235596,0.783799201,0.795778665,0.796349116,0.787792356,0.809469481,0.795720399,0.79828816,0.807132668,0.802282454,0.811126961,0.806276748,0.816547789,0.805135521,0.817689016,0.811697575
GCF_012222305.1,Sulfolobus sp. S-194,0.242060418,0.230402181,0.278800273,0.2467621,0.228698023,0.242331288,0.262099523,0.241990457,0.25528289,0.241649625,0.247443763,0.223244717,0.246421268,0.232788003,0.224267212,0.248466258,0.23457211,0.24411865,0.247869076,0.233208319,0.245649949,0.235836177,0.23890785,0.241296928,0.235233868,0.24137931,0.25025606,0.236258109,0.237282349
GCF_901686465.1,Halorubrum sp. DM2,0.885010379,0.661859918,0.711300765,0.715126545,0.757504414,0.815479694,0.807828134,0.823131254,0.831959976,0.834608593,0.828722778,0.832842849,0.835491466,0.850794585,0.84108299,0.840788699,0.84902884,0.858151854,0.858446145,0.858151854,0.861094762,0.860800471,0.87017957,0.85104504,0.871062702,0.86340889,0.861348248,0.870768325,0.864880777
GCF_902827225.1,Methanocaldococcus lauensis,0.188556175,0.180952381,0.206349206,0.201904762,0.187936508,0.184761905,0.195555556,0.172063492,0.18031746,0.170793651,0.212698413,0.163174603,0.180952381,0.182222222,0.18984127,0.17968254,0.186031746,0.191746032,0.175873016,0.191111111,0.188571429,0.182857143,0.195555556,0.188571429,0.197460317,0.187301587,0.197460317,0.198095238,0.208386277
GCF_009617975.1,Candidatus Nanohalobium constans,0.426732026,0.301346801,0.367003367,0.335858586,0.359427609,0.39983165,0.418350168,0.415824916,0.433501684,0.400673401,0.404882155,0.411616162,0.398989899,0.396464646,0.404040404,0.414983165,0.40993266,0.416666667,0.404882155,0.406565657,0.393939394,0.394781145,0.421717172,0.420875421,0.404882155,0.404882155,0.423400673,0.443602694,0.452020202
GCF_030323845.1,Methanobacterium sp. CWC-01,0.493399686,0.345557123,0.354960038,0.355900329,0.377056888,0.383168782,0.412317819,0.413728256,0.417959567,0.424071462,0.434414669,0.429243065,0.436765397,0.465914433,0.461212976,0.47625764,0.450399624,0.474377057,0.46074283,0.444757875,0.470615891,0.449929478,0.439116126,0.464974142,0.467324871,0.448519041,0.463093559,0.470615891,0.465444288
GCF_023169545.1,Nanobdella aerobiophila,0.14423676,0.163911846,0.163911846,0.151515152,0.140495868,0.130853994,0.136363636,0.163911846,0.158402204,0.154269972,0.141873278,0.185950413,0.150137741,0.133608815,0.144628099,0.155647383,0.123966942,0.154269972,0.15862069,0.143448276,0.164137931,0.16,0.155862069,0.146206897,0.157241379,0.147586207,0.171034483,0.157241379,0.168275862
GCF_031200575.1,Ferroplasma sp.,0.394243485,0.241628027,0.288511077,0.301906234,0.298299845,0.310664606,0.309119011,0.349819681,0.356002061,0.354971664,0.364760433,0.365790829,0.393096342,0.398248326,0.379381443,0.382989691,0.38556701,0.391752577,0.386597938,0.379896907,0.382474227,0.390721649,0.376804124,0.400515464,0.378350515,0.39742268,0.386597938,0.399484536,0.378350515
GCF_008000775.2,Promethearchaeum syntrophicum,0.231187933,0.200103013,0.181560649,0.19160443,0.208601597,0.19160443,0.203708473,0.229719289,0.21710018,0.237702807,0.233582282,0.237187741,0.23615761,0.242338398,0.245428792,0.235900077,0.239248004,0.243626062,0.252639712,0.237702807,0.237445274,0.241628027,0.230610667,0.244266942,0.244524607,0.230353002,0.233505155,0.239948454,0.223969072
GCF_007833275.1,Salarchaeum sp. JOR-1,0.881897042,0.609912978,0.718123345,0.715096481,0.76276958,0.80476731,0.813091184,0.825576996,0.836549376,0.840711313,0.858494135,0.825576996,0.831630723,0.849413545,0.853575482,0.848656829,0.850170261,0.841089671,0.850170261,0.850170261,0.857359062,0.857359062,0.859629209,0.856980704,0.861899357,0.857359062,0.864169504,0.863412788,0.860007567
GCF_008033705.1,Methanothermobacter sp. KEPCO-1,0.562877406,0.420448332,0.431930016,0.416074358,0.422088573,0.435210498,0.4434117,0.457627119,0.455440131,0.478950246,0.488244943,0.492618917,0.504647348,0.503007108,0.516129032,0.526517223,0.512301804,0.527610716,0.529250957,0.518862767,0.530634573,0.520787746,0.501641138,0.531181619,0.521334792,0.525164114,0.52571116,0.54321663,0.526805252
GCF_009914355.1,Methanothermobacter sp. THM-1,0.565426829,0.400763359,0.43129771,0.424754635,0.42257361,0.428571429,0.420392585,0.447110142,0.458015267,0.476008724,0.509814613,0.507633588,0.491821156,0.508178844,0.498909487,0.509269357,0.499181669,0.53573377,0.528641571,0.526200873,0.534388646,0.505734571,0.526488258,0.528126707,0.541234298,0.547788094,0.531949754,0.530857455,0.521572911
GCF_009917665.1,Methanothermobacter sp. THM-2,0.56182598,0.437291898,0.438956715,0.412319645,0.418423973,0.44173141,0.447835738,0.450610433,0.461709212,0.465038846,0.48945616,0.502774695,0.502774695,0.514428413,0.514428413,0.527192009,0.514983352,0.538845727,0.529966704,0.521642619,0.531631521,0.52108768,0.513873474,0.533851276,0.52108768,0.525527192,0.547169811,0.540510544,0.524708495
GCF_008831545.1,Halorussus halophilus,0.784277204,0.561455038,0.65137822,0.621554451,0.671034794,0.699954812,0.701310438,0.729326706,0.73181202,0.731360145,0.731134207,0.739042024,0.744916403,0.748983281,0.749661094,0.753050158,0.75192047,0.754631722,0.741979214,0.760957976,0.762313601,0.764572978,0.761861726,0.769317668,0.766832354,0.758472662,0.761183913,0.763669227,0.765250791
GCF_009601705.1,Sulfolobus sp. E5-1-F,0.29453758,0.273941244,0.306371614,0.276230446,0.268218237,0.288439527,0.281190385,0.294544067,0.289584128,0.274322778,0.303319344,0.281571919,0.28271652,0.275085845,0.294925601,0.281571919,0.292254865,0.285387257,0.271270507,0.279007634,0.284732824,0.282061069,0.285114504,0.291984733,0.276059565,0.304812834,0.29144385,0.280366692,0.291825821
GCF_009602405.1,Sulfolobus sp. E11-6,0.307046843,0.290862759,0.302511831,0.283218056,0.265380415,0.299963597,0.28358209,0.306152166,0.293410994,0.279577721,0.305424099,0.279941755,0.302875865,0.276665453,0.290498726,0.290862759,0.292318893,0.308336367,0.269748817,0.287222424,0.289876184,0.277959927,0.293624772,0.303571429,0.279154519,0.302952971,0.293581327,0.297592998,0.299781182
GCF_016906025.1,Haloterrigena salifodinae,0.846155032,0.573141,0.662738724,0.629215766,0.68610321,0.712515238,0.738317757,0.762291751,0.764729785,0.764729785,0.764932954,0.774278748,0.772247054,0.782202357,0.775904104,0.787078423,0.794392523,0.789270473,0.799634221,0.795163585,0.794553952,0.814671815,0.801869539,0.817073171,0.820862139,0.815131178,0.812449146,0.816110659,0.807567128
GCF_018141185.1,Methanobacterium alkalithermotolerans,0.326282705,0.210599721,0.248256625,0.245932125,0.248256625,0.254765225,0.256624826,0.288238029,0.294281729,0.280334728,0.314737331,0.292887029,0.290562529,0.315667132,0.313342631,0.316132032,0.305904231,0.306834031,0.308693631,0.311483031,0.321710832,0.315202232,0.293488372,0.304186047,0.30372093,0.302325581,0.30744186,0.297674419,0.295348837
GCF_013391085.1,Natronomonas halophila,0.838019957,0.608592593,0.688888889,0.666666667,0.730962963,0.74637037,0.76,0.759703704,0.778666667,0.781333333,0.792592593,0.808,0.809777778,0.792,0.804444444,0.784592593,0.801481481,0.81362963,0.814518519,0.81037037,0.813037037,0.803851852,0.816592593,0.817777778,0.822814815,0.813333333,0.824296296,0.817185185,0.813925926
GCF_017094485.1,Natranaeroarchaeum sulfidigenes,0.754319667,0.563339731,0.614203455,0.602047345,0.638515675,0.674664107,0.683301344,0.711132438,0.713691619,0.709213052,0.710492642,0.716570697,0.728726807,0.733525272,0.7162508,0.732885477,0.732245681,0.72168906,0.721049264,0.722008957,0.74728087,0.719129878,0.732245681,0.736084453,0.730006398,0.737364044,0.728087012,0.736404351,0.73472
GCF_009217585.1,Halomicrobium sp. ZPS1,0.861073746,0.603654694,0.691871456,0.695652174,0.719596723,0.768746062,0.765595463,0.783868935,0.792060491,0.780403277,0.79458097,0.802457467,0.805923125,0.804347826,0.81884058,0.812539382,0.815059861,0.816005041,0.81915564,0.825456837,0.827347196,0.828607435,0.813484562,0.833648393,0.831389852,0.823826032,0.832965648,0.842370744,0.832912989
GCF_016917835.2,Halobacterium sp. BOL4-2,0.871089488,0.605242567,0.715179969,0.690140845,0.719483568,0.764475743,0.777386541,0.78599374,0.79029734,0.815336463,0.793818466,0.812597809,0.801643192,0.802816901,0.805164319,0.802034429,0.823552426,0.817683881,0.823161189,0.824334898,0.841940532,0.833333333,0.832159624,0.836463224,0.844679186,0.830919765,0.852054795,0.854403131,0.834050881
GCF_016917855.1,Halobacterium sp. GSL-19,0.88118179,0.619008264,0.715702479,0.697520661,0.732231405,0.775619835,0.77892562,0.791735537,0.804132231,0.812809917,0.807024793,0.81322314,0.807438017,0.809504132,0.808677686,0.809504132,0.832644628,0.831818182,0.835123967,0.834297521,0.846280992,0.840082645,0.832231405,0.838016529,0.852066116,0.837536172,0.85820587,0.85820587,0.844150475
GCF_017352155.2,Haloterrigena alkaliphila,0.864395585,0.593727382,0.671170084,0.648974668,0.717008444,0.753679131,0.752472859,0.778528347,0.788902292,0.786731001,0.798311218,0.802171291,0.789384801,0.813027744,0.810615199,0.81013269,0.826537998,0.814234017,0.821471653,0.830880579,0.823160434,0.819541616,0.823884198,0.836911942,0.84535585,0.836911942,0.836188179,0.838359469,0.835946924
GCF_018623055.1,Halorubrum sp. 2020YC2,0.908036597,0.683443709,0.743377483,0.736092715,0.799006623,0.838741722,0.834768212,0.859933775,0.862251656,0.864238411,0.855298013,0.864238411,0.87384106,0.87384106,0.880463576,0.880794702,0.883774834,0.885430464,0.879470199,0.891721854,0.885761589,0.883774834,0.900662252,0.890728477,0.887711163,0.890361047,0.895329579,0.89599205,0.885061279
GCF_017094445.1,Halapricum desulfuricans,0.82888323,0.601159794,0.671713918,0.678479381,0.708118557,0.747100515,0.74742268,0.767719072,0.777706186,0.788337629,0.77867268,0.780283505,0.788337629,0.794458763,0.790270619,0.787371134,0.77867268,0.802835052,0.797680412,0.796069588,0.801546392,0.799935567,0.807927812,0.810505962,0.814050918,0.807605543,0.81372865,0.8163068,0.807865893
GCF_024972735.1,Halalkaliarchaeum sp. AArc-CO,0.813584154,0.605322219,0.657582559,0.666239179,0.719781981,0.743507534,0.73292722,0.752484771,0.762103238,0.75761462,0.761462007,0.763385701,0.755370311,0.770759859,0.774607246,0.775248477,0.784225713,0.801538955,0.775248477,0.793523565,0.788393716,0.779095864,0.784866945,0.792561718,0.7880731,0.795447259,0.788393716,0.794806028,0.800833868
GCF_019879105.1,Natrinema sp. SYSU A 869,0.770141082,0.53730804,0.61535682,0.602890696,0.651490515,0.669738031,0.693044264,0.711653117,0.71237579,0.713821138,0.714001807,0.719421861,0.709485095,0.723938573,0.712737127,0.714724481,0.725203252,0.734778681,0.725022584,0.743043007,0.746657029,0.752800867,0.742681605,0.754427177,0.745753524,0.741369962,0.743719501,0.761431412,0.742635098
GCF_020885915.1,Candidatus Methanoliparum sp. LAM-1,0.32035945,0.255796559,0.280478684,0.240089753,0.221391174,0.275243082,0.272999252,0.307404637,0.287210172,0.28197457,0.3223635,0.333582648,0.290949888,0.331338818,0.329842932,0.299925206,0.311892296,0.32460733,0.285714286,0.328347046,0.338070307,0.318623785,0.287958115,0.3223635,0.316379955,0.316379955,0.326103216,0.31039641,0.304412865
GCF_020150815.1,Haloprofundus salilacus,0.831465213,0.593707986,0.6649637,0.650712557,0.684592632,0.724388276,0.731379403,0.753428341,0.752621672,0.761763915,0.760419468,0.772250605,0.7851573,0.779241732,0.785695079,0.789459532,0.793492874,0.792686206,0.791879538,0.801828449,0.796988438,0.792148427,0.792955095,0.79564399,0.802635117,0.807744017,0.803710675,0.806668459,0.805324012
GCF_020405205.1,Natrinema salinisoli,0.817959452,0.546891921,0.632661902,0.627463721,0.67511371,0.693307342,0.717132337,0.73814165,0.753736192,0.747455057,0.759584146,0.754169374,0.742040286,0.762616418,0.760450509,0.766081871,0.767164826,0.763049599,0.769114143,0.776045051,0.778210959,0.781459822,0.777128005,0.792939138,0.789257093,0.797920728,0.797270955,0.787694974,0.781845754
GCF_020405225.1,Natrinema sp. DC36,0.795296569,0.537611883,0.628451723,0.599314416,0.648067035,0.701390211,0.714530566,0.712816606,0.724433441,0.729575319,0.737954675,0.748619311,0.730527519,0.742715673,0.736431156,0.739859074,0.747667111,0.735288516,0.746524472,0.759093506,0.759855266,0.751666349,0.764425824,0.773947819,0.758903066,0.771004001,0.752905315,0.755335366,0.757004002
GCF_021655615.1,Acidianus sp. HS-5,0.302778886,0.31337535,0.31302521,0.256302521,0.275210084,0.291316527,0.278711485,0.306022409,0.290266106,0.309173669,0.306372549,0.297969188,0.283263305,0.276610644,0.285364146,0.290616246,0.292119089,0.296322242,0.287565674,0.281611208,0.29352014,0.306129597,0.284063047,0.292119089,0.291068301,0.29352014,0.282661996,0.295621716,0.305779335
GCF_020736485.1,Halobacterium salinarum NRC-34001,0.882719547,0.608713867,0.720150817,0.708420612,0.736908253,0.776707164,0.777545036,0.785085882,0.804775869,0.822371177,0.798491831,0.819438626,0.810640972,0.808546292,0.806451613,0.818600754,0.832006703,0.8261416,0.834520318,0.836614998,0.845412652,0.854987427,0.846605197,0.835289187,0.851634535,0.847862531,0.856244761,0.861274099,0.846186085
GCF_023028105.1,Halosolutus gelatinilyticus,0.853743538,0.597080938,0.673374613,0.656125608,0.710968598,0.735515259,0.736178682,0.769792127,0.770455551,0.777974348,0.777310924,0.775984078,0.779743476,0.783281734,0.788810261,0.791242813,0.801194162,0.796550199,0.811587793,0.818443167,0.812472357,0.814683768,0.821539142,0.83325962,0.82529854,0.824856258,0.815568333,0.828394516,0.831711632
GCF_023016325.1,Methanonatronarchaeum sp. AMET6-2,0.427115583,0.332869081,0.311281337,0.305710306,0.301532033,0.352367688,0.353760446,0.391364903,0.368384401,0.399721448,0.402506964,0.424094708,0.383704735,0.426880223,0.399721448,0.415738162,0.439415042,0.421309192,0.4271777,0.395818815,0.41533101,0.403484321,0.407665505,0.426480836,0.42369338,0.422299652,0.420905923,0.409756098,0.434146341
GCF_023115355.1,Halocatena salina,0.682505146,0.51309987,0.57457847,0.542671855,0.591439689,0.607782101,0.619714656,0.632166018,0.639688716,0.62386511,0.631128405,0.643579767,0.636057069,0.635278859,0.656290532,0.654474708,0.639169909,0.648249027,0.658884565,0.660700389,0.655682408,0.648585518,0.657928887,0.663379185,0.665455489,0.657409811,0.659745653,0.670127174,0.661821957
GCF_023238445.1,Halorussus gelatinilyticus,0.876162909,0.617407809,0.690889371,0.677874187,0.720173536,0.757321041,0.773590022,0.789316703,0.795010846,0.807212581,0.807212581,0.810737527,0.817787419,0.814262473,0.820770065,0.833785249,0.836225597,0.829175705,0.833785249,0.8329718,0.84137744,0.835954447,0.837581345,0.846529284,0.840791972,0.861133713,0.845131543,0.844317874,0.840520749
GCF_023913515.1,Natronococcus sp. CG52,0.828509204,0.564181063,0.647058824,0.624753991,0.675923901,0.708069101,0.714848021,0.744806473,0.744806473,0.752897442,0.741745025,0.759676361,0.754865515,0.763393833,0.76186311,0.777389023,0.76776733,0.781325169,0.78045047,0.779794446,0.781106495,0.788541439,0.782199869,0.789416138,0.790509512,0.789588801,0.798775153,0.790244969,0.794181977
GCF_024138145.1,Natronosalvus halobius,0.817801205,0.603676669,0.656123277,0.6369289,0.670721817,0.729927007,0.731008381,0.743444174,0.741822114,0.752635848,0.754257908,0.755879968,0.761557178,0.774533658,0.761827521,0.771289538,0.776966748,0.778588808,0.776966748,0.787780481,0.787239795,0.781021898,0.789672885,0.788591511,0.796431468,0.778859151,0.793728035,0.798323871,0.788050825
GCF_017357105.1,Natronosalvus caseinilyticus,0.816864586,0.59921124,0.653438501,0.634705447,0.673650481,0.71999014,0.721962041,0.746610796,0.746117821,0.753758935,0.759921124,0.756470298,0.758442199,0.771259551,0.759674636,0.779147153,0.771259551,0.77446389,0.775942815,0.773970914,0.782351491,0.775203352,0.776682278,0.792210993,0.796154794,0.779147153,0.797633719,0.803056446,0.783090954
GCF_024138125.1,Halorussus salilacus,0.888516547,0.644129104,0.714524207,0.69476906,0.755703951,0.772398442,0.801057318,0.813299944,0.822203673,0.821368948,0.828046745,0.837785198,0.837228715,0.850306066,0.832498609,0.846132443,0.852253756,0.84195882,0.84557596,0.850862549,0.849707765,0.85360423,0.865015308,0.85917061,0.870303368,0.866091314,0.869153675,0.858535227,0.860206071
GCF_024204665.1,Natronosalvus rutilus,0.815303477,0.605438931,0.658396947,0.633349237,0.661975191,0.711832061,0.722328244,0.73759542,0.751192748,0.745467557,0.745229008,0.765028626,0.763120229,0.778387405,0.754293893,0.759541985,0.769322519,0.770992366,0.777910305,0.783158397,0.778148855,0.783158397,0.776240458,0.796278626,0.800572519,0.77504771,0.77480916,0.804627863,0.782577566
GCF_023973145.1,Natronosalvus vescus,0.784066892,0.558314732,0.626674107,0.622767857,0.663225446,0.694196429,0.690011161,0.705078125,0.711774554,0.724051339,0.726283482,0.729631696,0.746372768,0.743024554,0.732142857,0.738002232,0.745814732,0.727957589,0.751116071,0.752511161,0.754185268,0.746651786,0.752511161,0.757533482,0.765904018,0.746372768,0.762276786,0.757465811,0.757465811
GCF_024227435.1,Natrinema caseinilyticum,0.80156444,0.570648613,0.634636383,0.6287399,0.671544005,0.694038,0.704957414,0.730290456,0.733347893,0.74645119,0.724612361,0.736842105,0.736842105,0.75038218,0.745577637,0.750600568,0.751474121,0.756278663,0.767634855,0.761738371,0.763267089,0.771347456,0.760864818,0.770910679,0.769600349,0.772876174,0.780301376,0.770910679,0.772826562
GCF_024266705.1,Natrinema gelatinilyticum,0.762676623,0.534241392,0.617480136,0.594400303,0.644532728,0.672152857,0.684071131,0.685395384,0.691070753,0.696746122,0.690124858,0.704502459,0.701286417,0.705259175,0.701286417,0.717366629,0.719258418,0.713961407,0.723041998,0.739689747,0.737797957,0.721475875,0.730179754,0.734531693,0.724314096,0.738834217,0.728993187,0.724829674,0.731642695
GCF_024218815.1,Haloarcula marina,0.846566402,0.58214649,0.68819939,0.661749746,0.704730417,0.747965412,0.755340793,0.770600203,0.759918616,0.769074262,0.784079349,0.797558494,0.787131231,0.785859613,0.793489318,0.802644964,0.79577823,0.801881994,0.800610376,0.805696846,0.815822946,0.806156194,0.823454592,0.819384381,0.822437039,0.811752735,0.828033579,0.812977099,0.823155216
GCF_024300625.1,Halovivax gelatinilyticus,0.801796917,0.61230329,0.634334764,0.643776824,0.681545064,0.713876967,0.716452074,0.741058655,0.750500715,0.75193133,0.745922747,0.749928469,0.764806867,0.776537911,0.759084406,0.775679542,0.777682403,0.771959943,0.775679542,0.784549356,0.773962804,0.78769671,0.779685265,0.778540773,0.781402003,0.774248927,0.76509299,0.798283262,0.780257511
GCF_024296685.1,Natrinema marinum,0.859346169,0.599676724,0.6796875,0.665678879,0.722521552,0.7578125,0.762931034,0.771282328,0.7890625,0.794719828,0.799568966,0.805226293,0.793911638,0.801724138,0.802801724,0.8125,0.802532328,0.8203125,0.823814655,0.830010776,0.828125,0.818696121,0.820581897,0.835668103,0.842133621,0.838900862,0.845905172,0.838362069,0.840786638
GCF_024298845.1,Natronosalvus amylolyticus,0.722323984,0.522897801,0.571280724,0.572833118,0.625614489,0.646313066,0.644760673,0.662613195,0.672962484,0.668822768,0.672962484,0.689262613,0.708667529,0.682276843,0.683570505,0.696248383,0.692884864,0.689521345,0.701164295,0.702199224,0.698059508,0.692626132,0.708926261,0.700129366,0.717205692,0.702199224,0.706080207,0.710478655,0.698059508
GCF_024362485.1,Natronobeatus ordinarius,0.845197588,0.619277108,0.693253012,0.65686747,0.704819277,0.73060241,0.751807229,0.764096386,0.781204819,0.781686747,0.76939759,0.785301205,0.787951807,0.795180723,0.791807229,0.797831325,0.803614458,0.802409639,0.808192771,0.805060241,0.810843373,0.824819277,0.818510484,0.821161726,0.818269463,0.808146541,0.821161726,0.822125813,0.824451411
GCF_024362525.1,Natrononativus amylolyticus,0.865597502,0.619888945,0.677183241,0.643866734,0.721352852,0.745330641,0.759212519,0.769560828,0.787733468,0.796062595,0.80111055,0.795810197,0.800353357,0.79656739,0.799848561,0.813730439,0.812720848,0.812216052,0.833669864,0.820040384,0.822311964,0.818021201,0.832660273,0.83745583,0.841241797,0.826855124,0.830136295,0.844522968,0.840232206
GCF_029232205.1,Candidatus Nanohalovita haloferacivicina,0.460894942,0.339606501,0.415739949,0.380667237,0.403763901,0.429426861,0.451668092,0.469632164,0.449957228,0.431137725,0.427715997,0.427715997,0.413173653,0.445680068,0.418306245,0.426005133,0.417450813,0.435414885,0.423438837,0.449957228,0.428571429,0.426860565,0.44225834,0.435414885,0.427715997,0.434559453,0.463184932,0.420376712,0.440924658
GCF_029207735.1,Candidatus Nanohalococcus occultus,0.513794365,0.367016206,0.424213537,0.394661582,0.424213537,0.468064824,0.47092469,0.458531935,0.475691134,0.5042898,0.469971401,0.475691134,0.499523356,0.486177312,0.460438513,0.47092469,0.489990467,0.472831268,0.493803622,0.473784557,0.507149666,0.497616778,0.5042898,0.499523356,0.468064824,0.489990467,0.494756911,0.492850334,0.509056244
GCF_029207715.1,Halorhabdus sp. SVX81,0.80231087,0.564504881,0.636680614,0.649232915,0.678172943,0.709902371,0.725244073,0.75348675,0.751046025,0.744421199,0.766387727,0.758368201,0.762552301,0.769177127,0.770920502,0.773361227,0.775453278,0.775801953,0.796025105,0.767085077,0.765690377,0.761506276,0.784170153,0.781729428,0.768131102,0.782078103,0.775453278,0.782078103,0.782699686
GCF_029229925.1,Halorhabdus sp. BNX81,0.804735523,0.568934806,0.639828999,0.654791592,0.678304239,0.706091913,0.733523335,0.753829711,0.753473459,0.743142145,0.770573566,0.751335946,0.762736017,0.769504809,0.767011044,0.768792305,0.775917349,0.776273602,0.788029925,0.767367296,0.768436053,0.769504809,0.786604916,0.775917349,0.775917349,0.784390592,0.775124733,0.782252316,0.783957219
GCF_018228765.1,Halorubrum ruber,0.91854788,0.692255435,0.758491848,0.75,0.799252717,0.843070652,0.841372283,0.873980978,0.873641304,0.871263587,0.877038043,0.886548913,0.875679348,0.888247283,0.890625,0.893342391,0.8828125,0.892663043,0.896059783,0.903872283,0.899456522,0.90013587,0.903532609,0.8984375,0.901154891,0.909646739,0.897758152,0.913043478,0.908627717
GCF_026692625.1,Methanothermobacter sp. DP,0.566104869,0.41426146,0.434069044,0.432371251,0.406904358,0.441426146,0.434069044,0.440294284,0.462931522,0.466893039,0.49122807,0.513865308,0.497453311,0.513865308,0.516694963,0.527447651,0.517260894,0.53254103,0.528013582,0.524617997,0.520090549,0.528579513,0.512167516,0.539898132,0.527447651,0.537634409,0.534804754,0.534804754,0.540464063
GCF_029814175.1,Halospeciosus flavus,0.860407171,0.652747845,0.699892241,0.693426724,0.745150862,0.772090517,0.785021552,0.787446121,0.796875,0.803340517,0.804418103,0.810075431,0.813577586,0.811422414,0.808189655,0.820851293,0.82893319,0.822467672,0.822467672,0.826508621,0.830010776,0.832165948,0.829741379,0.821880895,0.836657682,0.82884097,0.837735849,0.836927224,0.841778976
GCF_029278565.1,Haloarcula halophila,0.827767236,0.581835843,0.67921321,0.664885867,0.69839728,0.732637203,0.738950947,0.775862069,0.757163672,0.769062652,0.770762506,0.784118504,0.779018941,0.788489558,0.77974745,0.784847013,0.797960175,0.782661486,0.779990287,0.794560466,0.800631374,0.794803303,0.798203011,0.791160758,0.804759592,0.795531812,0.808402137,0.799368472,0.800340053
GCF_029338235.1,Haloarcula rara,0.858245959,0.585393905,0.691776883,0.698964922,0.711615871,0.74813111,0.757619321,0.792121909,0.797584819,0.795284646,0.793559517,0.80506038,0.800460035,0.805635423,0.812248419,0.815698677,0.814548591,0.822835778,0.819384527,0.832039114,0.826287029,0.822260569,0.830313489,0.829163072,0.838941616,0.827149842,0.830313489,0.829450676,0.84124245
GCF_029338275.1,Haloarcula ordinaria,0.854421139,0.60016488,0.70348997,0.676284694,0.698543556,0.764770541,0.760373729,0.765869744,0.785930201,0.791151415,0.791975818,0.793349821,0.806815059,0.817257488,0.797471833,0.806540258,0.80351745,0.811761473,0.8213795,0.820555098,0.821654301,0.824677109,0.822478703,0.827150316,0.829348722,0.811761473,0.842539159,0.827102804,0.834433443
GCF_029338335.1,Halomontanus rarus,0.812454812,0.563147374,0.637833909,0.618026531,0.671815373,0.69761948,0.704706524,0.722696711,0.728875159,0.735417045,0.736143921,0.746865346,0.736143921,0.745593313,0.738687988,0.750136289,0.75395239,0.755042704,0.763401781,0.765764129,0.762311466,0.763765219,0.769761948,0.78102853,0.76953835,0.784766406,0.773313943,0.780039993,0.763861116
GCF_029338375.1,Halorussus lipolyticus,0.843519305,0.569142286,0.666666667,0.638659665,0.688922231,0.723430858,0.751687922,0.771692923,0.763940985,0.767191798,0.773693423,0.784946237,0.779194799,0.777194299,0.788697174,0.798449612,0.80020005,0.804701175,0.80020005,0.797699425,0.817454364,0.811452863,0.816954239,0.819454864,0.819454864,0.818204551,0.809452363,0.812703176,0.812953238
GCF_029338395.1,Halorussus caseinilyticus,0.846015264,0.581351981,0.69044289,0.658041958,0.694172494,0.736363636,0.755710956,0.760839161,0.772727273,0.779254079,0.774825175,0.782517483,0.787179487,0.783449883,0.791142191,0.785081585,0.799067599,0.8,0.803496503,0.798601399,0.804428904,0.814219114,0.807925408,0.816083916,0.814219114,0.82027972,0.816083916,0.822610723,0.813986014
GCF_029854155.1,Methanonatronarchaeum sp. AMET-Sl,0.327922078,0.288015464,0.242268041,0.254510309,0.267396907,0.273840206,0.297680412,0.326030928,0.288659794,0.300902062,0.322809278,0.351159794,0.330541237,0.328608247,0.342783505,0.327963918,0.356958763,0.358891753,0.355025773,0.326675258,0.329252577,0.349226804,0.331829897,0.338273196,0.331185567,0.334407216,0.344072165,0.333762887,0.342139175
GCF_030273315.1,Natrialbaceae archaeon AArc-T1-2,0.810567471,0.609144543,0.674041298,0.652212389,0.699705015,0.724483776,0.731563422,0.746312684,0.751327434,0.757227139,0.745132743,0.755752212,0.761356932,0.755162242,0.756637168,0.772861357,0.778761062,0.774926254,0.783185841,0.767846608,0.778171091,0.789675516,0.783185841,0.781415929,0.791445428,0.76519174,0.784070796,0.787315634,0.787610619
GCF_030734285.1,Natronococcus sp. AD-5,0.830430818,0.580772262,0.662529551,0.627068558,0.68144208,0.713750985,0.722813239,0.753743105,0.743498818,0.74428684,0.765169425,0.765563436,0.769503546,0.766351458,0.772655634,0.775807723,0.772324069,0.779026217,0.780208949,0.793219003,0.788685196,0.797161443,0.799053441,0.789940828,0.800591716,0.801183432,0.798027613,0.798619329,0.806114398
GCF_038024865.1,Oxyplasma meridianum,0.403237574,0.275534442,0.331947743,0.293942993,0.325415677,0.337885986,0.35391924,0.36935867,0.367577197,0.386579572,0.396674584,0.406175772,0.390736342,0.388954869,0.398456057,0.412707838,0.396674584,0.404394299,0.399049881,0.388954869,0.397268409,0.397862233,0.406769596,0.389548694,0.387173397,0.368764846,0.406769596,0.400831354,0.369952494
GCF_035666295.1,Haloarcula sp. GH36,0.827987604,0.572765073,0.678534304,0.671517672,0.688669439,0.729989605,0.751559252,0.773128898,0.759615385,0.766632017,0.767931393,0.788461538,0.775467775,0.78950104,0.786382536,0.783264033,0.790800416,0.784303534,0.787422037,0.790800416,0.796724721,0.78554718,0.797504549,0.795165064,0.804003119,0.804523005,0.794385235,0.79386535,0.802963348
GCF_036584055.1,Halalkalicoccus sp. FCH27,0.823436535,0.640009166,0.676214482,0.665902841,0.714252979,0.730980752,0.754812099,0.754353804,0.769706691,0.779560037,0.764207149,0.759624198,0.77543538,0.773373052,0.78116407,0.778643446,0.795371219,0.794683776,0.799725023,0.784601283,0.796516957,0.798808433,0.789184235,0.808661778,0.806828598,0.808617923,0.807242723,0.800320954,0.801925722
GCF_036429475.1,Halalkalicoccus sp. CGA53,0.854490148,0.675578035,0.71194605,0.71194605,0.755057803,0.796001927,0.794075145,0.805154143,0.819123314,0.818159923,0.810211946,0.825626204,0.820327553,0.830684008,0.813824663,0.824662813,0.831165703,0.835741811,0.84128131,0.838872832,0.835982659,0.844412331,0.839836224,0.849470135,0.841040462,0.848265896,0.851361118,0.846543002,0.844374849
GCF_037198285.1,Haladaptatus sp. DJG-WS-42,0.758728367,0.512211669,0.592265943,0.596675712,0.632971506,0.641791045,0.657734057,0.681139756,0.690298507,0.689620081,0.694708277,0.718113976,0.722523745,0.699457259,0.710651289,0.705563094,0.714382632,0.712008141,0.730325645,0.72761194,0.717096336,0.719470828,0.71743555,0.727272727,0.722184532,0.718792402,0.719131615,0.720149254,0.724898236
GCF_037914945.1,Haloterrigena sp. KLK7,0.867547425,0.588711491,0.672813132,0.642905329,0.707218349,0.725657747,0.74926917,0.776028783,0.77827749,0.772655723,0.783449517,0.793793569,0.79109512,0.806611199,0.803463009,0.80053969,0.81020913,0.81358219,0.817629863,0.819653699,0.813132449,0.828423656,0.822127277,0.83625731,0.836707152,0.836482231,0.832883491,0.830146232,0.835696601
GCF_040435975.1,Halobacterium sp. NMX12-1,0.884550406,0.636868244,0.745252702,0.733859188,0.764826176,0.811860941,0.823838738,0.832018697,0.835232252,0.85363716,0.841367222,0.845457201,0.84312007,0.856266433,0.848670757,0.84312007,0.863277826,0.856850716,0.874671341,0.862401402,0.864738533,0.861817119,0.865907099,0.869412796,0.867290266,0.875767319,0.869044139,0.866705642,0.869336451
GCF_041228365.1,Methanothermobacter sp. KEPCO 2,0.564062823,0.424071991,0.422947132,0.417322835,0.419010124,0.436445444,0.428008999,0.449381327,0.461192351,0.477502812,0.496625422,0.488751406,0.505624297,0.513498313,0.513498313,0.522497188,0.515748031,0.529246344,0.53712036,0.528121485,0.532620922,0.534308211,0.505061867,0.527559055,0.53629713,0.526167698,0.537422622,0.540236353,0.544738323