Accession,Species,codon_1,codon_2,codon_3,codon_4,codon_5,codon_6,codon_7,codon_8,codon_9,codon_10,codon_11,codon_12,codon_13,codon_14,codon_15,codon_16,codon_17,codon_18,codon_19,codon_20,codon_21,codon_22,codon_23,codon_24,codon_25,codon_26,codon_27,codon_28,codon_29,codon_30
GCF_001458655.1,Methanobacterium formicicum,0.434,0.429,0.454,0.436,0.44,0.445,0.439,0.438,0.453,0.442,0.435,0.439,0.441,0.441,0.444,0.442,0.442,0.443,0.446,0.447,0.432,0.433,0.442,0.436,0.441,0.441,0.439,0.452,0.441,0.436
GCF_022846155.1,Methanobrevibacter smithii,0.326,0.329,0.334,0.326,0.331,0.329,0.313,0.334,0.329,0.32,0.328,0.337,0.333,0.339,0.331,0.317,0.334,0.326,0.328,0.325,0.327,0.332,0.338,0.325,0.328,0.34,0.334,0.33,0.324,0.335
GCF_026684035.1,Methanogenium organophilum,0.513,0.519,0.51,0.514,0.509,0.513,0.524,0.519,0.509,0.527,0.503,0.516,0.514,0.51,0.509,0.518,0.514,0.516,0.509,0.518,0.52,0.513,0.517,0.521,0.512,0.514,0.517,0.509,0.531,0.512
GCF_019263745.1,Methanospirillum hungatei,0.434,0.438,0.441,0.438,0.431,0.431,0.433,0.441,0.43,0.424,0.435,0.437,0.424,0.437,0.439,0.437,0.432,0.432,0.434,0.434,0.434,0.439,0.444,0.435,0.429,0.425,0.428,0.438,0.435,0.429
GCF_019669945.1,Methanosarcina mazei,0.441,0.434,0.436,0.448,0.45,0.438,0.439,0.447,0.44,0.431,0.448,0.447,0.434,0.449,0.442,0.434,0.43,0.441,0.436,0.436,0.444,0.449,0.439,0.449,0.437,0.443,0.452,0.448,0.438,0.445
GCF_029232225.1,Haloferax volcanii,0.664,0.665,0.669,0.675,0.661,0.675,0.672,0.663,0.675,0.671,0.668,0.668,0.672,0.668,0.667,0.669,0.668,0.661,0.669,0.664,0.675,0.663,0.662,0.674,0.667,0.674,0.667,0.674,0.67,0.673
GCF_000275865.1,Methanofollis liminatans DSM 4140,0.621,0.635,0.626,0.615,0.63,0.623,0.631,0.632,0.621,0.636,0.63,0.617,0.628,0.638,0.626,0.629,0.628,0.631,0.618,0.628,0.627,0.628,0.633,0.629,0.625,0.633,0.632,0.628,0.621,0.626
GCF_002355655.1,Halorubrum trapanicum,0.691,0.695,0.693,0.696,0.692,0.7,0.699,0.693,0.699,0.692,0.698,0.702,0.698,0.689,0.703,0.692,0.698,0.693,0.696,0.691,0.696,0.702,0.695,0.694,0.698,0.696,0.701,0.699,0.695,0.696
GCF_024662215.1,Methanoplanus endosymbiosus,0.436,0.433,0.437,0.433,0.444,0.438,0.437,0.434,0.43,0.443,0.429,0.435,0.435,0.442,0.433,0.437,0.431,0.436,0.431,0.44,0.435,0.436,0.435,0.424,0.443,0.433,0.434,0.439,0.435,0.443
GCF_003052125.1,Methanococcus maripaludis,0.339,0.329,0.326,0.336,0.329,0.335,0.356,0.343,0.328,0.34,0.339,0.34,0.34,0.347,0.342,0.336,0.345,0.344,0.349,0.34,0.355,0.344,0.325,0.338,0.347,0.347,0.357,0.342,0.339,0.333
GCF_019669925.1,Methanobrevibacter arboriphilus,0.298,0.296,0.296,0.297,0.292,0.282,0.292,0.293,0.288,0.29,0.294,0.296,0.288,0.291,0.292,0.286,0.289,0.3,0.295,0.293,0.292,0.285,0.289,0.288,0.298,0.297,0.297,0.29,0.296,0.291
GCF_002761295.1,Methanohalophilus portucalensis,0.422,0.428,0.432,0.425,0.438,0.425,0.432,0.426,0.439,0.428,0.423,0.432,0.433,0.437,0.428,0.433,0.434,0.442,0.434,0.427,0.43,0.438,0.449,0.434,0.437,0.442,0.439,0.429,0.431,0.436
GCF_004803735.1,Halomicrobium mukohataei,0.664,0.666,0.67,0.675,0.656,0.663,0.672,0.67,0.661,0.664,0.672,0.668,0.664,0.664,0.665,0.663,0.666,0.667,0.666,0.672,0.673,0.668,0.664,0.665,0.668,0.661,0.663,0.664,0.667,0.67
GCF_002813695.1,Methanobacterium subterraneum,0.413,0.425,0.428,0.416,0.416,0.417,0.418,0.413,0.421,0.42,0.427,0.411,0.426,0.426,0.419,0.428,0.428,0.421,0.424,0.427,0.427,0.419,0.416,0.426,0.43,0.419,0.422,0.426,0.416,0.422
GCF_005890195.1,Natrinema pallidum,0.656,0.644,0.659,0.642,0.645,0.654,0.643,0.656,0.652,0.652,0.649,0.655,0.65,0.646,0.652,0.651,0.65,0.649,0.647,0.655,0.657,0.646,0.652,0.644,0.651,0.644,0.653,0.65,0.652,0.65
GCF_900036045.1,Methanoculleus bourgensis,0.61,0.615,0.605,0.62,0.625,0.622,0.623,0.618,0.62,0.614,0.618,0.617,0.612,0.618,0.612,0.614,0.622,0.628,0.619,0.612,0.612,0.616,0.621,0.617,0.618,0.615,0.611,0.619,0.619,0.614
GCF_900095295.1,Methanobacterium congolense,0.422,0.426,0.429,0.412,0.415,0.415,0.418,0.417,0.415,0.414,0.419,0.41,0.421,0.417,0.42,0.422,0.411,0.411,0.416,0.42,0.418,0.414,0.422,0.406,0.415,0.432,0.417,0.423,0.424,0.416
GCF_019669965.1,Methanoculleus chikugoensis,0.635,0.626,0.629,0.63,0.637,0.641,0.64,0.636,0.643,0.639,0.624,0.631,0.631,0.638,0.639,0.629,0.632,0.639,0.628,0.64,0.631,0.641,0.636,0.629,0.628,0.635,0.617,0.63,0.64,0.637
GCF_017357525.1,Methanofollis aquaemaris,0.604,0.614,0.606,0.606,0.614,0.62,0.605,0.611,0.612,0.622,0.613,0.607,0.609,0.616,0.606,0.617,0.611,0.61,0.612,0.607,0.614,0.615,0.616,0.618,0.618,0.613,0.617,0.614,0.61,0.613
GCF_963667985.1,uncultured Methanocorpusculum sp.,0.511,0.511,0.508,0.509,0.511,0.517,0.517,0.511,0.512,0.511,0.524,0.508,0.516,0.514,0.516,0.511,0.523,0.509,0.504,0.512,0.507,0.517,0.516,0.528,0.515,0.525,0.517,0.508,0.526,0.523
GCF_022870485.1,Halococcus dombrowskii,0.634,0.633,0.634,0.632,0.632,0.63,0.627,0.633,0.636,0.631,0.64,0.642,0.634,0.624,0.631,0.634,0.626,0.63,0.639,0.632,0.632,0.627,0.631,0.629,0.637,0.626,0.636,0.632,0.638,0.632
GCF_963678545.1,uncultured Methanomethylovorans sp.,0.413,0.407,0.411,0.414,0.414,0.417,0.417,0.414,0.407,0.413,0.404,0.415,0.413,0.413,0.412,0.407,0.411,0.411,0.418,0.406,0.407,0.413,0.412,0.411,0.409,0.406,0.405,0.409,0.413,0.413
GCF_000007345.1,Methanosarcina acetivorans C2A,0.45,0.446,0.453,0.456,0.454,0.45,0.452,0.454,0.456,0.436,0.451,0.457,0.46,0.449,0.456,0.447,0.448,0.451,0.446,0.446,0.445,0.454,0.45,0.458,0.456,0.452,0.455,0.448,0.455,0.453
GCF_000007065.1,Methanosarcina mazei Go1,0.446,0.441,0.435,0.446,0.447,0.444,0.444,0.443,0.442,0.435,0.45,0.448,0.44,0.445,0.445,0.439,0.435,0.445,0.436,0.439,0.439,0.454,0.448,0.454,0.436,0.446,0.448,0.447,0.443,0.448
GCF_025914035.1,Methanoculleus submarinus,0.629,0.628,0.63,0.639,0.643,0.64,0.647,0.636,0.643,0.641,0.626,0.637,0.639,0.641,0.639,0.636,0.637,0.637,0.64,0.638,0.639,0.643,0.641,0.64,0.64,0.633,0.635,0.635,0.641,0.636
GCF_000970205.1,Methanosarcina mazei S-6,0.443,0.441,0.433,0.449,0.445,0.445,0.442,0.443,0.438,0.435,0.447,0.445,0.439,0.441,0.443,0.441,0.43,0.443,0.438,0.437,0.442,0.451,0.446,0.447,0.439,0.448,0.448,0.449,0.44,0.445
GCF_963665675.1,uncultured Methanolobus sp.,0.415,0.413,0.422,0.414,0.413,0.424,0.418,0.42,0.414,0.423,0.42,0.419,0.415,0.422,0.425,0.421,0.42,0.427,0.422,0.411,0.409,0.425,0.413,0.422,0.412,0.424,0.416,0.419,0.428,0.42
GCF_021233435.1,Halobacterium noricense,0.651,0.659,0.659,0.655,0.653,0.663,0.658,0.66,0.669,0.657,0.656,0.656,0.659,0.651,0.662,0.66,0.659,0.656,0.655,0.663,0.665,0.659,0.656,0.661,0.665,0.655,0.657,0.667,0.656,0.66
GCF_024508235.1,Halococcus qingdaonensis,0.672,0.655,0.66,0.656,0.656,0.648,0.66,0.659,0.664,0.657,0.666,0.666,0.659,0.655,0.648,0.658,0.655,0.661,0.663,0.648,0.658,0.645,0.657,0.658,0.652,0.648,0.657,0.656,0.663,0.651
GCF_000404165.1,Methanobrevibacter sp. AbM4,0.338,0.328,0.327,0.324,0.334,0.326,0.316,0.332,0.331,0.324,0.335,0.33,0.342,0.324,0.338,0.326,0.341,0.339,0.337,0.33,0.327,0.331,0.324,0.325,0.327,0.332,0.331,0.331,0.33,0.324
GCF_001477655.1,Methanobrevibacter millerae,0.333,0.343,0.337,0.342,0.328,0.339,0.328,0.337,0.327,0.329,0.33,0.339,0.341,0.334,0.341,0.342,0.339,0.338,0.331,0.339,0.33,0.337,0.336,0.342,0.337,0.345,0.328,0.334,0.331,0.347
GCF_000013725.1,Methanococcoides burtonii DSM 6242,0.412,0.413,0.416,0.434,0.416,0.428,0.429,0.426,0.423,0.416,0.418,0.424,0.415,0.429,0.438,0.424,0.421,0.421,0.414,0.423,0.427,0.419,0.428,0.416,0.422,0.421,0.424,0.426,0.423,0.414
GCF_963668415.1,uncultured Methanospirillum sp.,0.491,0.479,0.489,0.482,0.485,0.486,0.486,0.487,0.484,0.484,0.488,0.485,0.491,0.486,0.488,0.488,0.482,0.492,0.483,0.488,0.484,0.491,0.491,0.482,0.489,0.484,0.482,0.483,0.489,0.482
GCF_000011585.1,Methanococcus maripaludis S2,0.337,0.328,0.327,0.327,0.334,0.334,0.349,0.343,0.335,0.327,0.348,0.338,0.341,0.346,0.343,0.339,0.341,0.352,0.348,0.342,0.352,0.342,0.327,0.338,0.343,0.343,0.35,0.34,0.343,0.338
GCF_000591055.1,Natronomonas moolapensis 8.8.11,0.66,0.651,0.66,0.653,0.657,0.654,0.654,0.66,0.664,0.658,0.652,0.655,0.653,0.662,0.647,0.648,0.653,0.662,0.652,0.662,0.668,0.653,0.651,0.646,0.659,0.653,0.656,0.656,0.653,0.648
GCF_000011085.1,Haloarcula marismortui ATCC 43049,0.622,0.628,0.624,0.62,0.614,0.629,0.62,0.627,0.628,0.623,0.618,0.63,0.625,0.63,0.618,0.625,0.615,0.62,0.628,0.622,0.621,0.627,0.622,0.627,0.625,0.623,0.627,0.626,0.627,0.616
GCF_001563245.1,Methanobrevibacter olleyae,0.304,0.301,0.304,0.303,0.307,0.292,0.299,0.31,0.311,0.299,0.294,0.308,0.311,0.315,0.305,0.316,0.307,0.315,0.317,0.306,0.298,0.304,0.312,0.3,0.311,0.307,0.311,0.293,0.315,0.308
GCF_019633745.1,Methanofollis formosanus,0.613,0.626,0.617,0.619,0.624,0.635,0.627,0.619,0.624,0.621,0.625,0.627,0.621,0.622,0.627,0.621,0.619,0.62,0.62,0.622,0.619,0.629,0.621,0.626,0.622,0.622,0.62,0.618,0.626,0.627
GCF_000025685.1,Haloferax volcanii DS2,0.663,0.663,0.667,0.674,0.665,0.669,0.668,0.664,0.674,0.667,0.665,0.666,0.669,0.663,0.669,0.666,0.664,0.659,0.665,0.66,0.666,0.667,0.664,0.664,0.669,0.675,0.669,0.668,0.669,0.673
GCF_000013445.1,Methanospirillum hungatei JF-1,0.466,0.462,0.46,0.464,0.459,0.48,0.462,0.465,0.465,0.456,0.46,0.465,0.456,0.464,0.463,0.469,0.468,0.462,0.472,0.459,0.46,0.462,0.466,0.464,0.455,0.459,0.468,0.448,0.469,0.463
GCF_000009185.1,Haloquadratum walsbyi DSM 16790,0.497,0.499,0.489,0.49,0.49,0.487,0.49,0.5,0.496,0.488,0.491,0.492,0.486,0.498,0.483,0.5,0.484,0.492,0.492,0.502,0.493,0.497,0.49,0.497,0.497,0.49,0.492,0.483,0.493,0.49
GCF_000015825.1,Methanoculleus marisnigri JR1,0.63,0.628,0.626,0.64,0.644,0.639,0.646,0.634,0.645,0.64,0.625,0.638,0.638,0.638,0.641,0.636,0.637,0.639,0.64,0.635,0.64,0.647,0.642,0.639,0.639,0.633,0.635,0.635,0.642,0.636
GCF_000016125.1,Methanococcus maripaludis C5,0.334,0.341,0.339,0.336,0.325,0.337,0.343,0.33,0.339,0.334,0.339,0.338,0.339,0.338,0.342,0.348,0.339,0.344,0.35,0.348,0.348,0.342,0.332,0.332,0.348,0.341,0.355,0.34,0.339,0.331
GCF_000281695.1,Natrinema sp. J7-2,0.65,0.646,0.65,0.639,0.645,0.651,0.645,0.655,0.652,0.65,0.652,0.654,0.653,0.643,0.65,0.651,0.648,0.65,0.647,0.65,0.655,0.643,0.653,0.644,0.648,0.647,0.652,0.651,0.648,0.65
GCF_000015765.1,Methanocorpusculum labreanum Z,0.513,0.507,0.518,0.516,0.52,0.517,0.51,0.522,0.508,0.513,0.536,0.512,0.511,0.525,0.524,0.519,0.521,0.52,0.511,0.519,0.518,0.53,0.528,0.528,0.517,0.521,0.516,0.521,0.524,0.521
GCF_000022205.1,Halorubrum lacusprofundi ATCC 49239,0.657,0.652,0.653,0.667,0.657,0.656,0.656,0.657,0.657,0.652,0.657,0.65,0.653,0.651,0.654,0.656,0.65,0.65,0.655,0.643,0.649,0.657,0.649,0.655,0.648,0.652,0.661,0.647,0.655,0.657
GCF_000016525.1,Methanobrevibacter smithii ATCC 35061,0.321,0.333,0.332,0.317,0.327,0.331,0.317,0.33,0.334,0.316,0.329,0.333,0.334,0.338,0.329,0.323,0.327,0.329,0.326,0.324,0.323,0.331,0.329,0.325,0.33,0.343,0.34,0.328,0.325,0.335
GCF_000018465.1,Nitrosopumilus maritimus SCM1,0.344,0.351,0.339,0.351,0.346,0.35,0.337,0.345,0.352,0.34,0.347,0.348,0.351,0.338,0.353,0.333,0.357,0.347,0.336,0.346,0.344,0.343,0.358,0.342,0.339,0.35,0.345,0.345,0.337,0.352
GCF_000023965.1,Halomicrobium mukohataei DSM 12286,0.664,0.665,0.67,0.676,0.656,0.663,0.671,0.67,0.661,0.663,0.672,0.668,0.664,0.664,0.666,0.662,0.666,0.668,0.668,0.672,0.673,0.669,0.663,0.666,0.668,0.661,0.663,0.663,0.667,0.671
GCF_000021965.1,Methanosphaerula palustris E1-9c,0.569,0.583,0.571,0.57,0.57,0.57,0.563,0.567,0.575,0.57,0.58,0.575,0.572,0.573,0.568,0.573,0.571,0.573,0.577,0.574,0.573,0.577,0.57,0.567,0.572,0.576,0.573,0.572,0.574,0.573
GCF_013388255.1,Methanolobus zinderi,0.455,0.442,0.463,0.458,0.454,0.457,0.459,0.459,0.456,0.454,0.464,0.461,0.454,0.457,0.46,0.46,0.458,0.465,0.452,0.461,0.445,0.462,0.461,0.459,0.463,0.463,0.44,0.472,0.463,0.457
GCF_000025625.1,Natrialba magadii ATCC 43099,0.616,0.619,0.622,0.62,0.621,0.628,0.622,0.62,0.628,0.625,0.621,0.618,0.631,0.621,0.627,0.625,0.619,0.624,0.623,0.628,0.62,0.627,0.631,0.617,0.621,0.623,0.627,0.617,0.627,0.615
GCF_000327485.1,Methanoregula formicica SMSP,0.561,0.559,0.571,0.574,0.57,0.565,0.575,0.577,0.575,0.568,0.565,0.564,0.562,0.579,0.564,0.567,0.57,0.564,0.566,0.572,0.566,0.573,0.569,0.567,0.561,0.566,0.575,0.561,0.568,0.572
GCF_003990725.2,Halorubrum sp. PV6,0.676,0.675,0.671,0.679,0.681,0.673,0.675,0.666,0.675,0.679,0.676,0.675,0.674,0.674,0.681,0.669,0.678,0.672,0.672,0.677,0.678,0.684,0.668,0.68,0.667,0.678,0.677,0.68,0.669,0.681
GCF_000223905.1,Haloarcula hispanica ATCC 33960,0.634,0.644,0.635,0.637,0.635,0.639,0.634,0.641,0.638,0.634,0.64,0.641,0.641,0.644,0.632,0.641,0.632,0.638,0.64,0.639,0.635,0.632,0.641,0.635,0.638,0.637,0.643,0.643,0.638,0.642
GCF_000024185.1,Methanobrevibacter ruminantium M1,0.378,0.369,0.364,0.374,0.374,0.368,0.367,0.37,0.378,0.365,0.367,0.363,0.369,0.371,0.361,0.381,0.365,0.371,0.377,0.368,0.379,0.368,0.371,0.365,0.369,0.372,0.366,0.357,0.37,0.373
GCF_000828535.1,Methanococcus maripaludis KA1,0.344,0.336,0.326,0.336,0.327,0.332,0.356,0.337,0.333,0.339,0.334,0.341,0.341,0.348,0.341,0.332,0.343,0.344,0.349,0.344,0.357,0.335,0.326,0.339,0.346,0.349,0.349,0.338,0.339,0.333
GCF_000828555.1,Methanococcus maripaludis OS7,0.34,0.33,0.326,0.336,0.328,0.336,0.357,0.343,0.327,0.34,0.339,0.34,0.34,0.347,0.341,0.337,0.346,0.344,0.349,0.341,0.355,0.342,0.324,0.339,0.347,0.347,0.357,0.342,0.339,0.333
GCF_000196655.1,Methanohalobium evestigatum Z-7303,0.372,0.383,0.39,0.373,0.382,0.372,0.383,0.377,0.392,0.372,0.379,0.381,0.386,0.376,0.376,0.375,0.377,0.381,0.376,0.374,0.381,0.371,0.386,0.376,0.38,0.381,0.39,0.379,0.372,0.386
GCF_003856835.1,Haloplanus aerogenes,0.667,0.661,0.668,0.662,0.669,0.662,0.67,0.667,0.667,0.666,0.661,0.675,0.665,0.671,0.663,0.664,0.667,0.67,0.671,0.67,0.672,0.667,0.67,0.661,0.666,0.665,0.67,0.673,0.665,0.668
GCF_018200015.1,Haloarcula sinaiiensis ATCC 33800,0.614,0.618,0.623,0.612,0.606,0.622,0.62,0.616,0.627,0.617,0.615,0.624,0.621,0.629,0.612,0.618,0.614,0.617,0.624,0.618,0.618,0.622,0.616,0.62,0.616,0.621,0.622,0.624,0.622,0.615
GCF_000217995.1,Methanosalsum zhilinae DSM 4017,0.407,0.404,0.413,0.405,0.407,0.417,0.409,0.395,0.393,0.413,0.4,0.424,0.408,0.412,0.408,0.41,0.412,0.403,0.414,0.404,0.407,0.403,0.41,0.41,0.416,0.41,0.407,0.42,0.406,0.404
GCF_000147875.1,Methanolacinia petrolearia DSM 11571,0.486,0.495,0.489,0.491,0.479,0.491,0.492,0.491,0.494,0.484,0.49,0.485,0.489,0.496,0.486,0.488,0.486,0.499,0.487,0.489,0.493,0.49,0.489,0.5,0.497,0.488,0.483,0.498,0.491,0.481
GCF_004799685.1,Halobellus limi,0.667,0.666,0.673,0.663,0.668,0.666,0.666,0.671,0.677,0.672,0.67,0.67,0.664,0.669,0.671,0.674,0.673,0.675,0.67,0.67,0.668,0.669,0.661,0.672,0.67,0.67,0.665,0.677,0.669,0.664
GCF_030296735.1,Methanobacterium petrolearium,0.395,0.399,0.401,0.401,0.394,0.397,0.401,0.401,0.4,0.404,0.404,0.396,0.397,0.399,0.414,0.403,0.407,0.394,0.399,0.403,0.401,0.403,0.391,0.399,0.404,0.391,0.397,0.413,0.401,0.405
GCF_030296715.1,Methanobacterium ferruginis,0.402,0.4,0.402,0.394,0.39,0.389,0.404,0.387,0.395,0.394,0.399,0.389,0.395,0.399,0.397,0.401,0.394,0.405,0.4,0.398,0.39,0.398,0.393,0.385,0.394,0.388,0.393,0.402,0.403,0.393
GCF_025998175.1,Nitrosopumilus zosterae,0.343,0.341,0.349,0.357,0.35,0.354,0.348,0.344,0.343,0.344,0.336,0.351,0.344,0.337,0.342,0.352,0.342,0.342,0.347,0.344,0.34,0.335,0.365,0.336,0.339,0.348,0.344,0.351,0.347,0.348
GCF_002906575.1,Salinigranum rubrum,0.666,0.667,0.665,0.665,0.666,0.676,0.664,0.669,0.675,0.668,0.666,0.669,0.673,0.667,0.667,0.665,0.669,0.668,0.667,0.672,0.666,0.666,0.658,0.668,0.664,0.662,0.665,0.671,0.672,0.669
GCF_000237865.1,Haloquadratum walsbyi C23,0.502,0.496,0.484,0.491,0.488,0.496,0.493,0.5,0.498,0.488,0.491,0.488,0.493,0.491,0.474,0.503,0.485,0.49,0.487,0.504,0.489,0.493,0.492,0.497,0.494,0.487,0.496,0.479,0.492,0.489
GCF_001027005.1,Methanosarcina barkeri CM1,0.415,0.424,0.423,0.42,0.422,0.418,0.43,0.421,0.419,0.418,0.426,0.424,0.418,0.423,0.425,0.423,0.418,0.426,0.425,0.422,0.424,0.428,0.424,0.427,0.414,0.421,0.419,0.412,0.43,0.421
GCF_000328525.1,Halovivax ruber XH-70,0.645,0.649,0.653,0.657,0.644,0.656,0.648,0.656,0.657,0.651,0.648,0.652,0.654,0.664,0.654,0.645,0.653,0.654,0.647,0.655,0.654,0.65,0.655,0.655,0.648,0.655,0.652,0.658,0.648,0.647
GCF_000328665.1,Methanomethylovorans hollandica DSM 15978,0.431,0.426,0.438,0.439,0.428,0.441,0.435,0.431,0.431,0.442,0.433,0.438,0.43,0.432,0.433,0.445,0.432,0.435,0.434,0.429,0.431,0.432,0.436,0.432,0.438,0.44,0.428,0.445,0.442,0.432
GCF_000214725.1,Methanobacterium paludis,0.384,0.389,0.381,0.394,0.389,0.387,0.381,0.393,0.383,0.386,0.385,0.379,0.394,0.393,0.388,0.396,0.39,0.379,0.389,0.373,0.383,0.391,0.379,0.378,0.382,0.388,0.383,0.394,0.384,0.388
GCF_013415905.1,Halosimplex pelagicum,0.679,0.673,0.675,0.679,0.671,0.677,0.679,0.676,0.679,0.676,0.678,0.679,0.68,0.681,0.679,0.676,0.676,0.677,0.674,0.679,0.676,0.674,0.679,0.671,0.674,0.673,0.677,0.679,0.677,0.672
GCF_013415885.1,Halosimplex rubrum,0.685,0.682,0.688,0.687,0.679,0.684,0.684,0.684,0.686,0.685,0.683,0.685,0.685,0.684,0.687,0.68,0.681,0.681,0.678,0.686,0.68,0.681,0.682,0.686,0.683,0.676,0.687,0.684,0.687,0.685
GCF_000191585.1,Methanobacterium lacus,0.375,0.388,0.378,0.382,0.383,0.379,0.381,0.383,0.375,0.37,0.374,0.383,0.388,0.386,0.375,0.386,0.387,0.382,0.376,0.393,0.377,0.389,0.381,0.372,0.388,0.396,0.384,0.384,0.38,0.384
GCF_000243255.1,Methanoplanus limicola DSM 2279,0.444,0.428,0.442,0.433,0.436,0.435,0.433,0.433,0.432,0.435,0.437,0.429,0.435,0.443,0.436,0.445,0.439,0.427,0.43,0.436,0.434,0.426,0.437,0.432,0.444,0.437,0.438,0.437,0.433,0.435
GCF_963677065.1,uncultured Methanoregula sp.,0.569,0.568,0.554,0.554,0.566,0.566,0.562,0.563,0.561,0.561,0.571,0.559,0.561,0.565,0.562,0.571,0.562,0.561,0.558,0.562,0.552,0.558,0.562,0.562,0.559,0.57,0.562,0.555,0.56,0.564
GCF_020700235.1,Haladaptatus pallidirubidus,0.575,0.583,0.579,0.575,0.572,0.579,0.583,0.578,0.577,0.586,0.582,0.58,0.584,0.582,0.574,0.577,0.58,0.577,0.577,0.584,0.574,0.578,0.578,0.581,0.586,0.582,0.579,0.58,0.58,0.585
GCF_019823105.1,Halobaculum magnesiiphilum,0.686,0.682,0.686,0.688,0.686,0.681,0.684,0.681,0.687,0.689,0.684,0.687,0.683,0.691,0.69,0.689,0.692,0.684,0.68,0.685,0.681,0.688,0.681,0.684,0.69,0.678,0.685,0.686,0.685,0.695
GCF_002355635.1,Halopenitus persicus,0.67,0.666,0.667,0.671,0.673,0.672,0.683,0.671,0.676,0.673,0.678,0.665,0.662,0.667,0.666,0.668,0.674,0.666,0.673,0.664,0.668,0.671,0.663,0.669,0.667,0.67,0.669,0.67,0.668,0.67
GCF_000220645.1,Methanococcus maripaludis X1,0.34,0.332,0.325,0.335,0.331,0.332,0.351,0.341,0.334,0.328,0.339,0.343,0.34,0.344,0.341,0.332,0.346,0.346,0.346,0.341,0.349,0.346,0.326,0.337,0.345,0.35,0.346,0.335,0.343,0.335
GCF_002788215.1,Halohasta litchfieldiae,0.608,0.602,0.596,0.605,0.6,0.604,0.606,0.604,0.61,0.604,0.606,0.606,0.607,0.606,0.602,0.601,0.607,0.608,0.6,0.607,0.603,0.603,0.602,0.602,0.596,0.603,0.597,0.609,0.596,0.607
GCF_024498335.1,Halobellus inordinatus,0.652,0.656,0.646,0.651,0.651,0.654,0.651,0.641,0.656,0.659,0.646,0.653,0.652,0.649,0.652,0.644,0.651,0.657,0.649,0.654,0.65,0.648,0.648,0.649,0.653,0.656,0.664,0.661,0.652,0.655
GCF_000304355.2,Methanoculleus bourgensis MS2,0.619,0.617,0.619,0.62,0.627,0.62,0.628,0.618,0.62,0.621,0.62,0.62,0.614,0.624,0.624,0.614,0.628,0.629,0.626,0.615,0.613,0.62,0.629,0.62,0.615,0.625,0.621,0.627,0.621,0.618
GCF_000299365.1,Candidatus Nitrosopumilus koreensis AR1,0.354,0.339,0.339,0.362,0.349,0.349,0.348,0.348,0.35,0.344,0.353,0.352,0.341,0.353,0.354,0.346,0.36,0.341,0.343,0.345,0.349,0.344,0.348,0.338,0.345,0.351,0.35,0.349,0.344,0.35
GCF_000299395.1,Candidatus Nitrosopumilus sediminis,0.334,0.343,0.342,0.344,0.335,0.343,0.34,0.346,0.337,0.333,0.346,0.339,0.342,0.338,0.348,0.34,0.35,0.34,0.337,0.339,0.348,0.338,0.346,0.342,0.341,0.343,0.34,0.345,0.34,0.336
GCF_000404225.1,Candidatus Methanomassiliicoccus intestinalis Issoire-Mx1,0.428,0.417,0.422,0.419,0.421,0.419,0.427,0.412,0.42,0.433,0.419,0.427,0.424,0.423,0.423,0.422,0.433,0.436,0.431,0.425,0.409,0.43,0.43,0.415,0.421,0.417,0.419,0.425,0.417,0.422
GCF_030518575.1,Candidatus Nitrosotenuis chungbukensis,0.425,0.427,0.417,0.431,0.434,0.427,0.431,0.434,0.429,0.42,0.428,0.435,0.426,0.423,0.432,0.42,0.426,0.432,0.415,0.427,0.428,0.429,0.433,0.424,0.433,0.424,0.433,0.427,0.423,0.437
GCF_000802205.1,Candidatus Nitrosocosmicus oleophilus,0.361,0.36,0.365,0.353,0.363,0.35,0.369,0.348,0.365,0.362,0.365,0.358,0.361,0.362,0.352,0.368,0.362,0.376,0.351,0.363,0.348,0.362,0.355,0.35,0.369,0.365,0.356,0.366,0.356,0.362
GCF_025231485.1,Salinirubellus salinus,0.694,0.69,0.696,0.697,0.687,0.698,0.692,0.694,0.691,0.696,0.688,0.697,0.688,0.695,0.695,0.697,0.692,0.693,0.689,0.692,0.692,0.694,0.686,0.696,0.693,0.689,0.694,0.69,0.7,0.693
GCF_902383905.1,Candidatus Methanomassiliicoccus intestinalis,0.427,0.419,0.422,0.419,0.422,0.418,0.426,0.412,0.422,0.432,0.418,0.427,0.424,0.425,0.426,0.42,0.433,0.437,0.432,0.423,0.408,0.429,0.43,0.414,0.418,0.416,0.419,0.425,0.419,0.422
GCF_000812185.1,Candidatus Nitrosopelagicus brevis,0.332,0.338,0.34,0.342,0.344,0.334,0.332,0.339,0.34,0.328,0.332,0.328,0.335,0.34,0.334,0.336,0.334,0.336,0.326,0.331,0.34,0.331,0.329,0.348,0.337,0.339,0.329,0.341,0.332,0.34
GCF_000504565.1,Haloarcula hispanica N601,0.634,0.644,0.634,0.635,0.635,0.639,0.634,0.641,0.638,0.633,0.639,0.641,0.642,0.644,0.631,0.641,0.632,0.638,0.638,0.639,0.633,0.632,0.639,0.635,0.637,0.637,0.642,0.643,0.638,0.642
GCF_000969945.1,Methanosarcina sp. Kolksee,0.427,0.421,0.43,0.436,0.427,0.431,0.43,0.423,0.429,0.429,0.431,0.43,0.428,0.434,0.422,0.432,0.436,0.43,0.42,0.43,0.422,0.438,0.431,0.435,0.426,0.432,0.424,0.427,0.433,0.426
GCF_000970045.1,Methanosarcina sp. MTP4,0.495,0.497,0.492,0.493,0.495,0.501,0.493,0.501,0.493,0.491,0.493,0.497,0.487,0.495,0.487,0.496,0.495,0.491,0.479,0.501,0.489,0.492,0.495,0.499,0.486,0.491,0.493,0.49,0.488,0.486
GCF_000970005.1,Methanosarcina sp. WH1,0.452,0.447,0.443,0.45,0.457,0.447,0.44,0.443,0.44,0.448,0.449,0.441,0.441,0.454,0.45,0.444,0.44,0.448,0.443,0.449,0.433,0.444,0.45,0.453,0.444,0.456,0.443,0.445,0.445,0.44
GCF_000969965.1,Methanosarcina sp. WWM596,0.451,0.442,0.442,0.447,0.45,0.447,0.436,0.443,0.437,0.438,0.442,0.441,0.435,0.452,0.45,0.442,0.44,0.444,0.441,0.447,0.435,0.443,0.448,0.45,0.435,0.455,0.442,0.447,0.436,0.442
GCF_000970325.1,Methanococcoides methylutens MM1,0.462,0.452,0.45,0.448,0.464,0.455,0.466,0.466,0.466,0.451,0.464,0.458,0.455,0.455,0.467,0.455,0.469,0.456,0.459,0.461,0.452,0.46,0.462,0.456,0.464,0.455,0.47,0.457,0.46,0.468
GCF_000970065.1,Methanosarcina barkeri 227,0.414,0.424,0.422,0.421,0.425,0.419,0.427,0.422,0.419,0.421,0.424,0.425,0.42,0.427,0.424,0.423,0.424,0.428,0.419,0.421,0.422,0.427,0.421,0.429,0.419,0.425,0.413,0.418,0.429,0.426
GCF_000970305.1,Methanosarcina barkeri 3,0.42,0.418,0.423,0.425,0.426,0.426,0.423,0.418,0.43,0.414,0.418,0.427,0.415,0.423,0.421,0.419,0.42,0.424,0.414,0.416,0.421,0.426,0.423,0.432,0.413,0.422,0.424,0.413,0.421,0.429
GCF_000970025.1,Methanosarcina barkeri MS,0.421,0.43,0.416,0.417,0.431,0.414,0.429,0.42,0.42,0.419,0.422,0.425,0.424,0.422,0.425,0.423,0.422,0.421,0.42,0.421,0.418,0.432,0.421,0.424,0.42,0.424,0.421,0.416,0.43,0.424
GCF_000969985.1,Methanosarcina barkeri str. Wiesmoor,0.424,0.422,0.428,0.424,0.419,0.419,0.426,0.422,0.419,0.421,0.422,0.423,0.413,0.427,0.416,0.42,0.423,0.424,0.416,0.42,0.427,0.422,0.429,0.424,0.421,0.425,0.42,0.417,0.421,0.423
GCF_000970285.1,Methanosarcina horonobensis HB-1 = JCM 15518,0.438,0.441,0.436,0.438,0.439,0.44,0.444,0.441,0.438,0.431,0.438,0.443,0.441,0.447,0.446,0.447,0.434,0.434,0.432,0.437,0.44,0.437,0.443,0.444,0.433,0.436,0.441,0.441,0.447,0.443
GCF_000970265.1,Methanosarcina lacustris Z-7289,0.448,0.448,0.446,0.442,0.446,0.447,0.44,0.45,0.443,0.443,0.449,0.449,0.447,0.45,0.447,0.451,0.443,0.451,0.452,0.441,0.44,0.449,0.444,0.454,0.445,0.443,0.449,0.452,0.441,0.445
GCF_000970245.1,Methanosarcina mazei C16,0.448,0.438,0.439,0.445,0.449,0.444,0.444,0.447,0.44,0.438,0.447,0.449,0.437,0.449,0.443,0.438,0.435,0.437,0.439,0.443,0.446,0.45,0.441,0.45,0.438,0.445,0.456,0.449,0.444,0.451
GCF_000970225.1,Methanosarcina mazei LYC,0.441,0.437,0.432,0.447,0.45,0.438,0.445,0.448,0.435,0.433,0.447,0.445,0.433,0.444,0.442,0.438,0.44,0.439,0.434,0.439,0.442,0.45,0.443,0.457,0.44,0.447,0.45,0.449,0.447,0.448
GCF_000970185.1,Methanosarcina mazei SarPi,0.442,0.444,0.438,0.447,0.45,0.441,0.443,0.446,0.437,0.44,0.448,0.445,0.438,0.443,0.45,0.441,0.437,0.443,0.44,0.443,0.451,0.449,0.448,0.453,0.442,0.448,0.455,0.449,0.446,0.448
GCF_025035885.1,Methanosarcina mazei TMA,0.44,0.434,0.439,0.445,0.447,0.437,0.442,0.445,0.442,0.435,0.447,0.445,0.434,0.446,0.443,0.436,0.434,0.442,0.434,0.437,0.444,0.447,0.439,0.452,0.438,0.443,0.451,0.449,0.439,0.447
GCF_000970165.1,Methanosarcina mazei WWM610,0.443,0.441,0.437,0.445,0.448,0.442,0.449,0.446,0.439,0.436,0.452,0.447,0.435,0.453,0.448,0.439,0.433,0.44,0.441,0.444,0.446,0.45,0.444,0.449,0.44,0.449,0.452,0.448,0.442,0.45
GCF_000970145.1,Methanosarcina siciliae C2J,0.452,0.449,0.453,0.445,0.446,0.446,0.456,0.45,0.448,0.438,0.444,0.449,0.457,0.459,0.451,0.444,0.444,0.451,0.445,0.444,0.44,0.453,0.447,0.453,0.445,0.448,0.452,0.45,0.457,0.451
GCF_000970125.1,Methanosarcina siciliae HI350,0.455,0.462,0.453,0.458,0.463,0.454,0.461,0.456,0.457,0.448,0.457,0.458,0.464,0.46,0.46,0.452,0.451,0.457,0.454,0.448,0.449,0.455,0.455,0.457,0.454,0.457,0.455,0.454,0.461,0.456
GCF_000970085.1,Methanosarcina siciliae T4/M,0.452,0.458,0.456,0.457,0.459,0.452,0.459,0.454,0.452,0.449,0.453,0.458,0.456,0.464,0.457,0.453,0.451,0.455,0.453,0.446,0.451,0.453,0.456,0.454,0.448,0.455,0.457,0.455,0.458,0.457
GCF_000969905.1,Methanosarcina vacuolata Z-761,0.424,0.422,0.43,0.433,0.424,0.433,0.429,0.421,0.426,0.427,0.427,0.422,0.425,0.426,0.426,0.43,0.432,0.432,0.417,0.432,0.42,0.436,0.43,0.436,0.422,0.43,0.424,0.424,0.427,0.425
GCF_034480035.2,Methanosphaera sp. ISO3-F5,0.324,0.333,0.327,0.323,0.328,0.323,0.32,0.325,0.321,0.319,0.321,0.326,0.339,0.315,0.333,0.326,0.339,0.325,0.328,0.323,0.323,0.334,0.339,0.333,0.322,0.333,0.331,0.324,0.329,0.326
GCF_023093535.1,Halovivax limisalsi,0.676,0.669,0.68,0.68,0.672,0.674,0.678,0.674,0.673,0.673,0.681,0.678,0.673,0.678,0.668,0.678,0.678,0.669,0.68,0.672,0.679,0.673,0.671,0.674,0.671,0.674,0.674,0.678,0.672,0.681
GCF_013407145.1,Nitrosopumilus cobalaminigenes,0.332,0.339,0.331,0.333,0.335,0.332,0.325,0.336,0.336,0.319,0.339,0.341,0.331,0.326,0.339,0.336,0.336,0.331,0.335,0.334,0.328,0.333,0.34,0.339,0.34,0.333,0.339,0.328,0.339,0.329
GCF_013407185.1,Nitrosopumilus ureiphilus,0.343,0.343,0.335,0.346,0.339,0.337,0.343,0.34,0.338,0.334,0.34,0.341,0.345,0.337,0.346,0.345,0.345,0.342,0.343,0.334,0.335,0.349,0.342,0.34,0.341,0.347,0.34,0.347,0.341,0.336
GCF_024498195.1,Halovivax cerinus,0.661,0.652,0.661,0.659,0.654,0.655,0.655,0.666,0.66,0.651,0.659,0.654,0.657,0.666,0.663,0.661,0.665,0.657,0.652,0.659,0.659,0.659,0.654,0.663,0.655,0.662,0.658,0.659,0.656,0.654
GCF_024228675.1,Salinigranum marinum,0.67,0.669,0.67,0.664,0.669,0.676,0.67,0.673,0.673,0.671,0.672,0.667,0.673,0.675,0.671,0.673,0.67,0.673,0.668,0.663,0.672,0.671,0.669,0.671,0.668,0.669,0.676,0.677,0.671,0.672
GCF_003342675.1,Haloplanus rubicundus,0.676,0.671,0.672,0.668,0.666,0.669,0.674,0.671,0.673,0.671,0.673,0.677,0.667,0.674,0.669,0.668,0.669,0.678,0.671,0.677,0.669,0.671,0.673,0.667,0.676,0.673,0.672,0.679,0.674,0.673
GCF_041431065.1,Nitrosopumilus adriaticus,0.337,0.346,0.337,0.344,0.337,0.337,0.34,0.345,0.343,0.333,0.341,0.34,0.341,0.327,0.348,0.345,0.345,0.34,0.341,0.335,0.343,0.34,0.343,0.336,0.34,0.344,0.341,0.344,0.342,0.334
GCF_000875775.1,Nitrosopumilus piranensis,0.345,0.351,0.342,0.358,0.342,0.35,0.338,0.345,0.342,0.336,0.348,0.348,0.34,0.353,0.349,0.344,0.36,0.345,0.333,0.351,0.344,0.345,0.345,0.346,0.341,0.354,0.346,0.34,0.344,0.344
GCF_020217425.1,Halomicrobium urmianum,0.682,0.682,0.682,0.687,0.684,0.68,0.686,0.692,0.683,0.688,0.687,0.685,0.682,0.69,0.691,0.683,0.681,0.683,0.686,0.685,0.684,0.688,0.679,0.683,0.681,0.681,0.678,0.678,0.693,0.683
GCF_000827835.1,Haloarcula sp. CBA1115,0.634,0.634,0.63,0.632,0.629,0.635,0.627,0.636,0.633,0.624,0.638,0.636,0.637,0.639,0.631,0.634,0.625,0.634,0.635,0.636,0.632,0.626,0.633,0.639,0.63,0.628,0.639,0.639,0.634,0.638
GCF_000955905.1,Candidatus Nitrosotenuis cloacae,0.416,0.414,0.414,0.416,0.424,0.42,0.407,0.419,0.415,0.428,0.414,0.406,0.411,0.41,0.416,0.413,0.431,0.427,0.41,0.412,0.411,0.416,0.409,0.413,0.424,0.416,0.417,0.421,0.419,0.417
GCF_001548675.1,Methanobrevibacter sp. YE315,0.359,0.363,0.368,0.354,0.36,0.362,0.354,0.353,0.373,0.35,0.357,0.369,0.365,0.349,0.371,0.362,0.367,0.359,0.355,0.363,0.368,0.352,0.361,0.357,0.361,0.366,0.356,0.357,0.364,0.368
GCF_003058365.1,Halococcoides cellulosivorans,0.659,0.661,0.672,0.671,0.655,0.668,0.668,0.668,0.673,0.662,0.669,0.668,0.667,0.66,0.665,0.67,0.66,0.671,0.666,0.673,0.669,0.674,0.663,0.659,0.665,0.669,0.67,0.664,0.663,0.668
GCF_024227995.1,Halomicrococcus gelatinilyticus,0.687,0.689,0.691,0.688,0.686,0.692,0.686,0.683,0.691,0.693,0.693,0.694,0.683,0.69,0.688,0.689,0.686,0.692,0.683,0.69,0.687,0.687,0.689,0.688,0.697,0.69,0.689,0.689,0.691,0.691
GCF_013391105.1,Natronomonas salina,0.688,0.685,0.69,0.69,0.689,0.687,0.682,0.685,0.689,0.694,0.688,0.688,0.682,0.687,0.689,0.689,0.688,0.687,0.69,0.693,0.688,0.68,0.687,0.688,0.683,0.679,0.694,0.68,0.688,0.686
GCF_029633965.1,Methanogenium sp. S4BF,0.539,0.54,0.539,0.537,0.533,0.531,0.542,0.532,0.54,0.537,0.528,0.538,0.538,0.528,0.532,0.539,0.539,0.526,0.533,0.536,0.545,0.537,0.54,0.537,0.537,0.531,0.534,0.533,0.539,0.542
GCF_003268005.1,Methanosphaera sp. BMS,0.356,0.352,0.354,0.36,0.341,0.346,0.358,0.348,0.361,0.356,0.345,0.35,0.358,0.367,0.352,0.358,0.359,0.354,0.361,0.363,0.339,0.361,0.358,0.363,0.351,0.363,0.355,0.355,0.348,0.353
GCF_900696045.1,Candidatus Nitrosocosmicus franklandus,0.361,0.358,0.365,0.362,0.362,0.36,0.361,0.367,0.366,0.36,0.357,0.371,0.356,0.359,0.36,0.361,0.361,0.363,0.361,0.371,0.363,0.359,0.363,0.358,0.366,0.358,0.357,0.353,0.352,0.366
GCF_009762275.1,Haloplanus rallus,0.686,0.666,0.68,0.674,0.68,0.679,0.677,0.682,0.674,0.676,0.678,0.674,0.674,0.684,0.673,0.673,0.672,0.679,0.674,0.678,0.678,0.679,0.678,0.672,0.683,0.669,0.684,0.678,0.674,0.681
GCF_001870125.1,Candidatus Nitrosocosmicus hydrocola,0.357,0.355,0.361,0.359,0.362,0.356,0.358,0.359,0.357,0.355,0.358,0.367,0.355,0.356,0.36,0.369,0.359,0.354,0.359,0.365,0.357,0.36,0.353,0.351,0.356,0.358,0.354,0.362,0.369,0.36
GCF_002787055.1,Candidatus Nitrosotenuis aquarius,0.434,0.429,0.428,0.432,0.43,0.429,0.433,0.438,0.433,0.423,0.422,0.433,0.427,0.42,0.425,0.429,0.44,0.432,0.436,0.419,0.427,0.425,0.425,0.426,0.434,0.42,0.431,0.435,0.43,0.437
GCF_003721175.2,Halarchaeum sp. CBA1220,0.69,0.683,0.7,0.686,0.692,0.697,0.692,0.691,0.699,0.69,0.695,0.691,0.697,0.689,0.7,0.692,0.687,0.694,0.689,0.692,0.697,0.686,0.693,0.687,0.694,0.696,0.696,0.692,0.692,0.687
GCF_002025255.2,Halolamina sp. CBA1230,0.678,0.681,0.677,0.672,0.671,0.677,0.672,0.671,0.681,0.676,0.676,0.671,0.678,0.681,0.668,0.673,0.684,0.678,0.667,0.676,0.685,0.673,0.676,0.672,0.67,0.67,0.673,0.685,0.675,0.67
GCF_003721435.2,Halorubrum sp. CBA1229,0.684,0.678,0.682,0.692,0.682,0.684,0.691,0.694,0.689,0.685,0.687,0.685,0.684,0.684,0.693,0.691,0.692,0.678,0.686,0.685,0.687,0.686,0.683,0.688,0.686,0.686,0.695,0.691,0.691,0.685
GCF_002156965.1,Candidatus Nitrosomarinus catalina,0.318,0.32,0.321,0.321,0.321,0.326,0.321,0.324,0.317,0.308,0.323,0.334,0.322,0.317,0.326,0.317,0.332,0.319,0.308,0.313,0.324,0.312,0.321,0.313,0.323,0.322,0.321,0.317,0.313,0.321
GCF_900177045.1,Candidatus Nitrosotalea okcheonensis,0.386,0.386,0.378,0.378,0.386,0.369,0.382,0.378,0.384,0.386,0.388,0.389,0.377,0.39,0.396,0.379,0.378,0.395,0.373,0.392,0.388,0.394,0.381,0.376,0.396,0.386,0.391,0.388,0.391,0.379
GCF_002813675.1,Methanobacterium sp. MZ-A1,0.413,0.422,0.432,0.411,0.407,0.417,0.417,0.412,0.423,0.422,0.429,0.42,0.428,0.426,0.424,0.426,0.424,0.423,0.426,0.43,0.422,0.419,0.418,0.434,0.433,0.425,0.423,0.421,0.416,0.425
GCF_024498175.1,Haloplanus salinarum,0.687,0.671,0.683,0.677,0.679,0.684,0.68,0.685,0.681,0.68,0.685,0.681,0.679,0.683,0.674,0.677,0.672,0.682,0.681,0.677,0.68,0.677,0.678,0.674,0.683,0.672,0.685,0.681,0.676,0.683
GCF_013407165.1,Nitrosopumilus oxyclinae,0.338,0.335,0.339,0.336,0.332,0.332,0.335,0.337,0.329,0.333,0.346,0.335,0.33,0.328,0.335,0.33,0.337,0.326,0.337,0.325,0.338,0.328,0.333,0.34,0.335,0.33,0.338,0.334,0.337,0.327
GCF_963457545.1,Nitrosopumilus sp.,0.368,0.369,0.373,0.369,0.356,0.37,0.371,0.371,0.368,0.366,0.365,0.361,0.363,0.378,0.37,0.365,0.375,0.367,0.365,0.374,0.357,0.365,0.374,0.373,0.366,0.365,0.367,0.373,0.366,0.358
GCF_021233415.1,Halobacterium litoreum,0.691,0.693,0.701,0.69,0.689,0.695,0.692,0.697,0.688,0.692,0.695,0.702,0.689,0.695,0.696,0.705,0.692,0.688,0.695,0.7,0.69,0.695,0.698,0.69,0.697,0.685,0.694,0.693,0.692,0.685
GCF_019880245.1,Halobaculum roseum,0.69,0.684,0.688,0.694,0.681,0.687,0.685,0.682,0.693,0.689,0.69,0.681,0.685,0.69,0.689,0.694,0.689,0.688,0.681,0.688,0.687,0.687,0.69,0.688,0.693,0.678,0.686,0.689,0.684,0.692
GCF_013407275.1,Candidatus Nitrosotenuis sp. DW1,0.415,0.414,0.417,0.417,0.433,0.416,0.416,0.434,0.415,0.418,0.417,0.423,0.424,0.416,0.421,0.42,0.425,0.423,0.408,0.419,0.418,0.422,0.428,0.415,0.425,0.414,0.425,0.419,0.423,0.43
GCF_013407385.1,Nitrosarchaeum sp. AC2,0.33,0.337,0.343,0.342,0.336,0.342,0.33,0.339,0.339,0.335,0.336,0.334,0.334,0.339,0.339,0.321,0.349,0.333,0.342,0.325,0.339,0.332,0.337,0.325,0.334,0.329,0.337,0.338,0.329,0.336
GCF_004114375.1,Halorubrum sp. BOL3-1,0.672,0.662,0.675,0.67,0.669,0.666,0.676,0.677,0.667,0.671,0.671,0.664,0.666,0.666,0.669,0.672,0.672,0.667,0.669,0.667,0.667,0.67,0.668,0.67,0.668,0.67,0.675,0.663,0.673,0.677
GCF_006740685.1,Candidatus Nitrosopumilus sp. SW,0.343,0.346,0.336,0.346,0.339,0.344,0.333,0.34,0.342,0.332,0.34,0.346,0.342,0.34,0.349,0.34,0.354,0.345,0.332,0.338,0.347,0.339,0.349,0.345,0.343,0.346,0.343,0.342,0.343,0.349
GCF_005155585.1,Haloprofundus sp. MHR1,0.678,0.661,0.667,0.671,0.664,0.666,0.661,0.661,0.675,0.668,0.667,0.665,0.675,0.672,0.669,0.666,0.674,0.661,0.672,0.675,0.668,0.668,0.667,0.666,0.666,0.666,0.672,0.669,0.676,0.66
GCF_032878975.1,Methanoplanus sp. FWC-SCC4,0.421,0.426,0.425,0.423,0.419,0.411,0.423,0.423,0.422,0.416,0.407,0.42,0.422,0.423,0.427,0.426,0.419,0.423,0.417,0.412,0.418,0.425,0.428,0.427,0.427,0.42,0.425,0.421,0.421,0.418
GCF_009617995.1,Halomicrobium sp. LC1Hm,0.664,0.667,0.67,0.671,0.656,0.665,0.669,0.661,0.659,0.665,0.67,0.671,0.66,0.668,0.663,0.666,0.666,0.666,0.664,0.668,0.679,0.662,0.663,0.665,0.665,0.664,0.667,0.665,0.67,0.67
GCF_011602445.1,Haloarcula sp. JP-L23,0.643,0.65,0.643,0.649,0.645,0.651,0.654,0.651,0.645,0.646,0.649,0.653,0.638,0.652,0.651,0.65,0.646,0.654,0.649,0.644,0.644,0.649,0.649,0.651,0.647,0.646,0.654,0.647,0.645,0.651
GCF_013267195.1,Halorubrum salinarum,0.692,0.694,0.695,0.7,0.69,0.694,0.692,0.688,0.705,0.701,0.698,0.696,0.692,0.694,0.698,0.695,0.689,0.691,0.69,0.695,0.692,0.699,0.696,0.694,0.698,0.695,0.698,0.704,0.696,0.7
GCF_013402875.1,Halorarum salinum,0.691,0.693,0.694,0.694,0.689,0.692,0.698,0.69,0.694,0.699,0.686,0.694,0.691,0.688,0.694,0.693,0.698,0.693,0.695,0.694,0.695,0.689,0.691,0.693,0.688,0.684,0.699,0.692,0.691,0.696
GCF_013401515.1,Halorarum halophilum,0.675,0.676,0.68,0.686,0.679,0.68,0.682,0.68,0.684,0.685,0.676,0.685,0.682,0.676,0.68,0.683,0.68,0.684,0.684,0.681,0.682,0.673,0.684,0.682,0.68,0.679,0.683,0.682,0.677,0.681
GCF_018128925.1,Nitrosopumilus sp. K4,0.357,0.356,0.356,0.365,0.35,0.362,0.353,0.358,0.352,0.345,0.355,0.359,0.348,0.353,0.359,0.352,0.363,0.349,0.359,0.346,0.353,0.353,0.359,0.36,0.345,0.36,0.357,0.349,0.348,0.342
GCF_027563145.1,Actinarchaeum halophilum,0.582,0.578,0.572,0.578,0.572,0.573,0.579,0.575,0.577,0.571,0.572,0.575,0.57,0.577,0.57,0.575,0.57,0.576,0.579,0.58,0.573,0.575,0.577,0.572,0.576,0.578,0.571,0.578,0.574,0.584
GCF_021184045.1,Methanococcoides orientis,0.449,0.44,0.449,0.437,0.446,0.441,0.445,0.445,0.449,0.446,0.453,0.449,0.441,0.45,0.452,0.438,0.455,0.438,0.446,0.451,0.441,0.443,0.444,0.444,0.444,0.457,0.446,0.447,0.441,0.445
GCF_018502485.1,Methanospirillum sp. J.3.6.1-F.2.7.3,0.437,0.439,0.437,0.436,0.432,0.434,0.432,0.441,0.428,0.427,0.433,0.428,0.428,0.441,0.438,0.433,0.437,0.435,0.432,0.432,0.431,0.431,0.444,0.435,0.432,0.427,0.432,0.432,0.437,0.43
GCF_019693215.1,Salinarchaeum sp. IM2453,0.485,0.48,0.485,0.479,0.488,0.488,0.489,0.485,0.485,0.496,0.47,0.487,0.483,0.481,0.484,0.482,0.483,0.481,0.483,0.486,0.473,0.48,0.488,0.466,0.484,0.488,0.484,0.477,0.479,0.468
GCF_024972755.1,Halanaeroarchaeum sp. HSR-CO,0.639,0.643,0.647,0.646,0.647,0.648,0.642,0.644,0.646,0.651,0.641,0.645,0.647,0.64,0.634,0.657,0.651,0.639,0.647,0.647,0.647,0.643,0.65,0.645,0.638,0.641,0.644,0.64,0.646,0.645
GCF_023617305.1,Methanobrevibacter sp. TLL-48-HuF1,0.318,0.318,0.327,0.31,0.317,0.32,0.306,0.326,0.323,0.311,0.315,0.322,0.324,0.328,0.323,0.313,0.328,0.314,0.327,0.315,0.322,0.323,0.326,0.317,0.312,0.321,0.333,0.326,0.314,0.321
GCF_019880225.1,Halobaculum rubrum,0.693,0.688,0.683,0.694,0.694,0.686,0.693,0.69,0.688,0.689,0.687,0.695,0.689,0.693,0.694,0.696,0.688,0.693,0.688,0.689,0.697,0.686,0.69,0.691,0.693,0.691,0.69,0.691,0.695,0.698
GCF_020097815.1,Haloprofundus salinisoli,0.666,0.654,0.658,0.654,0.655,0.646,0.661,0.656,0.663,0.661,0.657,0.665,0.663,0.663,0.66,0.661,0.659,0.654,0.661,0.65,0.666,0.655,0.666,0.654,0.666,0.658,0.656,0.666,0.656,0.653
GCF_020097835.1,Haloprofundus halobius,0.656,0.651,0.654,0.644,0.652,0.654,0.646,0.648,0.648,0.649,0.651,0.659,0.65,0.653,0.651,0.662,0.652,0.646,0.656,0.659,0.662,0.65,0.652,0.645,0.66,0.65,0.652,0.659,0.655,0.646
GCF_020405245.1,Halomicrobium salinisoli,0.692,0.69,0.691,0.69,0.693,0.695,0.7,0.699,0.695,0.691,0.699,0.692,0.691,0.697,0.694,0.693,0.698,0.689,0.702,0.693,0.695,0.694,0.695,0.693,0.69,0.698,0.692,0.686,0.695,0.695
GCF_020618475.1,Haladaptatus halobius,0.596,0.6,0.601,0.596,0.596,0.598,0.599,0.601,0.593,0.6,0.603,0.6,0.6,0.597,0.601,0.596,0.595,0.598,0.597,0.599,0.597,0.594,0.598,0.595,0.601,0.604,0.594,0.598,0.602,0.599
GCF_020614375.1,Haladaptatus salinisoli,0.636,0.636,0.636,0.638,0.636,0.632,0.638,0.642,0.631,0.633,0.64,0.644,0.638,0.637,0.632,0.638,0.64,0.634,0.64,0.635,0.636,0.639,0.638,0.632,0.638,0.644,0.635,0.637,0.64,0.638
GCF_021249345.1,Halobacterium wangiae,0.682,0.683,0.685,0.679,0.685,0.683,0.677,0.685,0.682,0.675,0.685,0.683,0.677,0.689,0.686,0.689,0.688,0.68,0.682,0.682,0.681,0.682,0.684,0.685,0.684,0.677,0.684,0.688,0.679,0.681
GCF_021249405.1,Halobacterium zhouii,0.669,0.672,0.67,0.667,0.678,0.675,0.675,0.666,0.664,0.669,0.672,0.676,0.668,0.677,0.672,0.671,0.67,0.671,0.673,0.671,0.663,0.662,0.671,0.68,0.674,0.667,0.678,0.674,0.668,0.677
GCF_021431925.1,Halobaculum sp. CBA1158,0.689,0.701,0.685,0.689,0.689,0.698,0.693,0.694,0.694,0.69,0.694,0.693,0.688,0.694,0.689,0.693,0.688,0.695,0.694,0.69,0.686,0.691,0.695,0.696,0.693,0.689,0.692,0.69,0.698,0.696
GCF_023028345.1,Halorientalis marina,0.663,0.657,0.661,0.664,0.661,0.662,0.666,0.664,0.669,0.661,0.661,0.661,0.664,0.66,0.664,0.663,0.668,0.664,0.667,0.669,0.668,0.665,0.662,0.662,0.664,0.659,0.666,0.665,0.671,0.663
GCF_023028225.1,Halorientalis litorea,0.663,0.659,0.669,0.663,0.662,0.655,0.665,0.667,0.671,0.657,0.67,0.659,0.664,0.66,0.67,0.662,0.662,0.664,0.663,0.667,0.668,0.667,0.662,0.657,0.669,0.661,0.667,0.669,0.654,0.66
GCF_026013925.1,Halocatena marina,0.555,0.559,0.558,0.558,0.555,0.556,0.558,0.556,0.557,0.563,0.567,0.556,0.558,0.555,0.56,0.555,0.562,0.56,0.563,0.557,0.562,0.558,0.56,0.557,0.554,0.556,0.552,0.549,0.559,0.55
GCF_023238205.1,Halorussus limi,0.672,0.664,0.661,0.665,0.661,0.665,0.664,0.661,0.666,0.657,0.664,0.671,0.663,0.667,0.665,0.664,0.657,0.667,0.666,0.67,0.666,0.666,0.659,0.663,0.664,0.66,0.667,0.667,0.663,0.661
GCF_023702125.1,Halorubrum hochsteinianum,0.701,0.69,0.694,0.694,0.693,0.696,0.695,0.702,0.698,0.698,0.695,0.704,0.696,0.694,0.696,0.698,0.696,0.693,0.701,0.694,0.695,0.699,0.7,0.705,0.709,0.702,0.691,0.698,0.7,0.699
GCF_023703775.1,Haloplanus sp. GDY1,0.695,0.686,0.696,0.691,0.683,0.69,0.693,0.687,0.691,0.691,0.688,0.693,0.689,0.684,0.686,0.68,0.688,0.694,0.691,0.687,0.685,0.694,0.687,0.689,0.69,0.685,0.689,0.691,0.692,0.689
GCF_037201915.1,Haloplanus sp. CK5-1,0.662,0.658,0.663,0.656,0.662,0.661,0.668,0.663,0.663,0.658,0.657,0.664,0.661,0.667,0.656,0.667,0.649,0.666,0.661,0.669,0.666,0.657,0.656,0.658,0.656,0.657,0.665,0.665,0.668,0.665
GCF_023703795.1,Haloplanus sp. HW8-1,0.665,0.66,0.661,0.667,0.661,0.667,0.664,0.663,0.663,0.661,0.656,0.664,0.66,0.663,0.659,0.663,0.655,0.668,0.661,0.665,0.662,0.664,0.659,0.665,0.661,0.654,0.66,0.672,0.663,0.667
GCF_024218795.1,Halorussus aquaticus,0.665,0.662,0.657,0.659,0.66,0.658,0.66,0.662,0.66,0.661,0.662,0.664,0.66,0.663,0.653,0.66,0.656,0.659,0.659,0.658,0.657,0.658,0.656,0.66,0.657,0.658,0.658,0.667,0.659,0.652
GCF_024138165.1,Halorussus vallis,0.676,0.669,0.666,0.677,0.673,0.671,0.669,0.675,0.674,0.668,0.674,0.672,0.673,0.674,0.673,0.673,0.666,0.672,0.67,0.672,0.673,0.668,0.671,0.676,0.67,0.671,0.672,0.681,0.673,0.671
GCF_024227715.1,Halomarina litorea,0.689,0.683,0.686,0.692,0.677,0.693,0.686,0.686,0.693,0.693,0.685,0.684,0.687,0.684,0.684,0.693,0.683,0.687,0.687,0.685,0.691,0.679,0.685,0.688,0.685,0.683,0.68,0.687,0.685,0.689
GCF_024296665.1,Salinilacihabitans rarus,0.695,0.686,0.695,0.693,0.701,0.694,0.688,0.699,0.704,0.696,0.694,0.699,0.696,0.694,0.696,0.7,0.699,0.698,0.696,0.694,0.694,0.693,0.698,0.69,0.695,0.694,0.695,0.705,0.694,0.697
GCF_024228315.1,Halomarina pelagica,0.686,0.683,0.673,0.685,0.679,0.679,0.685,0.686,0.684,0.685,0.686,0.681,0.682,0.684,0.681,0.689,0.688,0.685,0.687,0.679,0.684,0.68,0.68,0.679,0.682,0.683,0.682,0.68,0.678,0.68
GCF_024298905.1,Natronomonas marina,0.676,0.672,0.682,0.676,0.676,0.678,0.682,0.675,0.678,0.676,0.674,0.68,0.668,0.674,0.677,0.679,0.671,0.676,0.678,0.68,0.68,0.669,0.676,0.681,0.674,0.676,0.682,0.675,0.682,0.676
GCF_024298865.1,Halorarius halobius,0.682,0.674,0.675,0.682,0.673,0.679,0.684,0.68,0.678,0.671,0.68,0.68,0.682,0.679,0.675,0.675,0.678,0.678,0.674,0.683,0.68,0.68,0.676,0.679,0.676,0.684,0.677,0.682,0.681,0.68
GCF_024298885.1,Haloglomus halophilum,0.693,0.683,0.694,0.689,0.69,0.692,0.688,0.689,0.69,0.684,0.683,0.694,0.688,0.692,0.682,0.695,0.689,0.693,0.684,0.696,0.691,0.687,0.686,0.687,0.689,0.681,0.69,0.696,0.689,0.688
GCF_024298825.1,Haloglomus salinum,0.695,0.69,0.695,0.69,0.689,0.694,0.689,0.692,0.694,0.69,0.691,0.693,0.694,0.695,0.692,0.696,0.691,0.696,0.692,0.698,0.7,0.689,0.693,0.695,0.686,0.684,0.693,0.693,0.695,0.69
GCF_024362405.1,Halorarius litoreus,0.679,0.674,0.679,0.687,0.675,0.669,0.678,0.677,0.67,0.676,0.673,0.68,0.678,0.675,0.677,0.671,0.674,0.678,0.672,0.678,0.673,0.675,0.669,0.676,0.673,0.671,0.675,0.672,0.674,0.679
GCF_026248685.1,Haladaptatus caseinilyticus,0.582,0.575,0.582,0.573,0.566,0.586,0.582,0.582,0.583,0.576,0.583,0.577,0.578,0.58,0.578,0.575,0.585,0.579,0.571,0.575,0.567,0.576,0.57,0.583,0.579,0.584,0.577,0.578,0.578,0.574
GCF_028747785.1,Halosimplex aquaticum,0.665,0.676,0.674,0.675,0.675,0.671,0.665,0.673,0.673,0.674,0.672,0.676,0.678,0.678,0.67,0.671,0.67,0.672,0.672,0.683,0.675,0.672,0.671,0.679,0.672,0.668,0.679,0.681,0.677,0.674
GCF_032594435.1,Methanimicrococcus stummii,0.456,0.464,0.475,0.478,0.468,0.453,0.468,0.472,0.469,0.466,0.484,0.481,0.458,0.469,0.469,0.47,0.459,0.463,0.455,0.468,0.451,0.463,0.468,0.472,0.466,0.468,0.451,0.466,0.475,0.467
GCF_032594095.1,Methanimicrococcus hongohii,0.443,0.454,0.453,0.454,0.44,0.447,0.452,0.454,0.446,0.457,0.462,0.462,0.457,0.47,0.45,0.457,0.448,0.455,0.455,0.462,0.451,0.45,0.454,0.468,0.457,0.446,0.464,0.455,0.466,0.473
GCF_032594115.1,Methanolapillus millepedarum,0.454,0.461,0.455,0.436,0.456,0.468,0.458,0.45,0.456,0.456,0.463,0.458,0.447,0.456,0.465,0.461,0.462,0.459,0.448,0.458,0.46,0.452,0.455,0.449,0.461,0.461,0.457,0.455,0.45,0.47
GCF_032594355.1,Methanolapillus ohkumae,0.457,0.454,0.453,0.436,0.45,0.444,0.442,0.451,0.446,0.462,0.45,0.441,0.443,0.443,0.444,0.45,0.449,0.444,0.431,0.455,0.455,0.445,0.458,0.457,0.443,0.443,0.447,0.444,0.449,0.467
GCF_029490015.1,Halobaculum limi,0.661,0.666,0.663,0.668,0.661,0.672,0.656,0.665,0.671,0.665,0.667,0.665,0.662,0.667,0.663,0.669,0.659,0.671,0.661,0.668,0.672,0.655,0.664,0.669,0.669,0.657,0.664,0.67,0.666,0.666
GCF_029338555.1,Halobaculum marinum,0.699,0.701,0.698,0.696,0.689,0.702,0.692,0.694,0.697,0.696,0.697,0.703,0.703,0.7,0.695,0.7,0.697,0.7,0.696,0.701,0.698,0.694,0.694,0.695,0.702,0.69,0.691,0.701,0.697,0.692
GCF_030127125.1,Halobaculum litoreum,0.726,0.719,0.717,0.722,0.716,0.723,0.714,0.717,0.72,0.721,0.718,0.725,0.716,0.721,0.714,0.717,0.725,0.714,0.716,0.719,0.72,0.716,0.722,0.712,0.715,0.711,0.711,0.724,0.72,0.722
GCF_030127165.1,Halobaculum lipolyticum,0.714,0.71,0.717,0.712,0.71,0.715,0.71,0.711,0.709,0.713,0.711,0.716,0.712,0.716,0.713,0.712,0.714,0.712,0.71,0.712,0.713,0.714,0.714,0.707,0.718,0.704,0.707,0.715,0.716,0.714
GCF_030127145.1,Halobaculum halobium,0.686,0.68,0.683,0.679,0.682,0.683,0.683,0.675,0.676,0.681,0.678,0.686,0.682,0.691,0.683,0.685,0.688,0.685,0.682,0.673,0.688,0.676,0.681,0.683,0.69,0.676,0.68,0.68,0.684,0.682
GCF_029338195.1,Haloarcula litorea,0.686,0.688,0.687,0.692,0.681,0.696,0.686,0.694,0.691,0.688,0.686,0.686,0.692,0.697,0.69,0.689,0.694,0.686,0.687,0.691,0.682,0.687,0.686,0.691,0.69,0.685,0.687,0.692,0.692,0.691
GCF_029489995.1,Haladaptatus sp. DYSN1,0.633,0.633,0.628,0.623,0.631,0.623,0.631,0.629,0.626,0.626,0.634,0.63,0.634,0.625,0.625,0.624,0.625,0.632,0.624,0.626,0.635,0.625,0.624,0.627,0.626,0.631,0.623,0.623,0.628,0.629
GCF_029338215.1,Haladaptatus sp. YSMS36,0.632,0.631,0.628,0.622,0.626,0.624,0.629,0.624,0.624,0.624,0.632,0.628,0.63,0.622,0.625,0.626,0.621,0.629,0.628,0.624,0.633,0.625,0.624,0.628,0.623,0.627,0.627,0.623,0.626,0.629
GCF_029338575.1,Halomarina halobia,0.69,0.686,0.69,0.7,0.694,0.691,0.697,0.697,0.698,0.692,0.689,0.695,0.693,0.688,0.687,0.693,0.686,0.692,0.682,0.692,0.688,0.688,0.694,0.682,0.692,0.695,0.692,0.69,0.692,0.69
GCF_029338255.1,Haloarcula halobia,0.668,0.674,0.676,0.673,0.669,0.67,0.674,0.669,0.673,0.671,0.672,0.679,0.672,0.673,0.678,0.669,0.67,0.669,0.674,0.671,0.671,0.669,0.673,0.672,0.675,0.672,0.67,0.671,0.68,0.672
GCF_030127105.1,Haloarcula pelagica,0.661,0.657,0.661,0.667,0.655,0.668,0.656,0.666,0.659,0.656,0.665,0.664,0.655,0.672,0.664,0.66,0.662,0.668,0.662,0.664,0.658,0.666,0.658,0.662,0.664,0.662,0.659,0.661,0.662,0.662
GCF_029338295.1,Haladaptatus sp. QDMS2,0.629,0.627,0.629,0.619,0.627,0.625,0.627,0.622,0.625,0.623,0.63,0.626,0.629,0.622,0.626,0.62,0.624,0.63,0.626,0.623,0.635,0.627,0.626,0.628,0.623,0.627,0.622,0.624,0.624,0.629
GCF_029338315.1,Haloarcula sp. SYNS111,0.664,0.67,0.673,0.675,0.665,0.673,0.677,0.674,0.673,0.674,0.671,0.676,0.673,0.674,0.678,0.671,0.67,0.668,0.672,0.668,0.667,0.667,0.672,0.675,0.679,0.669,0.667,0.672,0.675,0.67
GCF_029338355.1,Halosegnis marinus,0.718,0.707,0.717,0.723,0.708,0.713,0.714,0.719,0.713,0.712,0.714,0.713,0.716,0.708,0.707,0.711,0.706,0.719,0.718,0.715,0.714,0.702,0.716,0.716,0.71,0.708,0.721,0.712,0.711,0.713
GCF_029338515.1,Haloglomus litoreum,0.702,0.698,0.701,0.697,0.699,0.693,0.702,0.699,0.7,0.695,0.699,0.699,0.696,0.697,0.693,0.702,0.695,0.702,0.7,0.702,0.698,0.7,0.696,0.699,0.698,0.694,0.706,0.702,0.695,0.695
GCF_030505615.1,Salinibaculum sp. KK48,0.614,0.619,0.614,0.617,0.612,0.625,0.616,0.62,0.619,0.614,0.612,0.613,0.622,0.617,0.623,0.614,0.618,0.616,0.623,0.614,0.616,0.616,0.617,0.614,0.618,0.622,0.615,0.622,0.611,0.617
GCF_031312535.1,Methanolobus mangrovi,0.427,0.423,0.441,0.429,0.422,0.428,0.429,0.434,0.43,0.434,0.432,0.438,0.431,0.426,0.421,0.438,0.427,0.436,0.424,0.438,0.422,0.428,0.437,0.431,0.444,0.427,0.436,0.432,0.436,0.433
GCF_031312595.1,Methanolobus sediminis,0.421,0.414,0.422,0.426,0.427,0.424,0.429,0.419,0.431,0.426,0.428,0.431,0.426,0.425,0.419,0.424,0.42,0.422,0.426,0.423,0.427,0.421,0.42,0.432,0.424,0.43,0.424,0.422,0.431,0.432
GCF_032116555.1,Halobaculum sp. XH14,0.68,0.683,0.685,0.688,0.678,0.686,0.688,0.688,0.683,0.683,0.683,0.689,0.687,0.68,0.685,0.682,0.687,0.685,0.681,0.689,0.694,0.681,0.688,0.682,0.679,0.68,0.686,0.691,0.69,0.687
GCF_040025155.1,Halobaculum sp. QDC11,0.693,0.682,0.687,0.694,0.69,0.68,0.685,0.681,0.683,0.685,0.687,0.684,0.686,0.693,0.689,0.686,0.687,0.688,0.681,0.682,0.682,0.685,0.677,0.682,0.688,0.677,0.691,0.685,0.691,0.693
GCF_032113415.1,Halobellus sp. DFY28,0.641,0.642,0.641,0.642,0.643,0.64,0.649,0.644,0.646,0.65,0.644,0.647,0.642,0.643,0.647,0.648,0.646,0.646,0.641,0.652,0.646,0.637,0.634,0.645,0.649,0.655,0.643,0.653,0.637,0.647
GCF_038022665.1,Methanolobus sp. WCC4,0.454,0.455,0.461,0.452,0.453,0.459,0.459,0.456,0.454,0.457,0.459,0.465,0.467,0.458,0.451,0.465,0.453,0.469,0.455,0.454,0.46,0.468,0.456,0.466,0.457,0.46,0.459,0.464,0.464,0.463
GCF_037338445.1,Salinibaculum sp. SYNS191,0.665,0.654,0.667,0.667,0.662,0.663,0.666,0.667,0.669,0.663,0.66,0.66,0.665,0.666,0.667,0.665,0.658,0.665,0.668,0.665,0.668,0.662,0.666,0.665,0.663,0.672,0.662,0.667,0.665,0.661
GCF_037335815.1,Salinirubellus sp. SYNS196,0.683,0.674,0.685,0.677,0.679,0.676,0.68,0.688,0.681,0.684,0.688,0.677,0.684,0.684,0.688,0.681,0.687,0.673,0.678,0.683,0.68,0.678,0.677,0.679,0.684,0.679,0.683,0.691,0.683,0.674
GCF_038446525.1,Methanolobus sp. ZRKC5,0.407,0.411,0.415,0.409,0.407,0.417,0.426,0.422,0.409,0.422,0.415,0.426,0.416,0.416,0.42,0.414,0.421,0.419,0.416,0.418,0.411,0.415,0.412,0.422,0.416,0.419,0.412,0.428,0.417,0.416
GCF_041530035.1,Halomicrobium sp. HM KBTZ05,0.67,0.67,0.676,0.675,0.667,0.669,0.673,0.67,0.665,0.67,0.673,0.671,0.667,0.674,0.668,0.667,0.67,0.677,0.671,0.669,0.682,0.665,0.666,0.668,0.675,0.662,0.668,0.672,0.671,0.671