Accession Number, Predicted Optimum Growth Temperature,Species_Accession,Species,GC_core,The_mean_GC_of_the_first_10_codons,Difference_between_core_and_first_10_codons_GC,Linear_Regression_slope,Difference_First_and_second_codons_GC,Maximum_difference_to_core,Where_max_difference,Max_Deviation_From_Core_GC
GCF_001458655.1,44.35,GCF_001458655.1,Methanobacterium_formicicum,0.443612624,0.363518365,0.080094258,0.003431017,0.006628003,0.121602129,3,-0.121602129
GCF_022846155.1,37.96,GCF_022846155.1,Methanobrevibacter_smithii,0.330461516,0.272396141,0.058065375,0.002652843,0.022839142,0.100494987,3,-0.100494987
GCF_001889405.1,45.18,GCF_001889405.1,Methanohalophilus_halophilus,0.438052081,0.377137274,0.060914807,0.003150133,-0.007002117,0.09950787,4,-0.09950787
GCF_026684035.1,38.78,GCF_026684035.1,Methanogenium_organophilum,0.517136564,0.450809317,0.066327247,0.003138897,-0.033951836,0.124190124,2,-0.124190124
GCF_019263745.1,43.41,GCF_019263745.1,Methanospirillum_hungatei,0.43355006,0.400992063,0.032557996,0.001841026,-0.03874269,0.077764763,2,-0.077764763
GCF_019669945.1,43.31,GCF_019669945.1,Methanosarcina_mazei,0.444159196,0.380412554,0.063746641,0.003013475,-0.003023028,0.091620741,4,-0.091620741
GCF_037094595.1,45.46,GCF_037094595.1,Halobacterium_salinarum,0.676225562,0.634846706,0.041378857,0.002145256,-0.028440965,0.095534108,2,-0.095534108
GCF_029232225.1,43.98,GCF_029232225.1,Haloferax_volcanii,0.671241267,0.629933876,0.041307391,0.002498507,-0.03806375,0.105710579,2,-0.105710579
GCF_009729015.1,80.86,GCF_009729015.1,Acidianus_ambivalens,0.348191099,0.332820316,0.015370784,0.00061201,0.002436835,0.037045787,5,-0.037045787
GCF_002215485.1,73.82,GCF_002215485.1,Sulfolobus_acidocaldarius,0.376982652,0.351690821,0.025291831,0.000838078,0.013250518,0.042959187,6,-0.042959187
GCF_019175305.1,82.49,GCF_019175305.1,Saccharolobus_shibatae,0.362981132,0.347307228,0.015673904,0.000718332,0.00526489,0.038861356,5,-0.038861356
GCF_900079115.1,82.83,GCF_900079115.1,Saccharolobus_solfataricus,0.366557313,0.349281654,0.017275659,0.000439286,0.006925065,0.037978502,5,-0.037978502
GCF_902384015.1,45.1,GCF_902384015.1,Methanosphaera_stadtmanae,0.298076168,0.250932476,0.047143692,0.002098148,0.005787781,0.080069737,4,-0.080069737
GCF_000275865.1,43.37,GCF_000275865.1,Methanofollis_liminatans_DSM_4140,0.629940241,0.543974832,0.085965409,0.004129606,-0.049787991,0.151072781,2,-0.151072781
GCF_002355655.1,44.97,GCF_002355655.1,Halorubrum_trapanicum,0.697791682,0.662974052,0.03481763,0.00236827,-0.028831226,0.102094188,2,-0.102094188
GCF_024662215.1,44.62,GCF_024662215.1,Methanoplanus_endosymbiosus,0.437437597,0.374273087,0.06316451,0.003018637,0.01977204,0.10061508,4,-0.10061508
GCF_014969745.1,45.11,GCF_014969745.1,Haloferax_gibbonsii,0.673376562,0.628544839,0.044831723,0.002749097,-0.032233503,0.105102451,2,-0.105102451
GCF_003052125.1,43.19,GCF_003052125.1,Methanococcus_maripaludis,0.340550864,0.305458515,0.035092349,0.00202112,0.01055313,0.072173863,3,-0.072173863
GCF_019669925.1,41.39,GCF_019669925.1,Methanobrevibacter_arboriphilus,0.292921299,0.253787879,0.03913342,0.002261017,0.022068511,0.076188756,3,-0.076188756
GCF_002761295.1,43.84,GCF_002761295.1,Methanohalophilus_portucalensis,0.433779657,0.373484848,0.060294809,0.003275994,-0.002051768,0.098868041,4,-0.098868041
GCF_003201835.2,70.85,GCF_003201835.2,Acidianus_brierleyi,0.324486478,0.318892405,0.005594073,0.000251338,0.002004219,0.028072976,5,-0.028072976
GCF_009729035.1,82.23,GCF_009729035.1,Stygiolobus_azoricus,0.384554113,0.357973036,0.026581077,0.001081512,0.022625136,0.043782378,3,-0.043782378
GCF_025449255.1,57.47,GCF_025449255.1,Methanococcus_aeolicus,0.317516163,0.271032485,0.046483678,0.002281195,0.028967515,0.0849484,3,-0.0849484
GCF_028472005.1,81.61,GCF_028472005.1,Sulfolobus_islandicus,0.35800973,0.342177105,0.015832625,0.000699905,-0.000688231,0.035458686,5,-0.035458686
GCF_023169565.1,82.86,GCF_023169565.1,Metallosphaera_sedula,0.475606291,0.426190476,0.049415815,0.002173445,-0.014013605,0.081048468,4,-0.081048468
GCF_005222525.1,83.19,GCF_005222525.1,Metallosphaera_prunae,0.47606236,0.427338129,0.04872423,0.002219444,-0.021864861,0.081648479,2,-0.081648479
GCF_002214585.1,89.41,GCF_002214585.1,Thermococcus_profundus,0.542901235,0.503585408,0.039315827,0.001712012,0.029434789,0.066621291,5,-0.066621291
GCF_001592435.1,89.11,GCF_001592435.1,Thermococcus_peptonophilus,0.526827957,0.491585445,0.035242512,0.001607638,0.021117609,0.059803915,4,-0.059803915
GCF_002214465.1,87.53,GCF_002214465.1,Thermococcus_barossii,0.560115332,0.511928105,0.048187227,0.001991024,-0.007679739,0.075965005,4,-0.075965005
GCF_014962245.1,93.22,GCF_014962245.1,Thermosphaera_aggregans,0.485139319,0.446421846,0.038717473,0.001339281,0.040725047,0.054348358,6,-0.054348358
GCF_036323395.1,102.48,GCF_036323395.1,Pyrodictium_abyssi,0.598161548,0.58748954,0.010672008,0.00015867,0.045048815,0.053442357,2,0.053442357
GCF_900012635.1,97.67,GCF_900012635.1,Thermococcus_chitonophagus,0.454736118,0.427318641,0.027417477,0.001196954,-0.008264463,0.043655616,4,-0.043655616
GCF_001433455.1,86.97,GCF_001433455.1,Thermococcus_barophilus,0.422331294,0.394928363,0.027402931,0.001091837,-0.007607455,0.041578156,5,-0.041578156
GCF_004803735.1,44.71,GCF_004803735.1,Halomicrobium_mukohataei,0.668321434,0.626995934,0.0413255,0.002265483,-0.034811068,0.103608551,2,-0.103608551
GCF_002813695.1,42.79,GCF_002813695.1,Methanobacterium_subterraneum,0.423648274,0.353281271,0.070367003,0.003177614,0.004110152,0.104152453,3,-0.104152453
GCF_010692885.1,48.68,GCF_010692885.1,Halogeometricum_borinquense,0.610684244,0.581266182,0.029418061,0.001868783,-0.02263426,0.076649332,2,-0.076649332
GCF_004799645.1,45.62,GCF_004799645.1,Natronorubrum_bangense,0.618948727,0.579756326,0.039192401,0.002138082,-0.026944705,0.092238324,2,-0.092238324
GCF_000006805.1,45.64,GCF_000006805.1,Halobacterium_salinarum_NRC-1,0.673023886,0.630604938,0.042418948,0.002154589,-0.03691358,0.095369565,2,-0.095369565
GCF_000009965.1,89.16,GCF_000009965.1,Thermococcus_kodakarensis_KOD1,0.530151809,0.493538595,0.036613214,0.001678442,0.000867303,0.064554815,4,-0.064554815
GCF_005890195.1,44.05,GCF_005890195.1,Natrinema_pallidum,0.652383345,0.614865819,0.037517526,0.002243171,-0.045550847,0.100476565,2,-0.100476565
GCF_042851265.1,77.55,GCF_042851265.1,Sulfurisphaera_ohwakuensis,0.333190606,0.319162696,0.01402791,0.000520354,0.006920808,0.034801679,5,-0.034801679
GCF_000011105.1,94.78,GCF_000011105.1,Pyrococcus_horikoshii_OT3,0.422601977,0.400088984,0.022512994,0.000754601,0.001067806,0.03890381,7,-0.03890381
GCF_002214385.1,89.37,GCF_002214385.1,Thermococcus_gorgonarius,0.524861027,0.486231102,0.038629926,0.001566565,0.003779698,0.063377946,5,-0.063377946
GCF_002214485.1,87.13,GCF_002214485.1,Thermococcus_pacificus,0.555731922,0.508098892,0.047633031,0.002039078,0.016197783,0.075084011,4,-0.075084011
GCF_002214505.1,86.93,GCF_002214505.1,Thermococcus_siculi,0.561853374,0.515437286,0.046416088,0.002090684,0.020852786,0.076170212,4,-0.076170212
GCF_031201105.1,52.89,GCF_031201105.1,Ferroplasma_acidiphilum,0.380585568,0.329507616,0.051077952,0.002526223,0.015586256,0.089760204,4,-0.089760204
GCF_000145295.1,61.55,GCF_000145295.1,Methanothermobacter_marburgensis_str._Marburg,0.50447385,0.425489068,0.078984782,0.003529204,-0.038166475,0.129330007,2,-0.129330007
GCF_900036045.1,42.97,GCF_900036045.1,Methanoculleus_bourgensis,0.619427864,0.551374688,0.068053176,0.003420165,-0.021245172,0.102954335,2,-0.102954335
GCF_005576615.1,46.41,GCF_005576615.1,Natrinema_versiforme,0.648030453,0.6061476,0.041882853,0.002371047,-0.032477889,0.099023639,2,-0.099023639
GCF_020844815.1,52.92,GCF_020844815.1,Methanothrix_sp.,0.539666876,0.472786885,0.06687999,0.003395919,-0.015983607,0.111661411,4,-0.111661411
GCF_024022995.1,90.55,GCF_024022995.1,Thermococcus_aggregans,0.439405046,0.402354095,0.03705095,0.001518724,-0.003596534,0.056374148,4,-0.056374148
GCF_001006045.1,85.44,GCF_001006045.1,Geoglobus_ahangari,0.544346441,0.498937908,0.045408533,0.001745193,-0.019117647,0.06705886,5,-0.06705886
GCF_900095295.1,44.3,GCF_900095295.1,Methanobacterium_congolense,0.420126865,0.351187936,0.06893893,0.002909016,-1.67E-15,0.101731645,2,-0.101731645
GCF_019669965.1,44.35,GCF_019669965.1,Methanoculleus_chikugoensis,0.635581329,0.556512227,0.079069102,0.003836185,-0.027670528,0.124770518,2,-0.124770518
GCF_031165565.1,45.39,GCF_031165565.1,Natrinema_thermotolerans,0.662906718,0.62418054,0.038726178,0.002235231,-0.049574547,0.108855664,2,-0.108855664
GCF_002214525.1,82.96,GCF_002214525.1,Thermococcus_sp._P6,0.56194538,0.509783282,0.052162098,0.002462419,0.005366357,0.078973244,4,-0.078973244
GCF_017357525.1,40.1,GCF_017357525.1,Methanofollis_aquaemaris,0.614506975,0.531878931,0.082628044,0.004178317,-0.041928721,0.145167352,2,-0.145167352
GCF_025397995.1,59.25,GCF_025397995.1,Methanothermobacter_wolfeii,0.504520464,0.422228271,0.082292194,0.003783475,-0.040101615,0.142517198,2,-0.142517198
GCF_027555045.1,61.1,GCF_027555045.1,Methanothermobacter_thermautotrophicus,0.514718876,0.427415525,0.08730335,0.003947923,-0.042009132,0.147230291,2,-0.147230291
GCF_027555065.1,61.54,GCF_027555065.1,Methanothermobacter_marburgensis,0.504666947,0.425819436,0.07884751,0.003521064,-0.034502588,0.127055292,2,-0.127055292
GCF_000265525.1,86.63,GCF_000265525.1,Thermococcus_cleftensis,0.570605307,0.526026074,0.044579232,0.002131348,0.001609528,0.072134359,4,-0.072134359
GCF_000265525.1,86.63,GCF_963665055.1,uncultured_Methanobacterium_sp.,0.409760774,0.343307353,0.06645342,0.003117655,0.020332091,0.115736149,3,-0.115736149
GCF_963667985.1,42.9,GCF_963667985.1,uncultured_Methanocorpusculum_sp.,0.515147929,0.449089302,0.066058627,0.003072268,0.004597701,0.105068353,3,-0.105068353
GCF_000007225.1,101.8,GCF_000007225.1,Pyrobaculum_aerophilum_str._IM2,0.524880311,0.485999485,0.038880826,0.001929741,0.042375064,0.078589739,3,-0.078589739
GCF_022870485.1,41.81,GCF_022870485.1,Halococcus_dombrowskii,0.63405312,0.610599232,0.023453887,0.001762374,-0.020447338,0.063113377,2,-0.063113377
GCF_022870485.1,41.81,GCF_963678545.1,uncultured_Methanomethylovorans_sp.,0.411518387,0.365654375,0.045864012,0.002502669,0.014048136,0.070747805,4,-0.070747805
GCF_000007305.1,93.25,GCF_000007305.1,Pyrococcus_furiosus_DSM_3638,0.409473312,0.384399551,0.025073761,0.00120848,-0.011864679,0.045035281,6,-0.045035281
GCF_000008645.1,60.97,GCF_000008645.1,Methanothermobacter_thermautotrophicus_str._Delta_H,0.515370813,0.43309973,0.082271083,0.003762422,-0.047259659,0.141965602,2,-0.141965602
GCF_002214565.1,86.89,GCF_002214565.1,Thermococcus_radiotolerans,0.569918554,0.512853598,0.057064956,0.002182825,0.004466501,0.087867272,4,-0.087867272
GCF_000007345.1,40.95,GCF_000007345.1,Methanosarcina_acetivorans_C2A,0.454825095,0.3872148,0.067610296,0.00317885,-0.00870161,0.100046061,4,-0.100046061
GCF_000007185.1,74.54,GCF_000007185.1,Methanopyrus_kandleri_AV19,0.61302379,0.595840297,0.017183493,0.000813071,0.005756732,0.029922583,6,-0.029922583
GCF_000007065.1,44.54,GCF_000007065.1,Methanosarcina_mazei_Go1,0.446162582,0.382709964,0.063452618,0.003060032,-0.008408234,0.094563085,4,-0.094563085
GCF_946300405.1,89.76,GCF_946300405.1,Thermococcus_nautili,0.553564187,0.515592982,0.037971204,0.001546212,-0.005614035,0.065283485,5,-0.065283485
GCF_025914035.1,44.27,GCF_025914035.1,Methanoculleus_submarinus,0.639107925,0.552598639,0.086509286,0.004331638,-0.034013605,0.138699762,2,-0.138699762
GCF_036967215.1,73.16,GCF_036967215.1,Sulfolobus_tengchongensis,0.347522673,0.334064748,0.013457925,0.000559718,0.013908873,0.03241476,6,-0.03241476
GCF_000970205.1,44.32,GCF_000970205.1,Methanosarcina_mazei_S-6,0.445453231,0.381893939,0.063559291,0.003064033,-0.004261364,0.094411564,4,-0.094411564
GCF_000970205.1,44.32,GCF_963665675.1,uncultured_Methanolobus_sp.,0.419378564,0.362001053,0.057377511,0.003017507,0.007372301,0.093522851,4,-0.093522851
GCF_021233435.1,44.29,GCF_021233435.1,Halobacterium_noricense,0.659818535,0.632124155,0.02769438,0.001919071,-0.031324384,0.0808411,2,-0.0808411
GCF_000008665.1,86.81,GCF_000008665.1,Archaeoglobus_fulgidus_DSM_4304,0.495954965,0.458213907,0.037741058,0.001494716,-0.00145966,0.059118447,5,-0.059118447
GCF_024508235.1,42.34,GCF_024508235.1,Halococcus_qingdaonensis,0.658149916,0.633826003,0.024323913,0.001985852,-0.012016342,0.071271762,2,-0.071271762
GCF_000404165.1,44.39,GCF_000404165.1,Methanobrevibacter_sp._AbM4,0.33245614,0.275410798,0.057045342,0.002270252,0.036580595,0.09204143,4,-0.09204143
GCF_001477655.1,34.47,GCF_001477655.1,Methanobrevibacter_millerae,0.337916126,0.274016874,0.063899252,0.002943382,0.014586015,0.094672883,3,-0.094672883
GCF_000091665.1,83.32,GCF_000091665.1,Methanocaldococcus_jannaschii_DSM_2661,0.318825666,0.292839241,0.025986425,0.000995708,0.015574651,0.042778405,6,-0.042778405
GCF_000151205.2,88.88,GCF_000151205.2,Thermococcus_sp._AM4,0.557413691,0.517356828,0.040056863,0.001645663,0.01277533,0.060791077,4,-0.060791077
GCF_000013725.1,33.4,GCF_000013725.1,Methanococcoides_burtonii_DSM_6242,0.423715493,0.363793996,0.059921497,0.003118443,0.024327122,0.101510524,4,-0.101510524
GCF_000013725.1,33.4,GCF_963668415.1,uncultured_Methanospirillum_sp.,0.486642772,0.441155899,0.045486873,0.00221054,-0.030185901,0.086035373,2,-0.086035373
GCF_000011585.1,43.31,GCF_000011585.1,Methanococcus_maripaludis_S2,0.339811321,0.308347627,0.031463694,0.001926783,0.003430532,0.064415857,3,-0.064415857
GCF_000591055.1,44.79,GCF_000591055.1,Natronomonas_moolapensis_8.8.11,0.657460317,0.627248677,0.03021164,0.001891134,-0.017943409,0.084306418,2,-0.084306418
GCF_000011125.1,99.41,GCF_000011125.1,Aeropyrum_pernix_K1,0.571894166,0.559231069,0.012663097,0.000108963,0.041959407,0.043640572,2,0.043640572
GCF_000011085.1,43.11,GCF_000011085.1,Haloarcula_marismortui_ATCC_43049,0.625402189,0.59096695,0.034435239,0.001950859,-0.023311096,0.083802619,2,-0.083802619
GCF_000195935.2,99.32,GCF_000195935.2,Pyrococcus_abyssi_GE5,0.451597823,0.429008164,0.022589659,0.00094451,0.000521105,0.040446181,4,-0.040446181
GCF_000007005.1,82.97,GCF_000007005.1,Saccharolobus_solfataricus_P2,0.366678559,0.349174293,0.017504266,0.000458634,0.008414852,0.038499322,5,-0.038499322
GCF_000011205.1,80.11,GCF_000011205.1,Sulfurisphaera_tokodaii_str._7,0.334738385,0.321367521,0.013370863,0.000467057,0.013607737,0.033793715,5,-0.033793715
GCF_000195915.1,58.59,GCF_000195915.1,Thermoplasma_acidophilum_DSM_1728,0.474758198,0.426297726,0.048460471,0.002110954,-0.004290004,0.085225808,4,-0.085225808
GCF_000011185.1,63.38,GCF_000011185.1,Thermoplasma_volcanium_GSS1,0.411658456,0.381897086,0.02976137,0.001418199,0.013225873,0.055386499,5,-0.055386499
GCF_002214545.1,87.99,GCF_002214545.1,Thermococcus_thioreducens,0.544282396,0.503708514,0.040573882,0.001701864,-0.000865801,0.072565224,4,-0.072565224
GCF_002116695.1,62.14,GCF_002116695.1,Acidianus_manzaensis,0.312391275,0.302553812,0.009837463,0.000544287,0.006566946,0.029890971,5,-0.029890971
GCF_001563245.1,37.28,GCF_001563245.1,Methanobrevibacter_olleyae,0.307814992,0.26141101,0.046403982,0.002168411,0.038125779,0.084761367,3,-0.084761367
GCF_019633745.1,38.21,GCF_019633745.1,Methanofollis_formosanus,0.625418825,0.541993153,0.083425672,0.004097468,-0.052491442,0.147924214,2,-0.147924214
GCF_024730625.1,48.56,GCF_024730625.1,Haloferax_larsenii,0.635299401,0.597445516,0.037853885,0.002226447,-0.04305109,0.099840309,2,-0.099840309
GCF_000011005.1,45.06,GCF_000011005.1,Methanocella_paludicola_SANAE,0.580725953,0.498873578,0.081852375,0.003979109,0.027340332,0.133656836,4,-0.133656836
GCF_000025685.1,44.86,GCF_000025685.1,Haloferax_volcanii_DS2,0.668584619,0.626074665,0.042509954,0.002538971,-0.026357363,0.101776604,2,-0.101776604
GCF_028471785.1,89.17,GCF_028471785.1,Thermococcus_kodakarensis,0.530063137,0.493443335,0.036619803,0.001694433,-0.003763207,0.062846464,4,-0.062846464
GCF_000013445.1,44.41,GCF_000013445.1,Methanospirillum_hungatei_JF-1,0.464757873,0.419974404,0.044783468,0.002090028,-0.036326048,0.089979373,2,-0.089979373
GCF_000012285.1,73.61,GCF_000012285.1,Sulfolobus_acidocaldarius_DSM_639,0.376500821,0.350416308,0.026084513,0.00086494,0.01205857,0.043023934,6,-0.043023934
GCF_000152265.2,52.73,GCF_000152265.2,Ferroplasma_acidarmanus_Fer1,0.378632977,0.326375152,0.052257825,0.002620835,0.015443345,0.092497284,4,-0.092497284
GCF_004126515.1,45.08,GCF_004126515.1,Halorubrum_ezzemoulense,0.67799425,0.644754676,0.033239574,0.00216583,-0.029185868,0.095090121,2,-0.095090121
GCF_000012545.1,45.1,GCF_000012545.1,Methanosphaera_stadtmanae_DSM_3091,0.298387985,0.250759034,0.047628951,0.002116831,0.005131495,0.078161344,4,-0.078161344
GCF_000016385.1,101.93,GCF_000016385.1,Pyrobaculum_arsenaticum_DSM_13514,0.566353236,0.518356902,0.047996334,0.002171121,0.016161616,0.078003068,5,-0.078003068
GCF_000211475.1,93.48,GCF_000211475.1,Pyrococcus_sp._NA2,0.430620012,0.408237067,0.022382945,0.000906264,0.003683241,0.0406987,6,-0.0406987
GCF_000026045.1,47.9,GCF_000026045.1,Natronomonas_pharaonis_DSM_2160,0.641752851,0.619591261,0.022161589,0.00156956,-0.027601597,0.069518883,2,-0.069518883
GCF_009392895.1,45.09,GCF_009392895.1,Natronorubrum_aibiense,0.628348635,0.587739645,0.04060899,0.002220539,-0.030769231,0.09312181,2,-0.09312181
GCF_000014945.1,57.96,GCF_000014945.1,Methanothrix_thermoacetophila_PT,0.548175532,0.499717833,0.048457699,0.002854883,-0.001881114,0.084669136,4,-0.084669136
GCF_000063445.1,47.29,GCF_000063445.1,Methanocella_arvoryzae_MRE50,0.571871345,0.494387755,0.07748359,0.003763999,-0.01477466,0.123635801,4,-0.123635801
GCF_000226975.2,46.86,GCF_000226975.2,Halobiforma_lacisalsi_AJ5,0.665525715,0.625269706,0.040256009,0.002243191,-0.037640759,0.09957564,2,-0.09957564
GCF_000009185.1,34.62,GCF_000009185.1,Haloquadratum_walsbyi_DSM_16790,0.489917942,0.490172274,-0.000254332,0.000802403,0.003584229,0.028130452,3,-0.028130452
GCF_000015825.1,44.09,GCF_000015825.1,Methanoculleus_marisnigri_JR1,0.63904974,0.551737661,0.08731208,0.004358278,-0.031237323,0.136683276,2,-0.136683276
GCF_000015225.1,96.37,GCF_000015225.1,Thermofilum_pendens_Hrk_5,0.586515642,0.550735931,0.035779711,0.001379378,0.04034632,0.07430785,5,-0.07430785
GCF_017352095.1,46.7,GCF_017352095.1,Natrinema_longum,0.655039746,0.61482528,0.040214465,0.00229154,-0.039182443,0.104319203,2,-0.104319203
GCF_000019605.1,88.69,GCF_000019605.1,Candidatus_Korarchaeum_cryptofilum_OPF8,0.494241956,0.492138177,0.002103778,-0.000189538,0.024617828,0.02193831,2,0.02193831
GCF_000015205.1,97.37,GCF_000015205.1,Pyrobaculum_islandicum_DSM_4184,0.500684973,0.45998446,0.040700513,0.001867625,0.036829837,0.076753349,5,-0.076753349
GCF_000385565.1,78.65,GCF_000385565.1,Archaeoglobus_sulfaticallidus_PM70-1,0.44477274,0.407129264,0.037643476,0.001315111,0.006148441,0.059763225,4,-0.059763225
GCF_000151105.2,87.66,GCF_000151105.2,Thermococcus_barophilus_MP,0.419669148,0.391666667,0.028002481,0.001211577,-0.010752688,0.047058634,5,-0.047058634
GCF_033472595.1,51.73,GCF_033472595.1,Methanoculleus_receptaculi,0.604753977,0.534124238,0.070629739,0.0035721,-0.029988466,0.117359019,2,-0.117359019
GCF_000018305.1,94.69,GCF_000018305.1,Caldivirga_maquilingensis_IC-167,0.442305658,0.426806983,0.015498675,0.00057238,0.080763583,0.055782571,3,-0.055782571
GCF_000016605.1,83.69,GCF_000016605.1,Metallosphaera_sedula_DSM_5348,0.476452407,0.426638358,0.049814049,0.002229746,-0.015852795,0.079000178,2,-0.079000178
GCF_000015945.1,84.78,GCF_000015945.1,Staphylothermus_marinus_F1,0.363345249,0.343455285,0.019889964,0.000470105,0.056097561,0.039297028,2,0.039297028
GCF_000016125.1,42.9,GCF_000016125.1,Methanococcus_maripaludis_C5,0.339599789,0.310392157,0.029207633,0.001925587,0.013368984,0.065802998,3,-0.065802998
GCF_000017165.1,46.09,GCF_000017165.1,Methanococcus_vannielii_SB,0.323352527,0.296057971,0.027294556,0.001710277,0.019710145,0.064415329,3,-0.064415329
GCF_000281695.1,44.19,GCF_000281695.1,Natrinema_sp._J7-2,0.651433418,0.613790659,0.03764276,0.002201034,-0.040414783,0.096793695,2,-0.096793695
GCF_000015765.1,41.96,GCF_000015765.1,Methanocorpusculum_labreanum_Z,0.519251193,0.444075305,0.075175889,0.003554312,-0.005352529,0.122979506,4,-0.122979506
GCF_000015805.1,105.31,GCF_000015805.1,Pyrobaculum_calidifontis_JCM_11548,0.584351714,0.534960422,0.049391292,0.002500839,0.011287013,0.08552439,5,-0.08552439
GCF_000015145.1,100.53,GCF_000015145.1,Hyperthermus_butylicus_DSM_5456,0.540394334,0.542366197,-0.001971863,-0.000356615,0.053521127,0.067680783,2,0.067680783
GCF_000022205.1,44.73,GCF_000022205.1,Halorubrum_lacusprofundi_ATCC_49239,0.656518152,0.617209046,0.039309106,0.00235927,-0.027210884,0.098970809,2,-0.098970809
GCF_000017185.1,57.48,GCF_000017185.1,Methanococcus_aeolicus_Nankai-3,0.319043077,0.270253718,0.048789359,0.002333362,0.03127734,0.090040453,3,-0.090040453
GCF_000022485.1,82.92,GCF_000022485.1,Sulfolobus_islandicus_Y.N.15.51,0.359141874,0.34542136,0.013720514,0.000542777,0.0140801,0.031649175,5,-0.031649175
GCF_000016525.1,37.3,GCF_000016525.1,Methanobrevibacter_smithii_ATCC_35061,0.329082728,0.271581921,0.057500807,0.002603391,0.026741996,0.099704197,3,-0.099704197
GCF_000024305.1,82.54,GCF_000024305.1,Sulfolobus_islandicus_L.D.8.5,0.358268048,0.34428759,0.013980458,0.000558714,0.008535785,0.030844104,5,-0.030844104
GCF_000022445.1,79.78,GCF_000022445.1,Sulfolobus_islandicus_M.16.4,0.356785618,0.337497034,0.019288583,0.000762037,0.004151839,0.035433305,6,-0.035433305
GCF_000022405.1,80.31,GCF_000022405.1,Sulfolobus_islandicus_M.14.25,0.357819589,0.340683701,0.017135888,0.000726636,0.004083538,0.037436903,5,-0.037436903
GCF_000022425.1,79.99,GCF_000022425.1,Sulfolobus_islandicus_M.16.27,0.357355947,0.339889579,0.017466368,0.00073591,0.004600874,0.038975455,5,-0.038975455
GCF_000022385.1,81.71,GCF_000022385.1,Sulfolobus_islandicus_L.S.2.15,0.356525438,0.34265174,0.013873698,0.000536147,0.006695204,0.025936041,5,-0.025936041
GCF_000018465.1,35.65,GCF_000018465.1,Nitrosopumilus_maritimus_SCM1,0.346003661,0.327411255,0.018592405,0.000925204,0.058528139,0.051458206,3,-0.051458206
GCF_000022465.1,82.76,GCF_000022465.1,Sulfolobus_islandicus_Y.G.57.14,0.359424756,0.344407196,0.01501756,0.000540015,0.013297575,0.031790383,5,-0.031790383
GCF_000025665.1,76.99,GCF_000025665.1,Aciduliprofundum_boonei_T469,0.395340248,0.372068001,0.023272247,0.001249394,-0.014848289,0.047804204,4,-0.047804204
GCF_000019805.1,96.64,GCF_000019805.1,Pyrobaculum_neutrophilum_V24Sta,0.612121766,0.568332509,0.043789257,0.002059014,0.003793502,0.074928957,5,-0.074928957
GCF_000017945.1,93.98,GCF_000017945.1,Ignicoccus_hospitalis_KIN4/I,0.567092092,0.55563825,0.011453842,0.000388601,-0.02074876,0.020181853,9,-0.020181853
GCF_000017625.1,47.84,GCF_000017625.1,Methanoregula_boonei_6A8,0.56099501,0.506144209,0.054850801,0.002781718,-0.010795682,0.084119094,2,-0.084119094
GCF_000172995.2,48.7,GCF_000172995.2,Halogeometricum_borinquense_DSM_11551,0.613282799,0.586408935,0.026873864,0.001779853,-0.026030928,0.076942593,2,-0.076942593
GCF_000069025.1,45.06,GCF_000069025.1,Halobacterium_salinarum_R1,0.671246924,0.629136604,0.04211032,0.002135112,-0.02994228,0.089837592,2,-0.089837592
GCF_000023965.1,44.66,GCF_000023965.1,Halomicrobium_mukohataei_DSM_12286,0.668421247,0.626647001,0.041774246,0.002270177,-0.035693215,0.104212791,2,-0.104212791
GCF_029633915.1,45.78,GCF_029633915.1,Methanomicrobium_antiquum,0.396,0.350172861,0.045827139,0.002561864,0.01642178,0.088307692,4,-0.088307692
GCF_000020905.1,94.25,GCF_000020905.1,Desulfurococcus_amylolyticus_1221n,0.45864825,0.433217673,0.025430577,0.000914607,0.010409438,0.055918664,5,-0.055918664
GCF_000023945.1,45.37,GCF_000023945.1,Halorhabdus_utahensis_DSM_12940,0.64150387,0.608640744,0.032863126,0.001995233,-0.024814446,0.088053111,2,-0.088053111
GCF_000021965.1,41.05,GCF_000021965.1,Methanosphaerula_palustris_E1-9c,0.574313168,0.497605634,0.076707534,0.003681829,-0.033450704,0.133233356,2,-0.133233356
GCF_000306765.2,48.35,GCF_000306765.2,Haloferax_mediterranei_ATCC_33500,0.618003876,0.587029865,0.030974011,0.001891561,-0.033651777,0.085427923,2,-0.085427923
GCF_000969885.1,49.53,GCF_000969885.1,Methanosarcina_thermophila_TM-1,0.442266611,0.381401846,0.060864765,0.003011536,0.005952381,0.091804998,4,-0.091804998
GCF_946463545.1,60.49,GCF_946463545.1,Methanothermococcus_thermolithotrophicus_DSM_2095,0.342323893,0.306440745,0.035883147,0.00187296,0.016845026,0.074388895,4,-0.074388895
GCF_019175345.1,80.98,GCF_019175345.1,Saccharolobus_shibatae_B12,0.36089916,0.343768769,0.017130392,0.000707038,0.008794509,0.035931335,6,-0.035931335
GCF_000246985.2,90.97,GCF_000246985.2,Thermococcus_litoralis_DSM_5473,0.438129241,0.407484098,0.030645143,0.001244078,0.008661524,0.044300577,5,-0.044300577
GCF_000018365.1,86.79,GCF_000018365.1,Thermococcus_onnurineus_NA1,0.524350788,0.483657523,0.040693265,0.001539408,-0.004156276,0.061507895,5,-0.061507895
GCF_000215995.1,92.88,GCF_000215995.1,Pyrococcus_yayanosii_CH1,0.523907505,0.494588859,0.029318646,0.001222688,-0.004244032,0.051051626,6,-0.051051626
GCF_013388255.1,37.05,GCF_013388255.1,Methanolobus_zinderi,0.459282379,0.386613777,0.072668602,0.003443453,0.003777862,0.113482101,4,-0.113482101
GCF_000025325.1,45.97,GCF_000025325.1,Haloterrigena_turkmenica_DSM_5511,0.658018788,0.610033167,0.047985621,0.002611993,-0.029276693,0.103037285,2,-0.103037285
GCF_000025865.1,45.32,GCF_000025865.1,Methanohalophilus_mahii_DSM_5219,0.440907978,0.375366617,0.065541361,0.00338222,-0.00823859,0.105432612,4,-0.105432612
GCF_000025625.1,42.37,GCF_000025625.1,Natrialba_magadii_ATCC_43099,0.625244989,0.589837786,0.035407203,0.001944831,-0.025763359,0.085089137,2,-0.085089137
GCF_020614395.1,47.92,GCF_020614395.1,Salarchaeum_japonicum,0.685930799,0.648140926,0.037789874,0.002423829,-0.042641706,0.112347856,2,-0.112347856
GCF_039641995.1,72.38,GCF_039641995.1,Geoglobus_acetivorans,0.476114613,0.436328901,0.039785711,0.001408707,-0.031025523,0.073852653,5,-0.073852653
GCF_000148385.1,97.95,GCF_000148385.1,Vulcanisaeta_distributa_DSM_14429,0.465634749,0.442219574,0.023415176,0.000629683,0.087405642,0.056152561,3,-0.056152561
GCF_000025285.1,88.51,GCF_000025285.1,Archaeoglobus_profundus_DSM_5631,0.422229132,0.413073312,0.00915582,0.000404902,-0.01209823,0.030752065,5,-0.030752065
GCF_000092305.1,89.85,GCF_000092305.1,Methanocaldococcus_infernus_ME,0.340821075,0.306894977,0.033926098,0.001331854,-0.028082192,0.071414683,2,-0.071414683
GCF_000023985.1,83.35,GCF_000023985.1,Methanocaldococcus_fervens_AG86,0.329090084,0.299587714,0.02950237,0.00101252,0.024324881,0.053064522,3,-0.053064522
GCF_000024625.1,77.11,GCF_000024625.1,Methanocaldococcus_vulcanius_M7,0.329241262,0.303735632,0.02550563,0.001068734,0.021455939,0.042459653,3,-0.042459653
GCF_000517445.1,86.23,GCF_000517445.1,Thermococcus_paralvinellae,0.407975003,0.379217527,0.028757475,0.001136855,-0.005946792,0.052575942,6,-0.052575942
GCF_001971705.1,47.64,GCF_001971705.1,Natronorubrum_daqingense,0.627789425,0.589266899,0.038522526,0.002048827,-0.025984463,0.088009087,2,-0.088009087
GCF_000025505.1,96.06,GCF_000025505.1,Ferroglobus_placidus_DSM_10642,0.447084073,0.42536598,0.021718093,0.000933676,-0.014250551,0.044182143,5,-0.044182143
GCF_000092465.1,87.73,GCF_000092465.1,Staphylothermus_hellenicus_DSM_12710,0.373113669,0.356347755,0.016765913,0.000355098,0.059313427,0.039439652,2,0.039439652
GCF_000022365.1,89.34,GCF_000022365.1,Thermococcus_gammatolerans_EJ3,0.545429472,0.506718702,0.03871077,0.001603617,0.013468013,0.064560173,4,-0.064560173
GCF_000327485.1,43.18,GCF_000327485.1,Methanoregula_formicica_SMSP,0.569678582,0.511340086,0.058338496,0.002938205,-0.01792991,0.089063843,2,-0.089063843
GCF_000022545.1,83.23,GCF_000022545.1,Thermococcus_sibiricus_MM_739,0.405322284,0.373333333,0.03198895,0.001556985,0.006333333,0.055155617,4,-0.055155617
GCF_003201765.2,66.23,GCF_003201765.2,Acidianus_sulfidivorans_JP7,0.316598532,0.30527307,0.011325463,0.00046847,0.004201072,0.02817321,4,-0.02817321
GCF_000092185.1,92.06,GCF_000092185.1,Thermosphaera_aggregans_DSM_11486,0.475810904,0.440104167,0.035706737,0.001220979,0.012310606,0.056303328,6,-0.056303328
GCF_003990725.2,44.07,GCF_003990725.2,Halorubrum_sp._PV6,0.677818463,0.640370977,0.037447486,0.002331536,-0.037643208,0.108260361,2,-0.108260361
GCF_000223905.1,43.7,GCF_000223905.1,Haloarcula_hispanica_ATCC_33960,0.640572877,0.600550254,0.040022623,0.002189103,-0.018828991,0.08894361,2,-0.08894361
GCF_000024185.1,31.25,GCF_000024185.1,Methanobrevibacter_ruminantium_M1,0.37254771,0.290797362,0.081750348,0.003543141,0.03072542,0.119250348,4,-0.119250348
GCF_000828535.1,43.39,GCF_000828535.1,Methanococcus_maripaludis_KA1,0.340649034,0.304410517,0.036238517,0.00203819,0.011704835,0.071607473,3,-0.071607473
GCF_000828555.1,43.13,GCF_000828555.1,Methanococcus_maripaludis_OS7,0.340658683,0.305471289,0.035187393,0.002015628,0.009931383,0.071608484,3,-0.071608484
GCF_000025525.1,84.64,GCF_000025525.1,Methanocaldococcus_sp._FS406-22,0.326146146,0.299603604,0.026542543,0.001088941,0.012252252,0.047587588,6,-0.047587588
GCF_000196655.1,42,GCF_000196655.1,Methanohalobium_evestigatum_Z-7303,0.379857482,0.334454596,0.045402886,0.002234679,0.00816722,0.065488711,6,-0.065488711
GCF_000179575.2,59.36,GCF_000179575.2,Methanothermococcus_okinawensis_IH1,0.317079153,0.279088526,0.037990627,0.001732684,0.019963702,0.063398975,3,-0.063398975
GCF_003856835.1,44.06,GCF_003856835.1,Haloplanus_aerogenes,0.669167359,0.635910179,0.033257181,0.001923178,-0.030369961,0.0802662,2,-0.0802662
GCF_018200015.1,43,GCF_018200015.1,Haloarcula_sinaiiensis_ATCC_33800,0.62124664,0.587378499,0.033868141,0.001946642,-0.018197764,0.078821733,2,-0.078821733
GCF_000144915.1,82.64,GCF_000144915.1,Acidilobus_saccharovorans_345-15,0.580727418,0.561367179,0.019360239,0.000531074,0.031841461,0.037641246,7,-0.037641246
GCF_000327505.1,73.5,GCF_000327505.1,Aciduliprofundum_sp._MAR08-339,0.448458574,0.416481118,0.031977457,0.001826826,-0.007203667,0.061643468,5,-0.061643468
GCF_000217995.1,42.44,GCF_000217995.1,Methanosalsum_zhilinae_DSM_4017,0.409206005,0.344576523,0.064629482,0.00320659,0.005778438,0.097170343,4,-0.097170343
GCF_000147875.1,40.56,GCF_000147875.1,Methanolacinia_petrolearia_DSM_11571,0.491586183,0.411004274,0.080581909,0.003938823,-0.015788224,0.124777066,4,-0.124777066
GCF_023167465.1,72.51,GCF_023167465.1,Methanothermobacter_tenebrarum,0.42717666,0.377634541,0.049542119,0.002481127,-0.003273992,0.084225974,4,-0.084225974
GCF_000194625.1,81.96,GCF_000194625.1,Archaeoglobus_veneficus_SNP6,0.481079162,0.455311868,0.025767294,0.000925694,-0.010265982,0.05628526,4,-0.05628526
GCF_000223395.1,100.75,GCF_000223395.1,Pyrolobus_fumarii_1A,0.549952732,0.551082694,-0.001129962,-0.000262254,0.043478261,0.060106944,2,0.060106944
GCF_000328685.1,46.77,GCF_000328685.1,Natronococcus_occultus_SP4,0.662147639,0.61955225,0.042595389,0.002478597,-0.045394686,0.108038103,2,-0.108038103
GCF_000813245.1,86.33,GCF_000813245.1,Thermofilum_adornatum_1505,0.479594894,0.436327031,0.043267863,0.001777197,0.053746499,0.068180328,5,-0.068180328
GCF_004799685.1,44.93,GCF_004799685.1,Halobellus_limi,0.671355482,0.631888798,0.039466683,0.002314675,-0.030526029,0.100355209,2,-0.100355209
GCF_030296735.1,40.89,GCF_030296735.1,Methanobacterium_petrolearium,0.401852656,0.347309786,0.05454287,0.002614147,0.016837574,0.093079394,3,-0.093079394
GCF_030296715.1,39.83,GCF_030296715.1,Methanobacterium_ferruginis,0.397758128,0.346101816,0.051656312,0.002474357,0.015782604,0.091718019,3,-0.091718019
GCF_025998175.1,34.73,GCF_025998175.1,Nitrosopumilus_zosterae,0.345963047,0.323275862,0.022687185,0.001111096,0.049329502,0.053019241,3,-0.053019241
GCF_002156705.1,45.67,GCF_002156705.1,Natrarchaeobaculum_aegyptiacum,0.652728585,0.617768994,0.03495959,0.002092767,-0.034255599,0.091815102,2,-0.091815102
GCF_002906575.1,42.26,GCF_002906575.1,Salinigranum_rubrum,0.668914839,0.634024593,0.034890246,0.002001655,-0.041409106,0.096498754,2,-0.096498754
GCF_000186365.1,95.61,GCF_000186365.1,Desulfurococcus_mucosus_DSM_2162,0.537184949,0.516264326,0.020920623,0.000684434,-0.012192148,0.036575341,9,-0.036575341
GCF_000237865.1,34.98,GCF_000237865.1,Haloquadratum_walsbyi_C23,0.489589006,0.487241689,0.002347316,0.000830039,0.00853549,0.033052617,3,-0.033052617
GCF_000231015.2,94.42,GCF_000231015.2,Desulfurococcus_amylolyticus_DSM_16532,0.453717627,0.429423592,0.024294035,0.000839481,0.008489723,0.049785545,5,-0.049785545
GCF_000253055.1,88.67,GCF_000253055.1,Thermoproteus_tenax_Kra_1,0.562315714,0.527119461,0.035196253,0.001664534,0.040141297,0.081262406,5,-0.081262406
GCF_000196895.1,48.72,GCF_000196895.1,Halalkalicoccus_jeotgali_B3,0.641001054,0.608989925,0.032011129,0.001970161,-0.020580384,0.079130737,2,-0.079130737
GCF_001027005.1,39.39,GCF_001027005.1,Methanosarcina_barkeri_CM1,0.424667431,0.369359554,0.055307877,0.002736182,0.013375853,0.084779044,4,-0.084779044
GCF_000217715.1,46.89,GCF_000217715.1,Halopiger_xanaduensis_SH-6,0.665725594,0.623257629,0.042467965,0.002426331,-0.026925779,0.092635763,2,-0.092635763
GCF_000517625.1,49.32,GCF_000517625.1,Halostagnicola_larsenii_XH-48,0.624802365,0.58041543,0.044386935,0.002481628,-0.012611276,0.091172296,2,-0.091172296
GCF_000328525.1,43.76,GCF_000328525.1,Halovivax_ruber_XH-70,0.653685725,0.622429306,0.031256419,0.001870346,-0.043487575,0.090917944,2,-0.090917944
GCF_000230735.2,46.12,GCF_000230735.2,Natrinema_pellirubrum_DSM_15624,0.651908951,0.614783886,0.037125065,0.002112019,-0.045387768,0.101533941,2,-0.101533941
GCF_000230715.2,47.09,GCF_000230715.2,Natronobacterium_gregoryi_SP2,0.634732942,0.600413855,0.034319087,0.001980915,-0.040035987,0.092222821,2,-0.092222821
GCF_000828575.1,60.83,GCF_000828575.1,Methanothermobacter_sp._CaT2,0.513122018,0.42767507,0.085446948,0.003894238,-0.035294118,0.137024912,2,-0.137024912
GCF_000328665.1,37.16,GCF_000328665.1,Methanomethylovorans_hollandica_DSM_15978,0.435068546,0.379591064,0.055477482,0.002837129,0.023349741,0.095676901,4,-0.095676901
GCF_000214725.1,42.99,GCF_000214725.1,Methanobacterium_paludis,0.389160391,0.330051955,0.059108436,0.002699356,0.008066721,0.092058942,4,-0.092058942
GCF_013415905.1,43.48,GCF_013415905.1,Halosimplex_pelagicum,0.677985507,0.645535541,0.032449966,0.002254174,-0.03944735,0.092473208,2,-0.092473208
GCF_023204835.1,45.65,GCF_023204835.1,Salinarchaeum_laminariae,0.65871476,0.639585412,0.019129348,0.001470773,-0.019177475,0.062106845,2,-0.062106845
GCF_013415885.1,44.65,GCF_013415885.1,Halosimplex_rubrum,0.685077438,0.654097378,0.030980059,0.002127353,-0.039026217,0.089422007,2,-0.089422007
GCF_000191585.1,35.37,GCF_000191585.1,Methanobacterium_lacus,0.38409768,0.323322768,0.060774912,0.002713734,0.001980983,0.100949238,4,-0.100949238
GCF_000214415.1,76.29,GCF_000214415.1,Methanotorris_igneus_Kol_5,0.335301704,0.308773862,0.026527842,0.001324763,0.005690162,0.051527842,6,-0.051527842
GCF_000698785.1,52.87,GCF_000698785.1,Nitrososphaera_viennensis_EN76,0.545116615,0.504553177,0.040563438,0.001925009,0.038735984,0.063974923,3,-0.063974923
GCF_000189575.1,81.68,GCF_000189575.1,Sulfolobus_islandicus_HVE10/4,0.358308289,0.342242862,0.016065427,0.000720396,-0.002637312,0.035180207,5,-0.035180207
GCF_000189555.1,82.19,GCF_000189555.1,Sulfolobus_islandicus_REY15A,0.359304984,0.343724354,0.01558063,0.000631536,0.004223992,0.032971409,6,-0.032971409
GCF_000213215.1,79.62,GCF_000213215.1,Acidianus_hospitalis_W1,0.34598378,0.335109676,0.010874104,0.00046805,0.003229713,0.032432441,5,-0.032432441
GCF_000243255.1,44.93,GCF_000243255.1,Methanoplanus_limicola_DSM_2279,0.436933885,0.379355751,0.057578134,0.003040654,0.014473827,0.097506309,4,-0.097506309
GCF_001481685.1,86.56,GCF_001481685.1,Ignicoccus_islandicus_DSM_13165,0.452198477,0.434090403,0.018108074,0.000600492,-0.010465375,0.030243456,5,-0.030243456
GCF_000190315.1,91.91,GCF_000190315.1,Vulcanisaeta_moutnovskia_768-28,0.434087391,0.411786817,0.022300574,0.00080392,0.082561418,0.053096654,3,-0.053096654
GCF_000204415.1,47.97,GCF_000204415.1,Methanothrix_soehngenii_GP6,0.527141159,0.465076736,0.062064423,0.003159237,-0.01082036,0.10503671,4,-0.10503671
GCF_000193375.1,89.08,GCF_000193375.1,Thermoproteus_uzoniensis_768-20,0.610601167,0.571350614,0.039250553,0.001591147,0.015764742,0.071719858,5,-0.071719858
GCF_963677065.1,43.65,GCF_963677065.1,uncultured_Methanoregula_sp.,0.563884828,0.496234264,0.067650564,0.003158617,-0.022660099,0.106632502,2,-0.106632502
GCF_000204925.1,81.22,GCF_000204925.1,Metallosphaera_cuprina_Ar-4,0.429987374,0.395813873,0.034173501,0.001617461,-0.015568241,0.062749872,2,-0.062749872
GCF_020700235.1,41.36,GCF_020700235.1,Haladaptatus_pallidirubidus,0.581663296,0.545269131,0.036394165,0.001815856,-0.012779226,0.076219346,4,-0.076219346
GCF_019823105.1,41.95,GCF_019823105.1,Halobaculum_magnesiiphilum,0.686878655,0.660986066,0.025892589,0.001992035,-0.01384423,0.082912953,2,-0.082912953
GCF_000340315.1,73.68,GCF_000340315.1,Sulfolobus_acidocaldarius_N8,0.375990903,0.350410437,0.025580466,0.00084053,0.010700674,0.043243908,5,-0.043243908
GCF_000338775.1,73.59,GCF_000338775.1,Sulfolobus_acidocaldarius_Ron12/I,0.376493072,0.35088324,0.025609832,0.00085311,0.013069079,0.043159739,5,-0.043159739
GCF_000470655.1,47.12,GCF_000470655.1,Halorhabdus_tiamatea_SARL4B,0.639897178,0.605721868,0.03417531,0.00199448,-0.017197452,0.073018197,2,-0.073018197
GCF_025244945.1,52.8,GCF_025244945.1,Nitrososphaera_viennensis,0.544684318,0.504488919,0.040195399,0.001912067,0.038444143,0.066620093,3,-0.066620093
GCF_000251105.1,64.77,GCF_000251105.1,Methanocella_conradii_HZ254,0.547443223,0.481883194,0.065560029,0.003307419,0.007681102,0.110944746,4,-0.110944746
GCF_000221185.1,84.29,GCF_000221185.1,Thermococcus_sp._4557,0.575493572,0.517121783,0.058371789,0.002392802,0.008160703,0.091971915,4,-0.091971915
GCF_024300825.1,48.28,GCF_024300825.1,Natronomonas_gomsonensis,0.638890508,0.610098116,0.028792392,0.001911051,-0.024311887,0.077025439,2,-0.077025439
GCF_002355635.1,44.63,GCF_002355635.1,Halopenitus_persicus,0.671969977,0.634827853,0.037142123,0.002212197,-0.028119119,0.087667973,2,-0.087667973
GCF_000220645.1,43.25,GCF_000220645.1,Methanococcus_maripaludis_X1,0.339666468,0.306573776,0.033092692,0.001948646,0.010182208,0.070284546,3,-0.070284546
GCF_000317795.1,64.89,GCF_000317795.1,Caldisphaera_lagunensis_DSM_15908,0.305959164,0.299231951,0.006727213,4.91E-05,0.070660522,0.046246234,2,0.046246234
GCF_002788215.1,41.34,GCF_002788215.1,Halohasta_litchfieldiae,0.60537977,0.566324435,0.039055335,0.002336,-0.027085167,0.095552841,2,-0.095552841
GCF_000234805.1,102.03,GCF_000234805.1,Pyrobaculum_ferrireducens,0.585472896,0.53510968,0.050363215,0.002465122,0.003814974,0.080465743,5,-0.080465743
GCF_000235565.1,55.2,GCF_000235565.1,Methanothrix_harundinacea_6Ac,0.626369573,0.544206065,0.082163507,0.004079659,-0.012183817,0.143916918,4,-0.143916918
GCF_000008265.1,53.58,GCF_000008265.1,Picrophilus_oshimae_DSM_9789,0.372952205,0.335772871,0.037179335,0.002175924,-0.001892744,0.0663276,6,-0.0663276
GCF_024498335.1,44.52,GCF_024498335.1,Halobellus_inordinatus,0.65430038,0.61862334,0.035677039,0.002074492,-0.011996273,0.088379112,2,-0.088379112
GCF_000245095.1,80.26,GCF_000245095.1,Sulfolobus_islandicus_M.16.2,0.35672793,0.337894615,0.018833315,0.00081637,0.006499536,0.036741857,5,-0.036741857
GCF_000245175.1,79.87,GCF_000245175.1,Sulfolobus_islandicus_M.16.23,0.357630226,0.33958775,0.018042476,0.000752025,0.007302709,0.039491239,5,-0.039491239
GCF_000245215.1,80.09,GCF_000245215.1,Sulfolobus_islandicus_M.16.40,0.356169935,0.338000458,0.018169477,0.000729902,0.004575612,0.035648315,5,-0.035648315
GCF_000245235.1,79.91,GCF_000245235.1,Sulfolobus_islandicus_M.16.43,0.356774136,0.33990362,0.016870515,0.000725277,0.008227551,0.039073148,5,-0.039073148
GCF_000245275.1,80.15,GCF_000245275.1,Sulfolobus_islandicus_M.16.47,0.357545671,0.340882251,0.01666342,0.000690505,0.009146694,0.037411365,5,-0.037411365
GCF_000258425.1,70.94,GCF_000258425.1,Fervidicoccus_fontis_Kam940,0.385768398,0.349730392,0.036038006,0.001551373,0.061029412,0.064199771,6,-0.064199771
GCF_000263735.1,93.52,GCF_000263735.1,Pyrococcus_sp._ST04,0.424671552,0.407063535,0.017608017,0.00077561,0.006553796,0.039089903,7,-0.039089903
GCF_000264495.1,92.94,GCF_000264495.1,Thermogladius_calderae_1633,0.565036924,0.533286418,0.031750506,0.000907053,0.041050903,0.06116641,6,-0.06116641
GCF_000275605.1,93.31,GCF_000275605.1,Pyrococcus_furiosus_COM1,0.409785287,0.384308086,0.025477201,0.001207783,-0.012464046,0.048807339,6,-0.048807339
GCF_016065055.1,45.19,GCF_016065055.1,Halosimplex_litoreum,0.69237765,0.66031941,0.03205824,0.002278859,-0.048976249,0.10253326,2,-0.10253326
GCF_000591035.1,99.79,GCF_000591035.1,Aeropyrum_camini_SY1_=_JCM_12091,0.575505386,0.56114858,0.014356806,3.39E-05,0.036787247,0.045790343,2,0.045790343
GCF_000304355.2,43.06,GCF_000304355.2,Methanoculleus_bourgensis_MS2,0.623582474,0.542551316,0.081031158,0.003940772,-0.029089535,0.126038084,2,-0.126038084
GCF_000299365.1,35.45,GCF_000299365.1,Candidatus_Nitrosopumilus_koreensis_AR1,0.346719002,0.328918874,0.017800128,0.000984677,0.043478261,0.045869426,3,-0.045869426
GCF_000299395.1,35.31,GCF_000299395.1,Candidatus_Nitrosopumilus_sediminis,0.341228409,0.319798174,0.021430235,0.001292091,0.037161621,0.048740823,3,-0.048740823
GCF_000300255.2,54.81,GCF_000300255.2,Candidatus_Methanomethylophilus_alvi_Mx1201,0.573307962,0.515653775,0.057654187,0.002704429,-0.007775732,0.11310743,4,-0.11310743
GCF_000300255.2,54.81,GCF_000341715.1,Methanosarcina_mazei_Tuc01,0.454640909,0.391656064,0.062984844,0.002972409,-0.006997455,0.095120129,4,-0.095120129
GCF_000303155.1,46.99,GCF_000303155.1,Candidatus_Nitrososphaera_gargensis_Ga9.2,0.500150425,0.472292665,0.02785776,0.001270435,0.048088663,0.056645212,5,-0.056645212
GCF_000364745.1,81.37,GCF_000364745.1,Sulfolobus_islandicus_LAL14/1,0.357199211,0.341786992,0.015412219,0.000655088,0.002961866,0.03324512,6,-0.03324512
GCF_001412615.1,98.77,GCF_001412615.1,Pyrodictium_delaneyi,0.545516256,0.53939835,0.006117905,-8.77E-05,0.038492641,0.062117579,2,0.062117579
GCF_902387285.1,54.81,GCF_902387285.1,Methanomethylophilus_alvi,0.573012677,0.515736767,0.05727591,0.002703723,-0.011649295,0.112558968,4,-0.112558968
GCF_003201675.2,74.78,GCF_003201675.2,Metallosphaera_hakonensis_JCM_8857_=_DSM_7519,0.453748239,0.413755796,0.039992443,0.001618619,-0.021380732,0.072759058,5,-0.072759058
GCF_002214365.1,83.26,GCF_002214365.1,Thermococcus_celer_Vu_13_=_JCM_8558,0.577999384,0.525137707,0.052861678,0.0023081,0.009514271,0.082422686,5,-0.082422686
GCF_026000775.1,90.59,GCF_026000775.1,Vulcanisaeta_souniana_JCM_11219,0.46434587,0.434320133,0.030025737,0.001052145,0.062668205,0.059629736,7,-0.059629736
GCF_008326425.1,74.49,GCF_008326425.1,Sulfuracidifex_tepidarius,0.443054946,0.397972117,0.04508283,0.001780383,0.001647655,0.071191828,4,-0.071191828
GCF_000404225.1,36.75,GCF_000404225.1,Candidatus_Methanomassiliicoccus_intestinalis_Issoire-Mx1,0.423061551,0.394810811,0.02825074,0.001702027,0.000900901,0.059457947,4,-0.059457947
GCF_000739065.1,81.03,GCF_000739065.1,Methanocaldococcus_bathoardescens,0.314591004,0.290193729,0.024397275,0.000972907,0.003794687,0.046166798,6,-0.046166798
GCF_000403645.1,45.11,GCF_000403645.1,Salinarchaeum_sp._Harcht-Bsk1,0.674253286,0.65257329,0.021679996,0.001504267,-0.021498371,0.068824404,2,-0.068824404
GCF_000725425.1,89.93,GCF_000725425.1,Palaeococcus_pacificus_DY20341,0.437429763,0.398566852,0.03886291,0.001483027,0.017197774,0.062282233,4,-0.062282233
GCF_000734035.1,87,GCF_000734035.1,Archaeoglobus_fulgidus_DSM_8774,0.492608844,0.453769541,0.038839303,0.001526364,-0.000504286,0.057787866,5,-0.057787866
GCF_030518575.1,37.85,GCF_030518575.1,Candidatus_Nitrosotenuis_chungbukensis,0.428123559,0.401954216,0.026169344,0.001314951,0.035315466,0.055705915,3,-0.055705915
GCF_000802205.1,33.75,GCF_000802205.1,Candidatus_Nitrosocosmicus_oleophilus,0.360704509,0.32338521,0.037319299,0.001506003,0.026141796,0.058293767,3,-0.058293767
GCF_025231485.1,37.25,GCF_025231485.1,Salinirubellus_salinus,0.693784843,0.667474385,0.026310458,0.001770825,-0.03918929,0.088744083,2,-0.088744083
GCF_000446015.1,86.27,GCF_000446015.1,Thermofilum_adornatum,0.481461816,0.4375803,0.043881516,0.001726034,0.055496074,0.066401145,5,-0.066401145
GCF_009690625.1,49.77,GCF_009690625.1,Halorhabdus_sp._CBA1104,0.632376464,0.608390893,0.023985571,0.001604033,-0.015093374,0.061770171,2,-0.061770171
GCF_902383905.1,36.75,GCF_902383905.1,Candidatus_Methanomassiliicoccus_intestinalis,0.422901679,0.395299838,0.027601841,0.001702734,-0.000360166,0.059314429,4,-0.059314429
GCF_001488575.1,45.2,GCF_001488575.1,Halobacterium_hubeiense,0.679504145,0.646445116,0.033059029,0.002034621,-0.027492447,0.085747851,2,-0.085747851
GCF_000812185.1,42.22,GCF_000812185.1,Candidatus_Nitrosopelagicus_brevis,0.334462688,0.320219328,0.01424336,0.001135493,0.051405072,0.051392092,3,-0.051392092
GCF_000504565.1,43.59,GCF_000504565.1,Haloarcula_hispanica_N601,0.640028736,0.600376648,0.039652088,0.002183945,-0.018917993,0.088838871,2,-0.088838871
GCF_000816105.1,89.66,GCF_000816105.1,Thermococcus_guaymasensis_DSM_11113,0.539467654,0.494159544,0.04530811,0.001844709,0.00918012,0.071914631,4,-0.071914631
GCF_000969945.1,39.22,GCF_000969945.1,Methanosarcina_sp._Kolksee,0.431820375,0.37173624,0.060084135,0.00285368,0.004963219,0.097423495,4,-0.097423495
GCF_000970045.1,38.47,GCF_000970045.1,Methanosarcina_sp._MTP4,0.498019657,0.409549704,0.088469953,0.003916308,-0.004960885,0.130341733,4,-0.130341733
GCF_000970005.1,42.94,GCF_000970005.1,Methanosarcina_sp._WH1,0.449181829,0.382178599,0.06700323,0.003142317,-0.010873749,0.096602922,4,-0.096602922
GCF_000969965.1,42.36,GCF_000969965.1,Methanosarcina_sp._WWM596,0.446341114,0.382424406,0.063916708,0.002969101,-0.008099352,0.087719803,4,-0.087719803
GCF_000970325.1,38.09,GCF_000970325.1,Methanococcoides_methylutens_MM1,0.461008084,0.38646238,0.074545704,0.003632309,0.020284851,0.117316529,4,-0.117316529
GCF_000970065.1,38.91,GCF_000970065.1,Methanosarcina_barkeri_227,0.425153932,0.370979766,0.054174167,0.00268525,0.014643237,0.085519569,4,-0.085519569
GCF_000970305.1,39.13,GCF_000970305.1,Methanosarcina_barkeri_3,0.424432091,0.365197889,0.059234202,0.002971097,-0.003869833,0.091890315,4,-0.091890315
GCF_000970025.1,39.35,GCF_000970025.1,Methanosarcina_barkeri_MS,0.424805324,0.369770723,0.055034601,0.002765397,0.022310406,0.088826488,4,-0.088826488
GCF_000969985.1,38.55,GCF_000969985.1,Methanosarcina_barkeri_str._Wiesmoor,0.423998059,0.367542121,0.056455938,0.002816004,0.004790221,0.081414643,4,-0.081414643
GCF_000970285.1,41.55,GCF_000970285.1,Methanosarcina_horonobensis_HB-1_=_JCM_15518,0.442162257,0.383001566,0.059160691,0.002976466,-0.01133229,0.097049306,4,-0.097049306
GCF_000970265.1,40.27,GCF_000970265.1,Methanosarcina_lacustris_Z-7289,0.449208508,0.382860452,0.066348056,0.003213981,-0.004246285,0.093099649,4,-0.093099649
GCF_000970245.1,43.97,GCF_000970245.1,Methanosarcina_mazei_C16,0.447090291,0.381009296,0.066080995,0.003123441,-0.002466325,0.096682399,4,-0.096682399
GCF_000970225.1,44.12,GCF_000970225.1,Methanosarcina_mazei_LYC,0.445274007,0.382803933,0.062470074,0.003051217,-0.000661751,0.09095372,4,-0.09095372
GCF_000970185.1,44.45,GCF_000970185.1,Methanosarcina_mazei_SarPi,0.447604178,0.382575535,0.065028643,0.003106487,-0.009875819,0.099408226,4,-0.099408226
GCF_025035885.1,43.85,GCF_025035885.1,Methanosarcina_mazei_TMA,0.444699239,0.380985789,0.06371345,0.00301377,-0.00530671,0.091218397,4,-0.091218397
GCF_000970165.1,44.1,GCF_000970165.1,Methanosarcina_mazei_WWM610,0.447175421,0.382015012,0.06516041,0.003078974,-0.001828329,0.096521072,4,-0.096521072
GCF_000970145.1,39.1,GCF_000970145.1,Methanosarcina_siciliae_C2J,0.452801424,0.385604443,0.067196982,0.003159032,-0.00996725,0.094905938,4,-0.094905938
GCF_000970125.1,40.3,GCF_000970125.1,Methanosarcina_siciliae_HI350,0.459931443,0.386052124,0.07387932,0.003406868,-0.019144144,0.107775716,4,-0.107775716
GCF_000970085.1,40.47,GCF_000970085.1,Methanosarcina_siciliae_T4/M,0.458561519,0.385960784,0.072600734,0.003376276,-0.016392157,0.103894852,4,-0.103894852
GCF_000969925.1,49.49,GCF_000969925.1,Methanosarcina_thermophila_CHTI-55,0.442953645,0.381775643,0.061178002,0.00297876,0.005418052,0.095336357,4,-0.095336357
GCF_000969905.1,38.97,GCF_000969905.1,Methanosarcina_vacuolata_Z-761,0.429860036,0.370577231,0.059282805,0.002853355,0.001068947,0.092072757,4,-0.092072757
GCF_034480035.2,39.49,GCF_034480035.2,Methanosphaera_sp._ISO3-F5,0.328826729,0.267613223,0.061213506,0.002777262,0.007426824,0.087673387,6,-0.087673387
GCF_023093535.1,43.5,GCF_023093535.1,Halovivax_limisalsi,0.677546152,0.642651029,0.034895124,0.002052442,-0.035092618,0.089721522,2,-0.089721522
GCF_004799665.1,47.29,GCF_004799665.1,Halapricum_salinum,0.649194508,0.621843103,0.027351405,0.001765904,-0.020511325,0.071863896,2,-0.071863896
GCF_000730285.1,48.43,GCF_000730285.1,Candidatus_Nitrososphaera_evergladensis_SR1,0.520260498,0.481676237,0.038584261,0.001684155,0.035055908,0.062921926,4,-0.062921926
GCF_013407145.1,34.78,GCF_013407145.1,Nitrosopumilus_cobalaminigenes,0.334130511,0.320452156,0.013678356,0.000894891,0.058534876,0.048291044,3,-0.048291044
GCF_013407185.1,33.09,GCF_013407185.1,Nitrosopumilus_ureiphilus,0.340545531,0.31980377,0.020741762,0.001174998,0.038987865,0.048136546,3,-0.048136546
GCF_024498195.1,44.15,GCF_024498195.1,Halovivax_cerinus,0.659697405,0.629503702,0.030193704,0.001859057,-0.03646833,0.084887059,2,-0.084887059
GCF_000769655.1,89.15,GCF_000769655.1,Thermococcus_eurythermalis,0.547713058,0.501182654,0.046530404,0.001987666,0.000730034,0.071001129,4,-0.071001129
GCF_026410925.1,47.37,GCF_026410925.1,Halovenus_salina,0.613423154,0.578111052,0.035312102,0.00212384,-0.033743974,0.091730599,2,-0.091730599
GCF_024228675.1,41.15,GCF_024228675.1,Salinigranum_marinum,0.672231362,0.636013889,0.036217473,0.002173937,-0.032361111,0.093828584,2,-0.093828584
GCF_013343295.1,82.99,GCF_013343295.1,Metallosphaera_tengchongensis,0.459197531,0.41584772,0.043349811,0.001865578,-0.005016969,0.064922778,5,-0.064922778
GCF_003342675.1,42.71,GCF_003342675.1,Haloplanus_rubicundus,0.673628467,0.641670942,0.031957525,0.002005991,-0.026423807,0.081102385,2,-0.081102385
GCF_000993805.1,89.7,GCF_000993805.1,Infirmifilum_uzonense,0.48891045,0.458270165,0.030640285,0.001145421,0.047619048,0.050232121,6,-0.050232121
GCF_022869805.1,45.14,GCF_022869805.1,Halosolutus_halophilus,0.655675579,0.614768778,0.040906801,0.002193092,-0.036621224,0.097536044,2,-0.097536044
GCF_003431325.1,84.59,GCF_003431325.1,Acidilobus_sp._7A,0.58651641,0.571103896,0.015412514,0.000340267,0.023376623,0.039763163,7,-0.039763163
GCF_000800805.1,52.07,GCF_000800805.1,Candidatus_Methanoplasma_termitum,0.500795484,0.453992933,0.046802551,0.002265135,0.044758539,0.082656497,3,-0.082656497
GCF_041431065.1,34.5,GCF_041431065.1,Nitrosopumilus_adriaticus,0.339708762,0.31896981,0.020738951,0.001227229,0.04886399,0.049014706,3,-0.049014706
GCF_000875775.1,35.43,GCF_000875775.1,Nitrosopumilus_piranensis,0.345317278,0.323442183,0.021875095,0.001156941,0.051112163,0.054261907,3,-0.054261907
GCF_023008545.1,47.88,GCF_023008545.1,Natribaculum_luteum,0.645451312,0.603296224,0.042155088,0.002278809,-0.02343011,0.086766891,2,-0.086766891
GCF_020217425.1,44.79,GCF_020217425.1,Halomicrobium_urmianum,0.687707174,0.649905705,0.037801469,0.002157567,-0.028760019,0.087047108,2,-0.087047108
GCF_000827835.1,44.18,GCF_000827835.1,Haloarcula_sp._CBA1115,0.635697336,0.597721879,0.037975457,0.002112745,-0.016611296,0.083253103,2,-0.083253103
GCF_000955905.1,33.34,GCF_000955905.1,Candidatus_Nitrosotenuis_cloacae,0.415887534,0.39241858,0.023468954,0.001359235,0.040754583,0.05799467,3,-0.05799467
GCF_001305655.1,48.59,GCF_001305655.1,Halanaeroarchaeum_sulfurireducens,0.639914656,0.611106253,0.028808403,0.001687439,-0.018947675,0.077460203,2,-0.077460203
GCF_001577775.1,97.62,GCF_001577775.1,Pyrococcus_kukulkanii,0.449878304,0.427853467,0.022024838,0.000908267,-0.006811989,0.040856203,4,-0.040856203
GCF_001548675.1,35.36,GCF_001548675.1,Methanobrevibacter_sp._YE315,0.362725926,0.288340521,0.074385405,0.003332018,0.017089922,0.115640796,4,-0.115640796
GCF_003967175.1,88.49,GCF_003967175.1,Sulfodiicoccus_acidiphilus,0.518593666,0.496529527,0.022064139,0.00106133,-0.012734397,0.03958443,2,-0.03958443
GCF_900083515.1,49.92,GCF_900083515.1,Cuniculiplasma_divulgatum,0.387257547,0.346935262,0.040322285,0.001938017,0.001205234,0.059089502,4,-0.059089502
GCF_902813195.1,91.97,GCF_902813195.1,Thermococcus_sp._2319x1,0.450343496,0.420069413,0.030274083,0.001363951,0.01327901,0.046842666,4,-0.046842666
GCF_003058365.1,42.4,GCF_003058365.1,Halococcoides_cellulosivorans,0.667937042,0.640302107,0.027634935,0.001643544,-0.022086824,0.075146993,2,-0.075146993
GCF_013402815.2,46.16,GCF_013402815.2,Natrinema_halophilum,0.614857945,0.581887334,0.032970611,0.001948698,-0.028776462,0.07980233,2,-0.07980233
GCF_020886315.1,81.42,GCF_020886315.1,Saccharolobus_caldissimus,0.337466244,0.330930749,0.006535495,0.000227828,0.006157884,0.025433133,5,-0.025433133
GCF_024227995.1,40.05,GCF_024227995.1,Halomicrococcus_gelatinilyticus,0.691973476,0.642483487,0.049489988,0.002716637,-0.038573316,0.110027197,2,-0.110027197
GCF_013456555.2,45.96,GCF_013456555.2,Natrinema_zhouii,0.631156703,0.589063387,0.042093316,0.002246456,-0.01866919,0.092399213,2,-0.092399213
GCF_013391105.1,41.15,GCF_013391105.1,Natronomonas_salina,0.688689835,0.653901437,0.034788398,0.002285435,-0.027549624,0.090212765,2,-0.090212765
GCF_001647085.1,86.79,GCF_001647085.1,Thermococcus_piezophilus,0.524111986,0.484438471,0.039673515,0.001490371,0.009856631,0.061447709,5,-0.061447709
GCF_001304615.2,47.87,GCF_001304615.2,Methanosarcina_flavescens,0.443197506,0.380257762,0.062939744,0.003060856,-0.001171646,0.093343962,4,-0.093343962
GCF_029633965.1,36.92,GCF_029633965.1,Methanogenium_sp._S4BF,0.538358779,0.464763948,0.07359483,0.003299703,-0.034477825,0.127486103,4,-0.127486103
GCF_003268005.1,40.81,GCF_003268005.1,Methanosphaera_sp._BMS,0.358190266,0.279546138,0.078644128,0.00343514,0.014277127,0.114877972,4,-0.114877972
GCF_900696045.1,38.98,GCF_900696045.1,Candidatus_Nitrosocosmicus_franklandus,0.362045917,0.33112089,0.030925027,0.001311315,0.029825205,0.054259583,3,-0.054259583
GCF_009762275.1,42.91,GCF_009762275.1,Haloplanus_rallus,0.678465169,0.646611872,0.031853297,0.001941377,-0.018538813,0.076821333,2,-0.076821333
GCF_001870125.1,36.68,GCF_001870125.1,Candidatus_Nitrosocosmicus_hydrocola,0.359542281,0.324353019,0.035189262,0.001376921,0.03715992,0.056954358,3,-0.056954358
GCF_002787055.1,36.46,GCF_002787055.1,Candidatus_Nitrosotenuis_aquarius,0.428996045,0.400736278,0.028259767,0.001545635,0.046017403,0.066713582,3,-0.066713582
GCF_003721175.2,43.55,GCF_003721175.2,Halarchaeum_sp._CBA1220,0.694132772,0.661843482,0.03228929,0.002001485,-0.019460138,0.08417253,2,-0.08417253
GCF_002025255.2,43.07,GCF_002025255.2,Halolamina_sp._CBA1230,0.677031483,0.649239896,0.027791587,0.001883082,-0.005654431,0.064869822,2,-0.064869822
GCF_003721435.2,42.97,GCF_003721435.2,Halorubrum_sp._CBA1229,0.68867048,0.650480186,0.038190294,0.002487025,-0.041118881,0.10834414,2,-0.10834414
GCF_031201125.1,52.27,GCF_031201125.1,Acidiplasma_sp.,0.354801313,0.310041525,0.044759788,0.002369713,0.020385051,0.079980626,4,-0.079980626
GCF_001886955.1,48.77,GCF_001886955.1,Halodesulfurarchaeum_formicicum,0.648732231,0.61862882,0.030103411,0.001843447,-0.025283077,0.084438761,2,-0.084438761
GCF_013340765.1,72.86,GCF_013340765.1,Conexivisphaera_calida,0.630173634,0.610800745,0.01937289,0.000852902,0.016139044,0.031787539,8,-0.031787539
GCF_001719125.1,80.22,GCF_001719125.1,Sulfolobus_sp._A20,0.354207231,0.334218616,0.019988615,0.000763074,0.012049674,0.038825453,6,-0.038825453
GCF_002156965.1,36.34,GCF_002156965.1,Candidatus_Nitrosomarinus_catalina,0.319233826,0.304690619,0.014543207,0.000937959,0.053892216,0.048175942,3,-0.048175942
GCF_900177045.1,40.62,GCF_900177045.1,Candidatus_Nitrosotalea_okcheonensis,0.384137654,0.35919139,0.024946263,0.001250987,0.030395579,0.055603622,3,-0.055603622
GCF_002813675.1,42.15,GCF_002813675.1,Methanobacterium_sp._MZ-A1,0.424796011,0.354403933,0.070392078,0.003121287,0.015294278,0.111263306,3,-0.111263306
GCF_024498175.1,42.93,GCF_024498175.1,Haloplanus_salinarum,0.681793041,0.648304453,0.033488588,0.001976828,-0.02822806,0.084997811,2,-0.084997811
GCF_002214165.1,60.07,GCF_002214165.1,Candidatus_Mancarchaeum_acidiphilum,0.404524887,0.345837616,0.058687271,0.002791177,0.056526208,0.099283366,4,-0.099283366
GCF_001989615.1,45.03,GCF_001989615.1,Halorientalis_sp._IM1011,0.666708221,0.634443306,0.032264915,0.00211066,-0.031762295,0.086448659,2,-0.086448659
GCF_002201915.1,74.06,GCF_002201915.1,Methanopyrus_sp._KOL6,0.578400315,0.563307155,0.01509316,0.000720693,-0.010034904,0.031498046,4,-0.031498046
GCF_002201895.1,73.87,GCF_002201895.1,Methanopyrus_sp._SNP6,0.581611669,0.566314399,0.01529727,0.000631926,-0.014310876,0.030753016,4,-0.030753016
GCF_013407165.1,34.05,GCF_013407165.1,Nitrosopumilus_oxyclinae,0.334235578,0.319471069,0.01476451,0.000865275,0.052715655,0.051132987,3,-0.051132987
GCF_002197185.1,86.41,GCF_002197185.1,Thermococcus_sp._5-4,0.57173034,0.51454331,0.05718703,0.002266231,0.005898214,0.089593501,4,-0.089593501
GCF_900198835.1,89.87,GCF_900198835.1,Thermococcus_henrietii,0.557653384,0.520233518,0.037419865,0.001603168,-0.00811619,0.063704929,5,-0.063704929
GCF_904067545.1,85.96,GCF_904067545.1,Thermococcus_camini,0.560108181,0.509757966,0.050350216,0.002047369,0.006740196,0.079256466,4,-0.079256466
GCF_002356395.1,60.79,GCF_002356395.1,Methanothermobacter_sp._EMTCatA1,0.515351942,0.427595172,0.08775677,0.004041731,-0.04178273,0.149892332,2,-0.149892332
GCF_963457545.1,36.38,GCF_963457545.1,Nitrosopumilus_sp.,0.367807407,0.340475386,0.027332022,0.00142832,0.042694604,0.062862043,3,-0.062862043
GCF_003491305.1,45.9,GCF_003491305.1,Methanobacterium_sp._BAmetb5,0.446837528,0.36329096,0.083546567,0.003562699,-0.001836158,0.123249957,2,-0.123249957
GCF_021233415.1,43.88,GCF_021233415.1,Halobacterium_litoreum,0.694525083,0.665255491,0.029269592,0.002108191,-0.045635598,0.099327632,2,-0.099327632
GCF_003430805.1,46.43,GCF_003430805.1,Natrarchaeobaculum_sulfurireducens,0.637597561,0.601799894,0.035797667,0.002032734,-0.03396859,0.092423748,2,-0.092423748
GCF_002906215.1,77.43,GCF_002906215.1,Candidatus_Nitrosocaldus_islandicus,0.427494026,0.413723197,0.013770829,0.000681361,0.054775828,0.040164592,3,-0.040164592
GCF_041154675.1,72.56,GCF_041154675.1,Sulfurisphaera_javensis,0.321385854,0.30947011,0.011915743,0.000413739,0.00351643,0.031340989,5,-0.031340989
GCF_002952775.1,50.04,GCF_002952775.1,Halalkaliarchaeum_desulfuricum,0.644593487,0.608514931,0.036078555,0.002071291,-0.034402744,0.093140702,2,-0.093140702
GCF_900248165.1,77.5,GCF_900248165.1,Candidatus_Nitrosocaldus_cavascurensis,0.428633356,0.414814815,0.013818541,0.000649296,0.055555556,0.039545343,3,-0.039545343
GCF_019880245.1,42.08,GCF_019880245.1,Halobaculum_roseum,0.688522262,0.660232975,0.028289287,0.002030683,-0.018458781,0.084221187,2,-0.084221187
GCF_013407275.1,36.71,GCF_013407275.1,Candidatus_Nitrosotenuis_sp._DW1,0.420504885,0.38768254,0.032822345,0.001809487,0.02,0.063044568,3,-0.063044568
GCF_013407385.1,34.13,GCF_013407385.1,Nitrosarchaeum_sp._AC2,0.335535074,0.316009615,0.019525459,0.000875128,0.045192308,0.049477382,3,-0.049477382
GCF_016806735.1,62.48,GCF_016806735.1,Candidatus_Micrarchaeum_sp.,0.46812897,0.40804484,0.06008413,0.00331813,0.079129575,0.130509452,4,-0.130509452
GCF_004114375.1,44.93,GCF_004114375.1,Halorubrum_sp._BOL3-1,0.671862838,0.638085992,0.033776846,0.002207904,-0.041978733,0.102745871,2,-0.102745871
GCF_004087835.1,47.26,GCF_004087835.1,Halorussus_pelagicus,0.654251997,0.609079673,0.045172324,0.002753034,-0.021486975,0.101960687,2,-0.101960687
GCF_006740685.1,36.67,GCF_006740685.1,Candidatus_Nitrosopumilus_sp._SW,0.343248761,0.324083196,0.019165564,0.000951506,0.054004744,0.050783882,3,-0.050783882
GCF_012222305.1,77.17,GCF_012222305.1,Sulfolobus_sp._S-194,0.333526982,0.317234719,0.016292262,0.00064586,0.002385821,0.034844864,5,-0.034844864
GCF_901686465.1,45.76,GCF_901686465.1,Halorubrum_sp._DM2,0.683633781,0.648499117,0.035134664,0.00235995,-0.036393957,0.10564673,2,-0.10564673
GCF_902827225.1,73.31,GCF_902827225.1,Methanocaldococcus_lauensis,0.295837202,0.270285714,0.025551488,0.001187922,0.019470899,0.052027678,3,-0.052027678
GCF_009617975.1,61.02,GCF_009617975.1,Candidatus_Nanohalobium_constans,0.436394336,0.410521886,0.02587245,0.001682027,0.019360269,0.063498713,5,-0.063498713
GCF_005155585.1,44.92,GCF_005155585.1,Haloprofundus_sp._MHR1,0.670325845,0.626571614,0.043754231,0.00245977,-0.023763232,0.098388061,2,-0.098388061
GCF_030323845.1,55.6,GCF_030323845.1,Methanobacterium_sp._CWC-01,0.463791397,0.389061276,0.074730122,0.003374654,-0.000626861,0.114629824,2,-0.114629824
GCF_006274605.1,85.43,GCF_006274605.1,Thermococcus_indicus,0.561387726,0.513264033,0.048123692,0.002044098,0.004851005,0.080722445,4,-0.080722445
GCF_023169545.1,58.05,GCF_023169545.1,Nanobdella_aerobiophila,0.247334718,0.239990817,0.007343901,5.94E-05,0.052341598,0.035034428,2,0.035034428
GCF_031200575.1,52.82,GCF_031200575.1,Ferroplasma_sp.,0.401102036,0.343104929,0.057997107,0.002896147,-0.008758372,0.089407033,2,-0.089407033
GCF_008000775.2,45.27,GCF_008000775.2,Promethearchaeum_syntrophicum,0.32284367,0.286754228,0.036089442,0.001723112,0.084127393,0.071148245,4,-0.071148245
GCF_008152015.1,85.16,GCF_008152015.1,Thermococcus_aciditolerans,0.563185952,0.511402766,0.051783186,0.002228473,0.017217048,0.079838506,4,-0.079838506
GCF_007833275.1,47.28,GCF_007833275.1,Salarchaeum_sp._JOR-1,0.676474213,0.64095094,0.035523274,0.002163766,-0.037205196,0.107802249,2,-0.107802249
GCF_008033705.1,60.85,GCF_008033705.1,Methanothermobacter_sp._KEPCO-1,0.504660588,0.428121013,0.076539574,0.003363668,-0.034262803,0.123760278,2,-0.123760278
GCF_009914355.1,59.24,GCF_009914355.1,Methanothermobacter_sp._THM-1,0.504498645,0.422010178,0.082488467,0.003860724,-0.039621956,0.143357242,2,-0.143357242
GCF_009917665.1,61.32,GCF_009917665.1,Methanothermobacter_sp._THM-2,0.505371732,0.429522752,0.07584898,0.003369771,-0.037920829,0.123943689,2,-0.123943689
GCF_003351865.1,83.2,GCF_003351865.1,Methanofervidicoccus_sp._A16,0.389114908,0.344042232,0.045072676,0.001513817,0.005027652,0.065836879,5,-0.065836879
GCF_032878975.1,41.95,GCF_032878975.1,Methanoplanus_sp._FWC-SCC4,0.421444879,0.36232724,0.059117639,0.003091934,0.018724922,0.108619794,4,-0.108619794
GCF_009617995.1,44.93,GCF_009617995.1,Halomicrobium_sp._LC1Hm,0.669236458,0.625724104,0.043512354,0.002270904,-0.033971527,0.098200621,2,-0.098200621
GCF_008831545.1,48.26,GCF_008831545.1,Halorussus_halophilus,0.628950975,0.595646935,0.03330404,0.002148001,-0.027263142,0.079922506,2,-0.079922506
GCF_009601705.1,78.26,GCF_009601705.1,Sulfolobus_sp._E5-1-F,0.354479836,0.333892916,0.02058692,0.000760963,0.005214295,0.040477547,5,-0.040477547
GCF_009602405.1,78.19,GCF_009602405.1,Sulfolobus_sp._E11-6,0.356510523,0.339327751,0.017182771,0.000539926,0.012619828,0.037010462,5,-0.037010462
GCF_016906025.1,46.45,GCF_016906025.1,Haloterrigena_salifodinae,0.65660862,0.60986049,0.046748129,0.002646104,-0.039414872,0.108186569,2,-0.108186569
GCF_011602445.1,44.63,GCF_011602445.1,Haloarcula_sp._JP-L23,0.650683722,0.612047638,0.038636084,0.002172159,-0.024805896,0.083569628,2,-0.083569628
GCF_018141185.1,50.14,GCF_018141185.1,Methanobacterium_alkalithermotolerans,0.3876883,0.326142879,0.061545421,0.002659344,0.002634434,0.095886037,4,-0.095886037
GCF_013267195.1,43.21,GCF_013267195.1,Halorubrum_salinarum,0.697557551,0.663709273,0.033848278,0.002256622,-0.045313283,0.107883365,2,-0.107883365
GCF_013402875.1,39.57,GCF_013402875.1,Halorarum_salinum,0.694671051,0.664525205,0.030145846,0.001991942,-0.031105901,0.091154052,2,-0.091154052
GCF_013401515.1,39.6,GCF_013401515.1,Halorarum_halophilum,0.683022482,0.649996109,0.033026373,0.002138411,-0.015331932,0.083209266,2,-0.083209266
GCF_013391085.1,46.27,GCF_013391085.1,Natronomonas_halophila,0.654598797,0.623259259,0.031339537,0.001938351,-0.027555556,0.085314846,2,-0.085314846
GCF_014876775.1,94.45,GCF_014876775.1,Infirmifilum_lucidum,0.548125342,0.517295775,0.030829567,0.001342191,0.029295775,0.061176985,6,-0.061176985
GCF_017094485.1,46.77,GCF_017094485.1,Natranaeroarchaeum_sulfidigenes,0.622360864,0.588814246,0.033546617,0.001979118,-0.030923438,0.089837938,2,-0.089837938
GCF_009217585.1,45.05,GCF_009217585.1,Halomicrobium_sp._ZPS1,0.669518191,0.627462718,0.042055473,0.002287413,-0.035601764,0.10335562,2,-0.10335562
GCF_018128925.1,37.03,GCF_018128925.1,Nitrosopumilus_sp._K4,0.354693141,0.332825203,0.021867938,0.001077425,0.054708672,0.054049509,3,-0.054049509
GCF_016917835.2,46.17,GCF_016917835.2,Halobacterium_sp._BOL4-2,0.676681901,0.635302556,0.041379345,0.002224445,-0.031298905,0.094913513,2,-0.094913513
GCF_016917855.1,46.16,GCF_016917855.1,Halobacterium_sp._GSL-19,0.681431244,0.638980716,0.042450528,0.002218832,-0.032093664,0.099613062,2,-0.099613062
GCF_027563145.1,44.93,GCF_027563145.1,Actinarchaeum_halophilum,0.577040595,0.548743316,0.02829728,0.001852696,-0.02228164,0.069108331,2,-0.069108331
GCF_017352155.2,46.53,GCF_017352155.2,Haloterrigena_alkaliphila,0.665300398,0.620048251,0.045252147,0.002561107,-0.033614797,0.107439522,2,-0.107439522
GCF_021184045.1,34.74,GCF_021184045.1,Methanococcoides_orientis,0.447445901,0.376482186,0.070963715,0.003478896,0.023376989,0.116929072,4,-0.116929072
GCF_019704315.1,82.9,GCF_019704315.1,Stygiolobus_caldivivus,0.411926645,0.379225554,0.032701091,0.001203694,0.02056762,0.059519429,5,-0.059519429
GCF_018502485.1,42.59,GCF_018502485.1,Methanospirillum_sp._J.3.6.1-F.2.7.3,0.433015873,0.399608905,0.033406968,0.001954523,-0.032691536,0.074010658,2,-0.074010658
GCF_018623055.1,45.68,GCF_018623055.1,Halorubrum_sp._2020YC2,0.697939334,0.662913907,0.035025427,0.002312802,-0.041169978,0.107652358,2,-0.107652358
GCF_017094445.1,49.75,GCF_017094445.1,Halapricum_desulfuricans,0.653659917,0.619544674,0.034115243,0.001996315,-0.020618557,0.08138758,2,-0.08138758
GCF_019693215.1,42.64,GCF_019693215.1,Salinarchaeum_sp._IM2453,0.480821645,0.475739328,0.005082317,0.000719208,0.005754048,0.029998683,3,-0.029998683
GCF_024972735.1,50.69,GCF_024972735.1,Halalkaliarchaeum_sp._AArc-CO,0.648937334,0.616041466,0.032895868,0.00194937,-0.038260126,0.093417402,2,-0.093417402
GCF_024972755.1,44.74,GCF_024972755.1,Halanaeroarchaeum_sp._HSR-CO,0.646217494,0.619988304,0.02622919,0.001650577,-0.024093567,0.075574219,2,-0.075574219
GCF_023746595.1,83.54,GCF_023746595.1,Thermococcus_argininiproducens,0.396760473,0.369086538,0.027673935,0.001240211,-0.007211538,0.047080986,4,-0.047080986
GCF_023617305.1,36.68,GCF_023617305.1,Methanobrevibacter_sp._TLL-48-HuF1,0.320655446,0.269484882,0.051170564,0.002453113,0.030608436,0.097251191,3,-0.097251191
GCF_019879105.1,46.45,GCF_019879105.1,Natrinema_sp._SYSU_A_869,0.627179991,0.588563686,0.038616305,0.002214151,-0.027521831,0.090654848,2,-0.090654848
GCF_019880225.1,42.96,GCF_019880225.1,Halobaculum_rubrum,0.692278651,0.663548141,0.02873051,0.002065488,-0.019190928,0.090163287,2,-0.090163287
GCF_020885915.1,67.61,GCF_020885915.1,Candidatus_Methanoliparum_sp._LAM-1,0.369362539,0.317402144,0.051960395,0.002468603,0.020942408,0.091875628,4,-0.091875628
GCF_020150815.1,45.14,GCF_020150815.1,Haloprofundus_salilacus,0.652347773,0.60979654,0.042551233,0.002426426,-0.020345971,0.09368505,2,-0.09368505
GCF_020097815.1,44.39,GCF_020097815.1,Haloprofundus_salinisoli,0.66111474,0.615969216,0.045145524,0.002475329,-0.022607023,0.096901176,2,-0.096901176
GCF_020097835.1,44,GCF_020097835.1,Haloprofundus_halobius,0.655106174,0.613082482,0.042023692,0.002376693,-0.024752886,0.093099363,2,-0.093099363
GCF_020405245.1,44.1,GCF_020405245.1,Halomicrobium_salinisoli,0.69559078,0.661298377,0.034292403,0.002259377,-0.027715356,0.086019411,2,-0.086019411
GCF_020405205.1,46.44,GCF_020405205.1,Natrinema_salinisoli,0.644304906,0.602057613,0.042247293,0.0024751,-0.036098477,0.104921468,2,-0.104921468
GCF_020405225.1,46.58,GCF_020405225.1,Natrinema_sp._DC36,0.633467292,0.591969784,0.041497508,0.002246275,-0.029518187,0.094522329,2,-0.094522329
GCF_020618475.1,38.34,GCF_020618475.1,Haladaptatus_halobius,0.600917821,0.562772646,0.038145174,0.001979479,-0.015177139,0.081599491,4,-0.081599491
GCF_020614375.1,43.95,GCF_020614375.1,Haladaptatus_salinisoli,0.639469878,0.592684033,0.046785845,0.002483554,-0.012700881,0.089573559,4,-0.089573559
GCF_021655615.1,78.8,GCF_021655615.1,Acidianus_sp._HS-5,0.358148296,0.337791783,0.020356513,0.000843475,0.008636788,0.043722526,5,-0.043722526
GCF_020736485.1,46.62,GCF_020736485.1,Halobacterium_salinarum_NRC-34001,0.681974609,0.639435833,0.042538776,0.002190784,-0.032816646,0.096022926,2,-0.096022926
GCF_021249345.1,42.66,GCF_021249345.1,Halobacterium_wangiae,0.684432359,0.649292189,0.03514017,0.002029802,-0.032895407,0.094453746,2,-0.094453746
GCF_021249405.1,43.34,GCF_021249405.1,Halobacterium_zhouii,0.673399502,0.640915942,0.03248356,0.001947997,-0.028521739,0.084413994,2,-0.084413994
GCF_021431925.1,42.86,GCF_021431925.1,Halobaculum_sp._CBA1158,0.694846273,0.668564965,0.026281308,0.001877562,-0.025572932,0.09004643,2,-0.09004643
GCF_022693705.1,89.68,GCF_022693705.1,Infirmifilum_sp._NZ,0.573594397,0.536846615,0.036747781,0.001491418,0.029305913,0.056884885,5,-0.056884885
GCF_023028105.1,47.24,GCF_023028105.1,Halosolutus_gelatinilyticus,0.662078261,0.618502138,0.043576124,0.002468521,-0.036930562,0.100379898,2,-0.100379898
GCF_023028345.1,40.48,GCF_023028345.1,Halorientalis_marina,0.665327635,0.631285694,0.034041941,0.002160149,-0.020267447,0.079661108,2,-0.079661108
GCF_023028225.1,44.69,GCF_023028225.1,Halorientalis_litorea,0.665025675,0.631067186,0.03395849,0.001973014,-0.033143656,0.092698631,2,-0.092698631
GCF_023016325.1,63.15,GCF_023016325.1,Methanonatronarchaeum_sp._AMET6-2,0.436695906,0.381592386,0.05510352,0.00298233,0.007892293,0.091988386,4,-0.091988386
GCF_023115355.1,51.33,GCF_023115355.1,Halocatena_salina,0.590460322,0.555296152,0.03516417,0.001955301,-0.017725897,0.070529496,4,-0.070529496
GCF_026013925.1,42.5,GCF_026013925.1,Halocatena_marina,0.558514535,0.529682605,0.028831931,0.001680796,-0.016823321,0.067709468,2,-0.067709468
GCF_023238445.1,46.18,GCF_023238445.1,Halorussus_gelatinilyticus,0.673271718,0.628136298,0.04513542,0.002695702,-0.026120752,0.101145904,2,-0.101145904
GCF_023238205.1,44.57,GCF_023238205.1,Halorussus_limi,0.665883696,0.620548441,0.045335255,0.002681095,-0.029158527,0.103044538,2,-0.103044538
GCF_023702125.1,43.76,GCF_023702125.1,Halorubrum_hochsteinianum,0.699416271,0.664088216,0.035328056,0.002349048,-0.035110819,0.106592045,2,-0.106592045
GCF_023703775.1,41.95,GCF_023703775.1,Haloplanus_sp._GDY1,0.69076707,0.657181724,0.033585346,0.001983125,-0.036213528,0.082923933,2,-0.082923933
GCF_037201915.1,44.09,GCF_037201915.1,Haloplanus_sp._CK5-1,0.662936933,0.63173806,0.031198873,0.001860207,-0.012604628,0.07012551,2,-0.07012551
GCF_023703795.1,42.7,GCF_023703795.1,Haloplanus_sp._HW8-1,0.664097421,0.632893513,0.031203909,0.001872185,-0.01031887,0.067717484,2,-0.067717484
GCF_023913515.1,46.99,GCF_023913515.1,Natronococcus_sp._CG52,0.649254876,0.602091989,0.047162887,0.002455004,-0.033748816,0.106868405,2,-0.106868405
GCF_024138145.1,45.55,GCF_024138145.1,Natronosalvus_halobius,0.646178046,0.607677751,0.038500295,0.002211707,-0.03081914,0.088639972,2,-0.088639972
GCF_017357105.1,45.85,GCF_017357105.1,Natronosalvus_caseinilyticus,0.646193501,0.608298414,0.037895087,0.002182224,-0.023005505,0.083626744,2,-0.083626744
GCF_024218795.1,43.54,GCF_024218795.1,Halorussus_aquaticus,0.661706726,0.615103405,0.046603321,0.002639398,-0.027226516,0.098723647,2,-0.098723647
GCF_024138165.1,42.81,GCF_024138165.1,Halorussus_vallis,0.674514951,0.630991242,0.043523709,0.002580234,-0.025212314,0.095494251,2,-0.095494251
GCF_024138125.1,46.03,GCF_024138125.1,Halorussus_salilacus,0.680766955,0.636115748,0.044651207,0.002573228,-0.036356891,0.10193186,2,-0.10193186
GCF_024204665.1,45.69,GCF_024204665.1,Natronosalvus_rutilus,0.644697715,0.60596374,0.038733974,0.002219405,-0.024411578,0.084503694,2,-0.084503694
GCF_023973145.1,47.97,GCF_023973145.1,Natronosalvus_vescus,0.632683561,0.596791295,0.035892266,0.002037749,-0.028459821,0.085901567,2,-0.085901567
GCF_024227435.1,47.81,GCF_024227435.1,Natrinema_caseinilyticum,0.64126314,0.600640606,0.040622535,0.002263393,-0.032394264,0.093254114,2,-0.093254114
GCF_024266705.1,47.42,GCF_024266705.1,Natrinema_gelatinilyticum,0.622634649,0.581662252,0.040972396,0.002108257,-0.027872367,0.0876996,2,-0.0876996
GCF_024218815.1,46.5,GCF_024218815.1,Haloarcula_marina,0.660322865,0.620295015,0.04002785,0.00238422,-0.024160732,0.090807776,2,-0.090807776
GCF_024227715.1,40.91,GCF_024227715.1,Halomarina_litorea,0.687165172,0.65460685,0.032558322,0.002045671,-0.026853192,0.086747098,2,-0.086747098
GCF_024296665.1,43.66,GCF_024296665.1,Salinilacihabitans_rarus,0.697296575,0.660438877,0.036857698,0.002142996,-0.02887349,0.087488472,2,-0.087488472
GCF_024300625.1,48.37,GCF_024300625.1,Halovivax_gelatinilyticus,0.64365054,0.612179304,0.031471237,0.001933584,-0.027753934,0.084089262,2,-0.084089262
GCF_024296685.1,46.84,GCF_024296685.1,Natrinema_marinum,0.664721219,0.626086566,0.038634653,0.00238638,-0.038882902,0.104645788,2,-0.104645788
GCF_024228315.1,42.71,GCF_024228315.1,Halomarina_pelagica,0.684519231,0.642887564,0.041631667,0.002444712,-0.020159001,0.089047908,2,-0.089047908
GCF_024298905.1,43.38,GCF_024298905.1,Natronomonas_marina,0.6786431,0.649103682,0.029539418,0.001909804,-0.02374031,0.075606925,2,-0.075606925
GCF_024298845.1,47.23,GCF_024298845.1,Natronosalvus_amylolyticus,0.607756153,0.57651574,0.031240414,0.001914621,-0.020871065,0.080804881,2,-0.080804881
GCF_024298865.1,40.62,GCF_024298865.1,Halorarius_halobius,0.679980604,0.654729231,0.025251373,0.001639847,-0.024715951,0.069533504,2,-0.069533504
GCF_024298885.1,35.77,GCF_024298885.1,Haloglomus_halophilum,0.689892991,0.665625,0.024267991,0.001825094,-0.01943408,0.077019857,2,-0.077019857
GCF_024298825.1,36.41,GCF_024298825.1,Haloglomus_salinum,0.694012446,0.670145354,0.023867093,0.001765421,-0.027029234,0.078301194,2,-0.078301194
GCF_024362405.1,38.82,GCF_024362405.1,Halorarius_litoreus,0.676829897,0.646007225,0.030822672,0.001957016,-0.036276996,0.088174144,2,-0.088174144
GCF_024362485.1,47.63,GCF_024362485.1,Natronobeatus_ordinarius,0.661151619,0.622401606,0.038750012,0.002205065,-0.038955823,0.092075314,2,-0.092075314
GCF_024362525.1,45.04,GCF_024362525.1,Natrononativus_amylolyticus,0.668448608,0.62539963,0.043048978,0.002430293,-0.029025745,0.101058401,2,-0.101058401
GCF_024707485.1,87.22,GCF_024707485.1,Thermococcus_thermotolerans,0.54613936,0.503499563,0.042639797,0.001765364,0.008894721,0.07384423,4,-0.07384423
GCF_029232205.1,62.32,GCF_029232205.1,Candidatus_Nanohalovita_haloferacivicina,0.458733247,0.42683205,0.031901197,0.001645986,0.0071286,0.066945394,5,-0.066945394
GCF_029207735.1,60.8,GCF_029207735.1,Candidatus_Nanohalococcus_occultus,0.481387974,0.442357801,0.039030173,0.002108974,-0.004130918,0.077193503,5,-0.077193503
GCF_029207715.1,46.75,GCF_029207715.1,Halorhabdus_sp._SVX81,0.64142353,0.610099954,0.031323577,0.001988443,-0.022198977,0.08389215,2,-0.08389215
GCF_029229925.1,47.04,GCF_029229925.1,Halorhabdus_sp._BNX81,0.642641692,0.611744448,0.030897244,0.001952045,-0.018525116,0.079406922,2,-0.079406922
GCF_018228765.1,45.54,GCF_018228765.1,Halorubrum_ruber,0.700230695,0.66627038,0.033960315,0.002383469,-0.045742754,0.109084862,2,-0.109084862
GCF_026248685.1,41.62,GCF_026248685.1,Haladaptatus_caseinilyticus,0.57928872,0.54922865,0.030060069,0.001748728,-0.007438017,0.068544918,4,-0.068544918
GCF_026692625.1,61.72,GCF_026692625.1,Methanothermobacter_sp._DP,0.506790123,0.425806452,0.080983672,0.003696665,-0.042067534,0.131766543,2,-0.131766543
GCF_028747785.1,44.79,GCF_028747785.1,Halosimplex_aquaticum,0.675374975,0.641866188,0.033508788,0.002160992,-0.031989891,0.087319641,2,-0.087319641
GCF_032594435.1,35.93,GCF_032594435.1,Methanimicrococcus_stummii,0.465641026,0.375782059,0.089858966,0.004457081,0.004350528,0.143080429,4,-0.143080429
GCF_032594095.1,28.94,GCF_032594095.1,Methanimicrococcus_hongohii,0.45233613,0.378694332,0.073641798,0.003800556,0.002361673,0.124569598,4,-0.124569598
GCF_032594115.1,40.25,GCF_032594115.1,Methanolapillus_millepedarum,0.459354104,0.374864969,0.084489135,0.003982896,0.030285494,0.143381882,4,-0.143381882
GCF_032594355.1,39.96,GCF_032594355.1,Methanolapillus_ohkumae,0.45355025,0.367351598,0.086198652,0.003980749,0.01494396,0.137236427,4,-0.137236427
GCF_029490015.1,43.13,GCF_029490015.1,Halobaculum_limi,0.66674795,0.644236491,0.022511459,0.001798006,-0.032248776,0.089149332,2,-0.089149332
GCF_029338555.1,40.86,GCF_029338555.1,Halobaculum_marinum,0.698645582,0.673110039,0.025535544,0.001901499,-0.025073328,0.091114123,2,-0.091114123
GCF_030127125.1,41.72,GCF_030127125.1,Halobaculum_litoreum,0.718904649,0.69491685,0.0239878,0.001883897,-0.026984625,0.084870552,2,-0.084870552
GCF_030127165.1,41.94,GCF_030127165.1,Halobaculum_lipolyticum,0.713343899,0.687116212,0.026227686,0.00200739,-0.036059302,0.097275032,2,-0.097275032
GCF_030127145.1,43.65,GCF_030127145.1,Halobaculum_halobium,0.682861316,0.655558723,0.027302593,0.001837257,-0.025085519,0.086130035,2,-0.086130035
GCF_029814175.1,45.41,GCF_029814175.1,Halospeciosus_flavus,0.665920524,0.630881825,0.035038699,0.002059699,-0.005836925,0.073337909,2,-0.073337909
GCF_029338195.1,42.91,GCF_029338195.1,Haloarcula_litorea,0.691314841,0.656230059,0.035084782,0.00210156,-0.028631402,0.086780836,2,-0.086780836
GCF_029489995.1,43.24,GCF_029489995.1,Haladaptatus_sp._DYSN1,0.629505392,0.589620316,0.039885077,0.00221061,-0.02843524,0.09449553,2,-0.09449553
GCF_029278565.1,45.79,GCF_029278565.1,Haloarcula_halophila,0.653667058,0.620632993,0.033034065,0.001826156,-0.022664724,0.076687942,2,-0.076687942
GCF_029338215.1,43.93,GCF_029338215.1,Haladaptatus_sp._YSMS36,0.628398599,0.589346991,0.039051608,0.002210687,-0.02757149,0.092419086,2,-0.092419086
GCF_029338575.1,43.84,GCF_029338575.1,Halomarina_halobia,0.692307469,0.647879207,0.044428262,0.00254072,-0.015368065,0.090109836,2,-0.090109836
GCF_029338235.1,46.6,GCF_029338235.1,Haloarcula_rara,0.669007572,0.627487062,0.041520511,0.002294034,-0.028081273,0.102015048,2,-0.102015048
GCF_029338255.1,42.93,GCF_029338255.1,Haloarcula_halobia,0.674100694,0.635359985,0.038740709,0.002130386,-0.018230613,0.086464196,2,-0.086464196
GCF_030127105.1,44.24,GCF_030127105.1,Haloarcula_pelagica,0.663743399,0.630898186,0.032845213,0.001972198,-0.02109979,0.078224214,2,-0.078224214
GCF_029338275.1,45.01,GCF_029338275.1,Haloarcula_ordinaria,0.662015902,0.622716864,0.039299039,0.002275462,-0.013740038,0.083285482,2,-0.083285482
GCF_029338295.1,43.66,GCF_029338295.1,Haladaptatus_sp._QDMS2,0.627334639,0.589120428,0.038214211,0.002182369,-0.025023014,0.090553319,2,-0.090553319
GCF_029338315.1,43.06,GCF_029338315.1,Haloarcula_sp._SYNS111,0.674405113,0.637339242,0.037065871,0.00208325,-0.020072993,0.085597327,2,-0.085597327
GCF_029338335.1,48.33,GCF_029338335.1,Halomontanus_rarus,0.643382671,0.597686111,0.04569656,0.002463204,-0.030225937,0.098104338,2,-0.098104338
GCF_029338355.1,43.63,GCF_029338355.1,Halosegnis_marinus,0.713825056,0.689724146,0.02410091,0.001860384,-0.050994615,0.098812417,2,-0.098812417
GCF_029338375.1,48.81,GCF_029338375.1,Halorussus_lipolyticus,0.655234589,0.610519296,0.044715292,0.002706666,-0.031424523,0.100845992,2,-0.100845992
GCF_029338395.1,49.25,GCF_029338395.1,Halorussus_caseinilyticus,0.660407052,0.615850816,0.044556237,0.002612144,-0.044211344,0.106250098,2,-0.106250098
GCF_029338515.1,34.7,GCF_029338515.1,Haloglomus_litoreum,0.699169737,0.674605235,0.024564502,0.001841261,-0.026461893,0.076341847,2,-0.076341847
GCF_029854155.1,56.43,GCF_029854155.1,Methanonatronarchaeum_sp._AMET-Sl,0.389193523,0.348969072,0.04022445,0.002432392,0.026632302,0.077982182,3,-0.077982182
GCF_030273315.1,49.19,GCF_030273315.1,Natrialbaceae_archaeon_AArc-T1-2,0.645982276,0.611268437,0.034713839,0.001970005,-0.036086529,0.085608628,2,-0.085608628
GCF_030505615.1,44.95,GCF_030505615.1,Salinibaculum_sp._KK48,0.618592825,0.58809056,0.030502264,0.001619167,-0.033585929,0.081311508,2,-0.081311508
GCF_033097485.1,98.25,GCF_033097485.1,Pyrofollis_japonicus,0.501476343,0.490459883,0.01101646,0.000201458,0.061317678,0.056090519,2,0.056090519
GCF_030734285.1,46.82,GCF_030734285.1,Natronococcus_sp._AD-5,0.652888585,0.604734699,0.048153886,0.002522287,-0.034081954,0.104031217,2,-0.104031217
GCF_031312535.1,34.47,GCF_031312535.1,Methanolobus_mangrovi,0.432222222,0.368092193,0.064130029,0.003224523,0.007727152,0.107282174,4,-0.107282174
GCF_031312595.1,33.34,GCF_031312595.1,Methanolobus_sediminis,0.425969837,0.36681498,0.059154858,0.00302547,0.0126066,0.09881621,4,-0.09881621
GCF_038024865.1,56.34,GCF_038024865.1,Oxyplasma_meridianum,0.411544308,0.3699327,0.041611608,0.001866179,0.011084719,0.086128631,4,-0.086128631
GCF_032116555.1,40.87,GCF_032116555.1,Halobaculum_sp._XH14,0.686973296,0.658138269,0.028835027,0.002013967,-0.027853384,0.088715266,2,-0.088715266
GCF_040025155.1,43.29,GCF_040025155.1,Halobaculum_sp._QDC11,0.68810517,0.660455627,0.027649543,0.001994974,-0.020741244,0.090349305,2,-0.090349305
GCF_032113415.1,44.57,GCF_032113415.1,Halobellus_sp._DFY28,0.646397102,0.612168525,0.034228576,0.002102747,-0.009169765,0.07638471,2,-0.07638471
GCF_035621495.1,87.21,GCF_035621495.1,Thermococcus_sp._SY098,0.420214057,0.392531552,0.027682506,0.001202823,-0.003414996,0.042485772,5,-0.042485772
GCF_035666295.1,46.43,GCF_035666295.1,Haloarcula_sp._GH36,0.65412228,0.619031532,0.035090749,0.001902128,-0.026074151,0.085688462,2,-0.085688462
GCF_036584055.1,46.73,GCF_036584055.1,Halalkalicoccus_sp._FCH27,0.649586898,0.613435686,0.036151212,0.001932206,-0.006721662,0.071218429,2,-0.071218429
GCF_036429475.1,48.7,GCF_036429475.1,Halalkalicoccus_sp._CGA53,0.665116983,0.639507065,0.025609918,0.001861426,-0.032514451,0.078170933,2,-0.078170933
GCF_037198285.1,49.39,GCF_037198285.1,Haladaptatus_sp._DJG-WS-42,0.61655798,0.581230213,0.035327768,0.001879694,-0.020352782,0.084106601,2,-0.084106601
GCF_038022665.1,32.66,GCF_038022665.1,Methanolobus_sp._WCC4,0.460137975,0.389833711,0.070304264,0.003255964,0.020030234,0.113073223,4,-0.113073223
GCF_037338445.1,42.86,GCF_037338445.1,Salinibaculum_sp._SYNS191,0.666622749,0.626687021,0.039935729,0.002339307,-0.035540943,0.099141929,2,-0.099141929
GCF_037335815.1,41.56,GCF_037335815.1,Salinirubellus_sp._SYNS196,0.682491799,0.655651672,0.026840126,0.001746138,-0.024349609,0.075353518,2,-0.075353518
GCF_037914945.1,46.02,GCF_037914945.1,Haloterrigena_sp._KLK7,0.667711156,0.618476876,0.04923428,0.002667136,-0.035079829,0.108907468,2,-0.108907468
GCF_038446525.1,32.31,GCF_038446525.1,Methanolobus_sp._ZRKC5,0.417211497,0.360662958,0.056548539,0.002759877,0.007533611,0.08364636,4,-0.08364636
GCF_040435975.1,45.06,GCF_040435975.1,Halobacterium_sp._NMX12-1,0.678337224,0.647950141,0.030387082,0.001976401,-0.027363911,0.084024243,2,-0.084024243
GCF_041228365.1,61.12,GCF_041228365.1,Methanothermobacter_sp._KEPCO_2,0.505944754,0.426490439,0.079454316,0.00368234,-0.03768279,0.128741905,2,-0.128741905
GCF_041530035.1,44.92,GCF_041530035.1,Halomicrobium_sp._HM_KBTZ05,0.672820223,0.629421303,0.043398919,0.002380522,-0.029289551,0.099697693,2,-0.099697693